Code,Group,Family,Species,P50,KS,AL/ AS,D,WD,Height,?,MAT,MAP,VPD,MI,TS,PS,MTCM,PDM,Latitude,Longitude,References,Location,Country
510 ,Gym,Pinaceae,Abies alba,-3.71 ,,,20.43 ,0.46 ,30.00 ,3.283333341,9.55 ,707.00 ,0.562120773,0.9201,581.9455584,27.5665858,-3.023999929,37,45°43' N,3°3' E,"Cochard, 2006, Comptes Rendus Physique",Clermont-Ferrand,France
622 ,Gym,Pinaceae,Abies balsamea,,0.22 ,0.21 ,20.00 ,,2.00 ,2.700000028,7.41 ,1078.00 ,0.522142703,1.0586,1001.756858,9.327823257,-13.84799957,70,42°53' N,72°19' W,"Ewers & Zimmermann, 1984a, Physiologia Plantarum","Petersham, Massachusetts (MA)",USA
965 ,Gym,Pinaceae,Abies balsamea,-2.00 ,3.21 ,,28.98 ,0.45 ,1.50 ,3.24999998,2.61 ,486.00 ,0.38674552,0.6551,1095.909246,68.91351799,-20.4279995,15,53°25' N,113°45' W,"Hacke & Jansen, 2009, New Phytologist",25 km southwest of Edmonton,Canada
2055 ,Gym,Pinaceae,Abies concolor,-4.83 ,,,,,,3.424999972,6.06 ,533.00 ,1.047863447,0.6447,818.5884965,19.86002082,-11.52400017,29,40°48' N,111°46' W,"Sperry & Ikeda, 1997, Tree Physiology",Utah,USA
2540 ,Gym,Pinaceae,Abies fabri,,,0.63 ,,,,2.091666649,3.70 ,847.00 ,15.35548757,0.9333,618.9011041,93.37889157,-9.944000244,5,29°25'N,101°55'E,"Xu, 2020, New Phytologist",Sichuan province,China
2560 ,Gym,Pinaceae,Abies fabri,,,0.48 ,,,,2.299999972,0.78 ,828.00 ,15.35548757,0.9958,691.690106,92.74818783,-13.50800037,4,29°22'N,101°55'E,"Xu, 2020, New Phytologist",Sichuan province,China
2580 ,Gym,Pinaceae,Abies fabri,,,0.70 ,,,,2.458333294,0.75 ,846.00 ,38.61108759,1.0824,647.250795,90.57201924,-13,7,29°34'N,101°59'E,"Xu, 2020, New Phytologist",Sichuan province,China
2594 ,Gym,Pinaceae,Abies fabri,,,0.52 ,,,,2.324999978,0.75 ,846.00 ,38.61108759,1.0448,647.250795,90.57201924,-13,7,29°34'N,102°00'E,"Xu, 2020, New Phytologist",Sichuan province,China
2639 ,Gym,Pinaceae,Abies fabri,,,0.61 ,,,,2.074999998,3.00 ,858.00 ,6.066549556,0.9714,635.2643433,90.25313014,-10.72399998,8,29°35'N,102°02'E,"Xu, 2020, New Phytologist",Sichuan province,China
2519 ,Gym,Pinaceae,Abies forrestii,,,0.31 ,,,,2.433333337,5.86 ,847.00 ,15.35548757,1.0344,601.2807223,94.0150966,-7.832000256,5,29°27'N,101°53'E,"Xu, 2020, New Phytologist",Sichuan province,China
193 ,Gym,Pinaceae,Abies fraseri,-5.38 ,0.29 ,,,,,3.416666647,9.91 ,1306.00 ,0.53273008,1.3623,729.7813014,11.61978521,-6.15199995,87,36°06'N,81°58'W,"Berry, 2015, Tree Physiology",North Carolina,USA
119 ,Gym,Pinaceae,Abies grandis,-7.00 ,0.52 ,,,,,2.616666655,7.17 ,733.00 ,0.646922595,0.7616,736.4493701,36.03984239,-9.675999641,26,46°50? N,116°43' W,"Baker, 2019, AoB Plants","Princeton, Idaho",USA
348 ,Gym,Pinaceae,Abies grandis,,,0.51 ,,,,2.199999998,6.39 ,422.00 ,0.643275931,0.4711,796.629029,23.633778,-12.05200005,26,46°05'N,114°50'W,"Callaway, 2000, Ecosystems","90 km south of Missoula, Montana",USA
1576 ,Gym,Pinaceae,Abies grandis,-5.20 ,0.50 ,,14.80 ,0.54 ,,3.133333345,9.20 ,1966.00 ,0.525498726,2.8142,621.1864284,66.00855732,-5.840000153,26,45°49'N,121°57'W,"McCulloh, 2014, Plant, cell and Envirnoment",southern Washington,USA
349 ,Gym,Pinaceae,Abies lasiocarpa,,,0.75 ,,,,2.199999998,6.39 ,422.00 ,0.643275931,0.4711,796.629029,23.633778,-12.05200005,26,46°05'N,114°50'W,"Callaway, 2000, Ecosystems","90 km south of Missoula, Montana",USA
497 ,Gym,Pinaceae,Abies lasiocarpa,-3.62 ,,,16.54 ,0.49 ,20.00 ,2.633333365,3.81 ,375.00 ,0.581937043,0.5313,779.2544469,27.42118881,-14.01599979,22,46°38' N,114°35' W,"Cochard, 2006, Comptes Rendus Physique",Idaho,USA
1759 ,Gym,Pinaceae,Abies lasiocarpa,-3.34 ,0.32 ,0.50 ,,,,2.566666683,6.99 ,369.00 ,0.704702676,0.3601,865.4122486,25.45058358,-12.54800034,21,46°55' N,114°05' W,"Piñol & Sala, 2000, Functional Ecology","Missoula, MT",USA
1774 ,Gym,Pinaceae,Abies lasiocarpa,-4.70 ,0.56 ,,,0.47 ,,3.350000004,5.88 ,498.00 ,0.840504266,0.5747,838.6196384,17.792626,-13.65200043,29,40°46' N,111°35' W,"Pittermann, 2006a, 2006b",Utah,USA
2060 ,Gym,Pinaceae,Abies lasiocarpa,-3.18 ,,,,,,3.924999992,2.16 ,518.00 ,0.788358225,1.2058,755.3609116,9.35195921,-11.75599957,35,40°36' N,111°34' W,"Sperry & Sullivan, 1992, Plant Physiology",Utah,USA
2399 ,Gym,Pinaceae,Abies lasiocarpa,,0.13 ,0.21 ,,,,2.083333304,4.38 ,623.00 ,0.440778781,0.7914,893.3477051,24.3006326,-15.5880003,33,53°45' N,122°42' W,"Wang, 2005,  Can. J. For. Res.","Prince George, British Columbia",Canada
1213 ,Gym,Pinaceae,Abies pinsapo,-6.94 ,0.33 ,0.28 ,,,,3.116666655,17.17 ,776.00 ,0.899685359,0.8171,548.5400953,62.53383082,5.708000183,4,36°43' N,4°58' W,"Lechuga, 2019, Forests",Sierra de las Nieves National Park,Spain
1214 ,Gym,Pinaceae,Abies pinsapo,-5.73 ,0.19 ,0.28 ,,,,3.316666683,17.07 ,751.00 ,0.849968998,0.8415,554.7591493,61.45753672,5.587999821,4,36°41' N,5°01' W,"Lechuga, 2019, Forests",Sierra de las Nieves National Park,Spain
1709 ,Ang,Fabaceae,Acacia aneura,,,0.17 ,,0.75 ,,3.200000008,22.40 ,338.00 ,2.419061743,0.1728,580.5811051,76.96892369,6.308000088,5,22°20'S,133°19'E,"O'Grady, 2009, Oecologia",,Australian
1711 ,Ang,Fabaceae,Acacia aneura,,,0.15 ,,0.74 ,,3.12500002,23.21 ,277.00 ,2.526789455,0.1695,589.9941601,61.72656309,6.611999989,7,21°54'S,133°51'E,"O'Grady, 2009, Oecologia",,Australian
826 ,Ang,Fabaceae,Acacia colletioides,,,0.14 ,24.71 ,0.85 ,2.00 ,2.758333325,17.54 ,410.00 ,1.496945786,0.2873,613.9776951,14.54176838,1.675999999,26,32°58' S,146°10' E,"Gleason, 2012, Functional Ecology",,Australia
1807 ,Ang,Fabaceae,Acacia constricta,,2.71 ,,37.67 ,,,3.041666667,18.41 ,391.00 ,1.813401252,0.2265,703.9524282,77.36163668,-0.032000002,5,32°01' N,110°37' W,"Pockman & Sperry, 2000, American Journal of Botany","Pima County, Arizona",USA
810 ,Ang,Fabaceae,Acacia crassicarpa,,8.65 ,1.79 ,49.70 ,0.51 ,19.00 ,4.891666691,23.63 ,2084.00 ,0.865874479,1.3729,289.0695581,88.38712088,14.96000004,29,18°24' S,146°6' E,"Gleason, 2012, Functional Ecology",Queensland,Australia
592 ,Ang,Fabaceae,Acacia cyclops,-0.91 ,,,,,,5.316666683,17.87 ,895.00 ,NA,0.6646,378.3196176,84.7563848,8.527999878,12,32°90' S,115°69' E,"Drake, 2006,  PhD Thesis, Edith Cowan University, Perth.",Western Australia,Australia
832 ,Ang,Fabaceae,Acacia dealbata,,2.14 ,1.22 ,30.16 ,0.67 ,,4.083333333,10.05 ,640.00 ,0.468981124,0.5986,365.5327037,17.11005639,-0.815999985,37,42°23' S,147°03' E,"Gleason, 2012, Functional Ecology",Tasmanian Central Highland forests,Australia
847 ,Ang,Fabaceae,Acacia dealbata,,3.25 ,,42.46 ,0.45 ,8.00 ,5.108333309,10.74 ,951.00 ,0.428962839,1.0454,288.3112936,17.90963242,2.263999939,58,42°59' S,147°11' E,"Gleason, 2012, Functional Ecology",Tasmanian,Australia
811 ,Ang,Fabaceae,Acacia flavescens,,9.38 ,1.00 ,41.73 ,0.64 ,,4.891666691,23.63 ,2084.00 ,0.865874479,1.3729,289.0695581,88.38712088,14.96000004,29,18°24' S,146°6' E,"Gleason, 2012, Functional Ecology",Queensland,Australia
895 ,Ang,Fabaceae,Acacia flavescens,,5.78 ,0.70 ,28.80 ,0.76 ,15.00 ,3.433333337,20.90 ,1400.00 ,1.018901775,0.7223,326.6472719,92.01642804,9.711999893,18,18°18' S,145°30' E,"Gleason, 2012, Functional Ecology; Blackman, 2014, Annals of Botany; Blackman, 2018, Annals of Botany","Einasleigh, northern queensland",Australia
1153 ,Ang,Fabaceae,Acacia gerrardi,,0.59 ,,87.00 ,,4.00 ,3.016666691,19.72 ,692.00 ,0.900344312,0.4632,115.555556,73.90494713,12.73600006,11,1°19' S,36°55' E,"Kondoh, 2006, Tree Physiology","Tiva, Kitiui Prefecture",Kenya
1808 ,Ang,Fabaceae,Acacia greggii,-0.88 ,3.88 ,,36.96 ,,,3.041666667,18.41 ,391.00 ,1.813401252,0.2265,703.9524282,77.36163668,-0.032000002,5,32°01' N,110°37' W,"Pockman & Sperry, 2000, American Journal of Botany","Pima County, Arizona",USA
902 ,Ang,Fabaceae,Acacia havilandiorum,,0.86 ,0.14 ,28.41 ,0.91 ,4.00 ,2.758333325,17.54 ,410.00 ,1.496945786,0.2873,613.9776951,14.54176838,1.675999999,26,32°58' S,146°10' E,"Gleason, 2012, Functional Ecology; Blackman, 2014, Annals of Botany; Blackman, 2018, Annals of Botany",New South Wales,Australia
793 ,Ang,Fabaceae,Acacia holosericea,,4.10 ,0.88 ,46.45 ,0.58 ,2.50 ,2.391666681,26.83 ,687.00 ,2.472404017,0.3277,380.6304795,119.4832856,13.63599968,1,18°43' S,141°50' E,"Gleason, 2012, Functional Ecology",Carpentaria,Australia
869 ,Ang,Fabaceae,Acacia leptostachya,,0.28 ,0.42 ,32.44 ,0.71 ,1.50 ,3.433333337,20.90 ,1400.00 ,1.018901775,0.7223,326.6472719,92.01642804,9.711999893,18,18°18' S,145°30' E,"Gleason, 2012, Functional Ecology; Blackman, 2014, Annals of Botany","Einasleigh, northern queensland",Australia
812 ,Ang,Fabaceae,Acacia mangium,,3.48 ,0.82 ,39.73 ,0.40 ,25.00 ,4.891666691,23.63 ,2084.00 ,0.865874479,1.3729,289.0695581,88.38712088,14.96000004,29,18°24' S,146°6' E,"Gleason, 2012, Functional Ecology",Queensland,Australia
2022 ,Ang,Fabaceae,Acacia mearnsii,-5.07 ,,,,,,4.416666627,11.58 ,637.00 ,0.463877453,0.6769,324.0222485,15.33784133,2.171999931,35,42°03'S,147°57' E,"Smith-Martin, 2020, Fuctional Ecology; Skelton, 2017, New Phytologist",East coast of Tasmania,Australia
2821 ,Ang,Fabaceae,Acacia megaladena,-2.30 ,6.83 ,,,0.43 ,,1.225000004,20.88 ,1683.00 ,0.85605524,1.0122,338.2657063,78.45212263,10.92399979,17,21°36?N,101°35?E,"Zhang, 2019, Tree Physiology",Yunnan province,China
435 ,Ang,Fabaceae,Acacia obtusifolia,,1.12 ,0.28 ,,,,2.699999988,11.40 ,1076.00 ,0.615049716,0.8722,433.5529752,21.55849705,0.5,63,33°59'S,150°07'E,"Choat, 2011, New Phytologist",south-eastern Australia,Australia
863 ,Ang,Fabaceae,Acacia parvipinnula,,0.91 ,1.09 ,39.03 ,0.60 ,5.00 ,2.458333313,16.28 ,874.00 ,0.857961244,0.5743,450.6347406,33.16001174,4,38,32°47' S,150°55' E,"Gleason, 2012, Functional Ecology",Eastern Australia,Australia
848 ,Ang,Fabaceae,Acacia terminalis,,0.43 ,0.77 ,25.46 ,0.54 ,4.00 ,5.108333309,10.74 ,951.00 ,0.428962839,1.0454,288.3112936,17.90963242,2.263999939,58,42°59' S,147°11' E,"Gleason, 2012, Functional Ecology",Tasmanian,Australia
2753 ,Ang,Sapindaceae,Acer barbinerve,-2.23 ,0.99 ,,30.30 ,0.46 ,,1.833333333,3.27 ,661.00 ,0.432660541,0.8044,1257.058799,95.56655616,-21.12800026,5,42°24' N,128°28' E,"Yin, 2018, New Phytologist",Jilin province,China
2258 ,Ang,Sapindaceae,Acer buergerianum,,1.71 ,0.63 ,,0.51 ,,2.383333345,14.83 ,1141.00 ,0.681450467,1.1928,885.8909326,59.00553992,-2.440000057,20,31°48'N,114°04'E,"This study; Zhu, 2018, Tree Physiology",Henan province,China
1980 ,Ang,Sapindaceae,Acer campestre,-4.19 ,,,,0.60 ,,3.125,9.76 ,583.00 ,0.605816588,0.7281,745.6629679,28.56675466,-5.191999912,30,48°14'N,16°20'E,"Savi, 2019, Tree Physiology",Vienna,Austria
1997 ,Ang,Sapindaceae,Acer campestre,-5.40 ,0.86 ,0.68 ,29.02 ,0.57 ,17.82 ,3.649999996,9.01 ,680.00 ,0.445207985,0.9862,626.9841101,13.37793013,-4.268000126,44,51°34' N,9°57' E,"Schumann, 2019, Trees-Structure and Function",Göttingen,Germany
1266 ,Ang,Sapindaceae,Acer cordatum,,0.23 ,,,0.58 ,,2.383333345,16.19 ,1749.00 ,0.606894284,1.7554,831.410251,57.04453011,1.052000046,44,29°15' N,118°07' E,"Liu, 2016, Ecology",Zhejiang province,China
1158 ,Ang,Sapindaceae,Acer davidii,-4.01 ,0.64 ,,,0.50 ,,2.208333323,17.35 ,1684.00 ,0.676074042,1.5223,844.751388,58.67976924,1.547999978,45,29°05'N,117°55'E,"Kröber, 2014, PloS one",Jiangxi province,China
2761 ,Ang,Sapindaceae,Acer davidii,,,1.13 ,18.79 ,,,2.141666661,9.62 ,592.00 ,0.661215941,0.635,902.384731,79.18673104,-9.227999687,4,35°09'N,108°45'E,"Yin, 2019, Forests",Shaanxi Province,China
2581 ,Ang,Sapindaceae,Acer flabellatum,,,0.94 ,,,,2.458333294,0.75 ,846.00 ,38.61108759,1.0824,647.250795,90.57201924,-13,7,29°34'N,101°59'E,"Xu, 2020, New Phytologist",Sichuan province,China
2640 ,Ang,Sapindaceae,Acer flabellatum,,1.40 ,1.23 ,,0.46 ,,2.074999998,3.00 ,858.00 ,6.066549556,0.9714,635.2643433,90.25313014,-10.72399998,8,29°35'N,102°02'E,"Xu, 2020, New Phytologist",Sichuan province,China
1367 ,Ang,Sapindaceae,Acer ginnala,-2.76 ,3.90 ,0.42 ,33.00 ,0.46 ,6.00 ,1.833333333,3.27 ,661.00 ,0.432660541,0.8044,1257.058799,95.56655616,-21.12800026,5,42°24'N,128°29'E,"Liu, 2019, Science Advances; Yin, 2018, New Phytologist",Jilin Province,China
2762 ,Ang,Sapindaceae,Acer ginnala,,,0.44 ,17.03 ,,,2.141666661,9.62 ,592.00 ,0.661215941,0.635,902.384731,79.18673104,-9.227999687,4,35°09'N,108°45'E,"Yin, 2019, Forests",Shaanxi Province,China
470 ,Ang,Sapindaceae,Acer glabrum,-2.30 ,1.17 ,,,,7.00 ,3.525000056,4.62 ,515.00 ,0.788358225,0.7715,786.691472,14.51401487,-11.25199986,32,40°42' N,111°41' W,"Christman, 2009, New Phytologist","Millcreek Canyon, Utah",USA
12 ,Ang,Sapindaceae,Acer grandidentatum,-3.41 ,1.20 ,,19.60 ,,5.00 ,3.333333353,9.22 ,558.00 ,1.047863447,0.5793,899.1572254,27.39784947,-9.944000244,25,40°47´N,111°48´W,"Alder, 1996, Oecologia; Christman, 2009, New Phytologist","East of Salt Lake City, Utah",USA
2595 ,Ang,Sapindaceae,Acer kungshanense,,0.53 ,0.75 ,,0.46 ,,2.324999978,0.75 ,846.00 ,38.61108759,1.0448,647.250795,90.57201924,-13,7,29°34'N,102°00'E,"Xu, 2020, New Phytologist",Sichuan province,China
2520 ,Ang,Sapindaceae,Acer laxiflorum,,1.07 ,0.79 ,,0.49 ,,2.433333337,5.86 ,847.00 ,15.35548757,1.0344,601.2807223,94.0150966,-7.832000256,5,29°27'N,101°53'E,"Xu, 2020, New Phytologist",Sichuan province,China
2541 ,Ang,Sapindaceae,Acer laxiflorum,,0.50 ,1.08 ,,0.44 ,,2.091666649,3.70 ,847.00 ,15.35548757,0.9333,618.9011041,93.37889157,-9.944000244,5,29°25'N,101°55'E,"Xu, 2020, New Phytologist",Sichuan province,China
2561 ,Ang,Sapindaceae,Acer laxiflorum,,0.53 ,0.92 ,,0.41 ,,2.299999972,0.78 ,828.00 ,15.35548757,0.9958,691.690106,92.74818783,-13.50800037,4,29°22'N,101°55'E,"Xu, 2020, New Phytologist",Sichuan province,China
2596 ,Ang,Sapindaceae,Acer laxiflorum,,0.57 ,1.15 ,,0.50 ,,2.324999978,0.75 ,846.00 ,38.61108759,1.0448,647.250795,90.57201924,-13,7,29°34'N,102°00'E,"Xu, 2020, New Phytologist",Sichuan province,China
2641 ,Ang,Sapindaceae,Acer laxiflorum,,0.39 ,0.97 ,,0.43 ,,2.074999998,3.00 ,858.00 ,6.066549556,0.9714,635.2643433,90.25313014,-10.72399998,8,29°35'N,102°02'E,"Xu, 2020, New Phytologist",Sichuan province,China
2754 ,Ang,Sapindaceae,Acer mandshuricum,-3.17 ,1.94 ,,33.50 ,0.55 ,,1.833333333,3.27 ,661.00 ,0.432660541,0.8044,1257.058799,95.56655616,-21.12800026,5,42°24' N,128°28' E,"Yin, 2018, New Phytologist",Jilin province,China
1363 ,Ang,Sapindaceae,Acer mono,-2.74 ,2.57 ,1.11 ,29.10 ,0.55 ,7.97 ,1.833333333,3.27 ,661.00 ,0.432660541,0.8044,1257.058799,95.56655616,-21.12800026,5,42°24'N,128°29'E,"Liu, 2019, Science Advances; Yang, 2019, Tree Physiology; Yin, 2018, New Phytologist",Jilin Province,China
1526 ,Ang,Sapindaceae,Acer monspessulanum,-3.31 ,0.70 ,0.34 ,23.31 ,,8.00 ,3.466666679,12.32 ,601.00 ,0.758594782,0.6892,623.9790215,30.20544711,-1.419999957,19,41°13' N,0°55' E,"Martinez-Vilalta, 2002, Oecologia",Prades,Spain
1689 ,Ang,Sapindaceae,Acer monspessulanum,-3.40 ,,,17.30 ,0.54 ,,2.466666639,12.66 ,1268.00 ,NA,1.4257,671.2691649,21.22951887,-0.037500001,68,45°41'N,13°44'E,"Nardini, 2012, New Phytologist; Nardini, 2013, New Phytologist",Trieste province,Italy
1961 ,Ang,Sapindaceae,Acer monspessulanum,-4.78 ,,,,0.79 ,,2.224999984,13.22 ,1284.00 ,0.550608952,1.2953,680.3336276,20.82444629,0.263999999,70,45°38'N,13°48''E,"Savi, 2019, Tree Physiology",Trieste,Italy
471 ,Ang,Sapindaceae,Acer negundo,-2.00 ,1.32 ,,,,17.50 ,3.433333317,7.82 ,555.00 ,1.047863447,0.6604,868.2494278,25.28635586,-11.6079998,27,40°47' N,111°47' W,"Christman, 2009, New Phytologist; Umebayashi, 2019, Tree Physiology","East of Salt Lake City, Utah",USA
2083 ,Ang,Sapindaceae,Acer negundo,-2.16 ,,,,,,3.466666679,9.22 ,558.00 ,1.047863447,0.6533,899.1572254,27.39784947,-9.944000244,25,40°46'N,111°48'W,"Sperry, 2012, Plant, Cell and Environment",Salt Lake City,USA
2426 ,Ang,Sapindaceae,Acer negundo,-2.42 ,,,33.50 ,,,3.12499998,7.42 ,494.00 ,1.007528871,0.5303,842.2885333,18.36524204,-9.472000122,27,40°47' N,111°48' W,"Wheeler, 2005, Plant, Cell and Environment","East of Salt Lake City, Utah (UT)",USA
2445 ,Ang,Sapindaceae,Acer negundo,,8.56 ,0.81 ,,,,3.474999984,8.58 ,793.00 ,0.511422015,0.8262,1001.529457,26.31120843,-12.13199997,35,42°40' N,84°28' W,"Woodrum, 2003, American Journal of Botany","Ingham County, Michigan",USA
2446 ,Ang,Sapindaceae,Acer nigrum,,4.53 ,0.88 ,,,,3.474999984,8.58 ,793.00 ,0.511422015,0.8262,1001.529457,26.31120843,-12.13199997,35,42°40' N,84°28' W,"Woodrum, 2003, American Journal of Botany","Ingham County, Michigan",USA
2642 ,Ang,Sapindaceae,Acer oliverianum,,0.83 ,0.97 ,,0.41 ,,2.074999998,3.00 ,858.00 ,6.066549556,0.9714,635.2643433,90.25313014,-10.72399998,8,29°35'N,102°02'E,"Xu, 2020, New Phytologist",Sichuan province,China
2282 ,Ang,Sapindaceae,Acer opalus,-2.45 ,0.18 ,,,,5.00 ,2.608333309,12.29 ,949.00 ,0.560671453,0.9346,683.0007856,18.15370238,-2.072000027,60,45°12' N,5°44' E,"Tissier, 2004, Annals of Forest Science",La Bastille,France
399 ,Ang,Sapindaceae,Acer pictum subsp. mono,-3.02 ,1.27 ,0.65 ,26.80 ,0.61 ,,2.791666687,12.90 ,750.00 ,0.833278615,0.7018,1029.416139,109.3542796,-7.93599987,8,35°46'N,117°47'E,"Chen, 2019, 2020, 2021, Tree Physiology","Xintai, Shandong province",China
2469 ,Ang,Sapindaceae,Acer pictum subsp. mono,,,0.93 ,,,,2.391666641,2.43 ,759.00 ,0.389803522,0.8267,661.8772376,97.80626751,-11.29199982,2,29°33'N,101°23'E,"Xu, 2020, New Phytologist",Sichuan province,China
1998 ,Ang,Sapindaceae,Acer platanoides,-4.23 ,1.00 ,0.85 ,26.45 ,0.49 ,23.76 ,3.649999996,9.01 ,680.00 ,0.445207985,0.9862,626.9841101,13.37793013,-4.268000126,44,51°34' N,9°57' E,"Schumann, 2019, Trees-Structure and Function",Göttingen,Germany
1999 ,Ang,Sapindaceae,Acer pseudoplatanus,-3.15 ,1.42 ,0.69 ,28.13 ,0.47 ,21.70 ,3.649999996,9.01 ,680.00 ,0.445207985,0.9862,626.9841101,13.37793013,-4.268000126,44,51°34' N,9°57' E,"Schumann, 2019, Trees-Structure and Function",Göttingen,Germany
2755 ,Ang,Sapindaceae,Acer pseudo-sieboldianum,-2.54 ,1.86 ,,31.30 ,0.55 ,,1.833333333,3.27 ,661.00 ,0.432660541,0.8044,1257.058799,95.56655616,-21.12800026,5,42°24' N,128°28' E,"Yin, 2018, New Phytologist",Jilin province,China
1405 ,Ang,Sapindaceae,Acer rubrum,-1.97 ,0.55 ,0.49 ,24.49 ,0.51 ,,2.424999982,14.90 ,1150.00 ,0.80813385,0.9145,796.7224354,11.37109856,-2.828000069,79,36°01' N,78°59' W,"Maherali, 2006, Plant, Cell and Environment",North Carolina,USA
2447 ,Ang,Sapindaceae,Acer rubrum,,5.85 ,0.83 ,,,,3.474999984,8.58 ,793.00 ,0.511422015,0.8262,1001.529457,26.31120843,-12.13199997,35,42°40' N,84°28' W,"Woodrum, 2003, American Journal of Botany","Ingham County, Michigan",USA
1128 ,Ang,Sapindaceae,Acer rubrum ,-3.11 ,0.67 ,,,,9.80 ,2.408333331,14.83 ,1165.00 ,0.832321853,0.9181,793.5546533,10.60838144,-2.815999985,80,35°59' N,79°05' W,"Johnson, 2016, Tree physiology",North Carolina,USA
2448 ,Ang,Sapindaceae,Acer saccharinum,,4.69 ,0.59 ,,,,3.474999984,8.58 ,793.00 ,0.511422015,0.8262,1001.529457,26.31120843,-12.13199997,35,42°40' N,84°28' W,"Woodrum, 2003, American Journal of Botany","Ingham County, Michigan",USA
194 ,Ang,Sapindaceae,Acer saccharum,-6.04 ,0.56 ,,,,,3.416666647,9.91 ,1306.00 ,0.53273008,1.3623,729.7813014,11.61978521,-6.15199995,87,36°06'N,81°58'W,"Berry, 2015, Tree Physiology",North Carolina,USA
1625 ,Ang,Sapindaceae,Acer saccharum,-3.83 ,,,,,,4.266666691,9.72 ,1158.00 ,0.570794672,1.2041,905.124108,7.950597567,-8.904000282,86,42°17' N,71°08' W,"Melcher, 2003, Plant Physiology","Arnold Arboretum, Boston",USA
2315 ,Ang,Sapindaceae,Acer saccharum,-4.11 ,,,,,,3.908333321,5.81 ,1053.00 ,0.353096022,1.1155,1068.679117,16.85097041,-15.02799988,66,44°49' N,79°24' W,"Tyree & Dixon, 1986, Physiologia Plantarum","Snake Island, Ontario",Canada
2318 ,Ang,Sapindaceae,Acer saccharum,-2.99 ,,,,,,2.708333333,7.09 ,925.00 ,0.491363724,1.0113,1072.078103,25.36480448,-14.88000011,43,44°30' N,73°07' W,"Tyree, 1991, Plant Physiology","Essex Junction or Underhill Center, Vermont",USA
2449 ,Ang,Sapindaceae,Acer saccharum,,6.24 ,0.88 ,,,,3.474999984,8.58 ,793.00 ,0.511422015,0.8262,1001.529457,26.31120843,-12.13199997,35,42°40' N,84°28' W,"Woodrum, 2003, American Journal of Botany","Ingham County, Michigan",USA
2582 ,Ang,Sapindaceae,Acer stachyophyllum,,,0.88 ,,,,2.458333294,0.75 ,846.00 ,38.61108759,1.0824,647.250795,90.57201924,-13,7,29°34'N,101°59'E,"Xu, 2020, New Phytologist",Sichuan province,China
2756 ,Ang,Sapindaceae,Acer tegmentosum,-1.61 ,1.46 ,,30.00 ,0.39 ,,1.833333333,3.27 ,661.00 ,0.432660541,0.8044,1257.058799,95.56655616,-21.12800026,5,42°24' N,128°28' E,"Yin, 2018, New Phytologist",Jilin province,China
269 ,Gym,Podocarpaceae,Acmopyle pancheri,,0.33 ,0.50 ,,,,3.900000016,19.33 ,2351.00 ,0.718162138,1.9001,192.9429245,29.3970836,12.20800018,110,22°02' S,166°28' E,"Brodribb & Feild, 2000, Plant, Cell and Environment",New Caledonia,France (Overseas territories)
1484 ,Ang,Fabaceae,Acosmium cardenasii,-6.20 ,1.18 ,0.53 ,,0.51 ,,2.950000008,24.77 ,1143.00 ,0.998740338,0.6171,167.8732009,62.51391847,16.2159996,16,16°07' S,61°43' W,"Markesteijn et al, 2011a, 2011b","Near Conception, Santa Cruz",Bolivia
N20,Ang,Fabaceae,Acosmiun panamense,,,,,0.77 ,,3.533333381,26.60 ,1633.00 ,1.163631518,1.0017,80.14568299,93.82169736,21.43599892,2,10°43?31.39?N,85°35?46.99?W,"Vargas, 2021, New Phytologist",Horizontes,Costa Rica
2171 ,Ang,Rutaceae,Acronychia pedunculata,-1.86 ,1.33 ,0.59 ,,0.54 ,,1.87499999,20.60 ,1835.00 ,0.759396395,1.3895,565.6792834,66.92045161,8.623999596,37,23°10' N,112°32' E,"This study; Zhu, 2013, Plant, Cell & Environment",Guangdong Province,China
661 ,Ang,Lauraceae,Actinodaphne henryi,,,,106.20 ,0.71 ,9.43 ,1.266666651,21.56 ,1641.00 ,0.894353661,0.9726,335.0943307,76.6728934,11.23200035,16,21°41' N,101°25' E,"Fan, 2012, Journal of Ecology",Yunnan Province,China
1485 ,Ang,Euphorbiaceae,Actinostemon concepcionis,,0.55 ,0.45 ,,0.71 ,,2.950000008,24.77 ,1143.00 ,0.998740338,0.6171,167.8732009,62.51391847,16.2159996,16,16°07' S,61°43' W,"Markesteijn et al, 2011a, 2011b","Near Conception, Santa Cruz",Bolivia
1198 ,Gym,Cupressaceae,Actinostrobus acuminatus,-11.52 ,0.44 ,,10.86 ,0.68 ,,3.974999984,18.55 ,592.00 ,1.190667795,0.417,465.1591691,81.10745716,5.5,8,30°29'S,115°26'E,"Larter, 2017, New Phytologist",Western Australia,Australia
1199 ,Gym,Cupressaceae,Actinostrobus arenarius,-15.16 ,0.61 ,,10.26 ,0.69 ,,3.783333302,18.56 ,575.00 ,1.132058812,0.4039,501.4803934,79.9936387,4.915999889,8,30°52'S,115°44'E,"Larter, 2017, New Phytologist",Western Australia,Australia
1667 ,Gym,Cupressaceae,Actinostrobus arenarius,,0.41 ,0.01 ,7.35 ,1.17 ,,3.441666683,16.82 ,359.00 ,1.116587761,0.2473,521.4274796,49.21736532,2.692000151,11,32°19' S,117°52' E,"Mitchell, 2008, Oecologia",Western Australia,Australia
1200 ,Gym,Cupressaceae,Actinostrobus pyramidalis,-11.78 ,0.51 ,,9.26 ,0.58 ,,3.466666639,18.78 ,457.00 ,1.286124881,0.3131,527.0161248,70.00703189,4.035999775,10,30°37'S,115°56'E,"Larter, 2017, New Phytologist",Western Australia,Australia
370 ,Ang,Malvaceae,Adansonia rubrostipa,-1.10 ,,,49.00 ,0.41 ,,2.033333341,25.43 ,940.00 ,1.592592253,0.4734,234.5751295,123.3929182,13.53999996,1,20°27' S,44°49' E,"Chapotin, 2006, Plant Cell and Environment",Kirindy Forestry Reserve,Madagascar
371 ,Ang,Malvaceae,Adansonia za,-1.70 ,,,47.00 ,0.38 ,,2.033333341,25.43 ,940.00 ,1.592592253,0.4734,234.5751295,123.3929182,13.53999996,1,20°27' S,44°49' E,"Chapotin, 2006, Plant Cell and Environment",Kirindy Forestry Reserve,Madagascar
1039 ,Ang,Rosaceae,Adenostoma fasciculatum,-7.78 ,0.74 ,,24.34 ,0.78 ,2.60 ,3.674999992,16.29 ,426.00 ,1.125048534,0.4373,426.7080897,99.9189354,5.268000126,1,34°05' N,118°40' W,"Jacobsen, 2005, Plant Physiology; Jacobsen, 2007b, Plant, Cell and Environment; Jacobsen, 2007c, Ecological Monographs; Jacobsen, 2008, New Phytologist; Hacke, 2009, Plant, Cell and Environment; Redtfeldt & Davis, 1996, Ecoscience",Southern California,USA
1097 ,Ang,Rosaceae,Adenostoma fasciculatum,-3.77 ,0.49 ,,23.10 ,0.71 ,,3.416666627,14.47 ,374.00 ,1.453334251,0.2615,669.9579101,94.28395293,-0.555999994,2,34°40' N,118°26' W,"Jacobsen, 2016, Plant, Cell and Environment",California,USA
1747 ,Ang,Rosaceae,Adenostoma fasciculatum,-5.85 ,,,,,1.75 ,3.516666671,12.79 ,504.00 ,1.898801884,0.272,672.0120797,69.76744186,-2.676000118,3,33°35'N,116°27'W,"Paddock, 2013, Aliso",California,USA
1787 ,Ang,Rosaceae,Adenostoma fasciculatum,-4.11 ,0.56 ,0.10 ,,0.79 ,,2.800000012,17.37 ,335.00 ,1.184487994,0.2555,500.2328626,87.24346036,3.43599987,2,33°29' N,117°09' W,"Pivovaroff, 2014, New Phytologist",Southern California,USA
1805 ,Ang,Rosaceae,Adenostoma fasciculatum,-8.80 ,0.33 ,,,0.73 ,,3.408333321,13.31 ,597.00 ,1.317432595,0.4413,652.6266486,76.80421818,-1.980000019,3,33°21' N,116°34' W,"Pivovaroff, 2016, Oecologia",Southern California,USA
1899 ,Ang,Rosaceae,Adenostoma fasciculatum,-8.28 ,,,,,,3.566666702,16.15 ,341.00 ,0.682563246,0.3127,321.3511065,99.04029823,7.554166794,1,33°24'N,118°24'W,"Ramirez, 2020, Conservation Physiology",California,USA
1909 ,Ang,Rosaceae,Adenostoma fasciculatum,-10.90 ,,,,,,3.033333361,15.72 ,443.00 ,1.235994051,0.4577,514.632028,90.34097219,2.019999981,2,33°39'N,117°24'W,"Ramirez, 2020, Conservation Physiology",California,USA
1040 ,Ang,Rosaceae,Adenostoma sparsifolium,-4.91 ,1.64 ,0.35 ,23.35 ,0.63 ,5.40 ,3.674999992,16.29 ,426.00 ,1.125048534,0.4373,426.7080897,99.9189354,5.268000126,1,34°05' N,118°40' W,"Jacobsen, 2005, Plant Physiology; Jacobsen, 2007b, Plant, Cell and Environment; Jacobsen, 2007c, Ecological Monographs; Jacobsen, 2008, New Phytologist; Redtfeldt & Davis, 1996, Ecoscience",Southern California,USA
1748 ,Ang,Rosaceae,Adenostoma sparsifolium,-4.68 ,,,,,2.21 ,3.516666671,12.79 ,504.00 ,1.898801884,0.272,672.0120797,69.76744186,-2.676000118,3,33°35'N,116°27'W,"Paddock, 2013, Aliso",California,USA
333 ,Ang,Fabaceae,Adesmia boronioides,-4.43 ,0.23 ,0.08 ,8.60 ,0.68 ,0.90 ,6.283333381,9.38 ,136.00 ,0.64518605,0.1852,473.02423,46.29868929,-2.947999954,4,46°31' S,71°03' W,"Bucci, 2013, Plant, Cell & Environment? Bucci, 2009, Oecologia",northwest Santa Cruz,Argentina
1267 ,Ang,Theaceae,Adinandra milletii,,1.08 ,,,0.54 ,,2.383333345,16.19 ,1749.00 ,0.606894284,1.7554,831.410251,57.04453011,1.052000046,44,29°15' N,118°07' E,"Liu, 2016, Ecology",Zhejiang province,China
1714 ,Ang,Rutaceae,Adiscanthus fusciflorus,-1.08 ,,,,,,1.141666691,26.88 ,2216.00 ,0.839025411,1.3428,52.339996,49.8643603,22.24399948,59,03°08'S,59°53'W,"Oliveire, 2019, New Phytologist",Manaus,Brazil
1105 ,Ang,Aegiceras,Aegiceras corniculatum,-3.77 ,0.54 ,0.31 ,50.73 ,0.56 ,,2.833333353,22.64 ,2301.00 ,0.587819246,1.8989,541.3383096,89.03357105,11.68000031,33,21° 34? N,108° 08? E,"Jiang, 2017, Tree Physiology",Guangxi province,China
2936 ,Ang,Aegiceras,Aegiceras corniculatum,-3.77 ,,,,,,3.216666639,24.54 ,1745.00 ,0.697412468,1.3928,390.1725221,69.8213515,15.09599972,24,19°38'N,110°47'E,"Zhu, 2018, Tree Physiology",Hainan province,China
998 ,Ang,Verbenaceae,Aegiphila lhotzkiana,,6.17 ,0.67 ,,0.49 ,,1.816666663,20.44 ,1516.00 ,0.963975451,1.09,123.7480541,79.60995496,11.52799988,8,15°56' S,47°53' W,"Hao, 2008, Oecologia",35 km south of Brasilia,Brasil
999 ,Ang,Verbenaceae,Aegiphila sellowiana,,13.78 ,0.79 ,,0.41 ,,1.816666663,20.44 ,1516.00 ,0.963975451,1.09,123.7480541,79.60995496,11.52799988,8,15°56' S,47°53' W,"Hao, 2008, Oecologia",35 km south of Brasilia,Brasil
1691 ,Ang,Aextoxicaceae,Aextoxicon punctatum,,0.38 ,0.07 ,16.55 ,,,2.566666633,16.04 ,127.00 ,0.68568213,0.1067,304.3601693,124.5331845,6.93200016,0,30°40' S,71°30' W,"Negret, 2013, Oecologia",,Chile
1784 ,Gym,Araucariaceae,Agathis australis,-2.58 ,0.91 ,,13.00 ,0.59 ,,4.441666623,13.17 ,1816.00 ,0.441199441,2.1354,355.0855831,18.01984493,3.415999889,116,37°25' S,175°43' E,"Pittermann, 2006a, 2006b","Waikano, North Island",New Zealand
2322 ,Gym,Araucariaceae,Agathis borneeensis,-1.91 ,,,,,,1.808333327,27.33 ,3096.00 ,0.808628976,2.0808,45.1874726,24.42523653,22.56800079,192,4°34' N,114°25' E,"Tyree, 1998, Tree Physiology",Badas,Brunei
270 ,Gym,Araucariaceae,Agathis lanceolata,,0.95 ,0.38 ,,,,3.900000016,19.33 ,2351.00 ,0.718162138,1.9001,192.9429245,29.3970836,12.20800018,110,22°02' S,166°28' E,"Brodribb & Feild, 2000, Plant, Cell and Environment",New Caledonia,France (Overseas territories)
731 ,Gym,Araucariaceae,Agathis lanceolata,,0.27 ,0.50 ,,,,3.524999976,20.34 ,2080.00 ,0.718162138,1.4162,199.6488682,29.13938773,13.28800011,90,22°03'S,166°26'E,"Field, 2000, International Journal of Plant Sciences","Province Sud, New Caledonia",France (Overseas territories)
1780 ,Gym,Araucariaceae,Agathis ovata,-1.77 ,0.80 ,,17.20 ,0.56 ,,3.900000016,19.33 ,2351.00 ,0.718162138,1.9574,192.9429245,29.3970836,12.20800018,110,22°02' S,166°28' E,"Pittermann, 2006a, 2006b","New Caledonia, Provence Sud",France (Overseas territories)
2323 ,Ang,Meliaceae,Aglaia glabrata,-0.71 ,,,,,,1.808333327,27.33 ,3096.00 ,0.808628976,2.0808,45.1874726,24.42523653,22.56800079,192,4°34' N,114°25' E,"Tyree, 1998, Tree Physiology",Badas,Brunei
593 ,Ang,Myrtaceae,Agonis flexuosa,-2.36 ,,,,,,5.316666683,17.87 ,895.00 ,NA,0.6646,378.3196176,84.7563848,8.527999878,12,32°90' S,115°69' E,"Drake, 2006,  PhD Thesis, Edith Cowan University, Perth.",Western Australia,Australia
2227 ,Ang,Rubiaceae,Aidia canthioides,-1.71 ,0.45 ,1.25 ,,0.79 ,,1.87499999,20.60 ,1835.00 ,0.759396395,1.3895,565.6792834,66.92045161,8.623999596,37,23°10' N,112°32' E,"This study; Zhu, 2013, Plant, Cell & Environment; Zhu, 2019, Tree Physiology",Guangdong Province,China
400 ,Ang,Simaroubaceae,Ailanthus altissima,-3.50 ,5.28 ,0.26 ,69.20 ,0.69 ,,2.791666687,12.90 ,750.00 ,0.833278615,0.7018,1029.416139,109.3542796,-7.93599987,8,35°46'N,117°47'E,"Chen, 2019, 2020, 2021, Tree Physiology","Xintai, Shandong province",China
1159 ,Ang,Simaroubaceae,Ailanthus altissima,-1.14 ,0.60 ,,,0.25 ,,2.208333323,17.35 ,1684.00 ,0.676074042,1.5223,844.751388,58.67976924,1.547999978,45,29°05'N,117°55'E,"Kröber, 2014, PloS one",Jiangxi province,China
662 ,Ang,Simaroubaceae,Ailanthus fordii,,,,159.90 ,0.57 ,22.13 ,1.266666651,21.56 ,1641.00 ,0.894353661,0.9726,335.0943307,76.6728934,11.23200035,16,21°41' N,101°25' E,"Fan, 2012, Journal of Ecology",Yunnan Province,China
625 ,Ang,Cornaceae,Alangium chinense,-0.81 ,4.58 ,0.91 ,,,,1.533333331,17.19 ,1259.00 ,0.599097986,1.063,606.2322877,78.61021309,4.047999859,17,25°42' N,105°35' E,"Fan, 2011, Tree Physiology",Guizhou Province,China
657 ,Ang,Cornaceae,Alangium chinense,-1.08 ,7.52 ,1.24 ,,,,1.683333327,17.11 ,1321.00 ,0.531200841,1.1745,699.3437258,66.72986946,3.036000013,28,25°26' N,108°05' E,"Fan, 2011, Tree Physiology; Fan, 2018, Forest Ecosystems",Guizhou Province,China
2259 ,Ang,Cornaceae,Alangium chinense,,2.12 ,1.01 ,,0.53 ,,2.383333345,14.83 ,1141.00 ,0.681450467,1.1928,885.8909326,59.00553992,-2.440000057,20,31°48'N,114°04'E,"This study; Zhu, 2018, Tree Physiology",Henan province,China
2706 ,Ang,Alangiaceae,Alangium chinense,,,1.93 ,,,,1.524999996,12.54 ,926.00 ,6.066549556,0.8051,563.7753109,89.68643892,-1.220000029,9,29°39'N,102°08'E,"Xu, 2020, New Phytologist",Sichuan province,China
1251 ,Ang,Fabaceae,Albizia julibrissin,-0.89 ,,,,,,2.99999998,17.07 ,417.00 ,1.296086607,0.3235,471.5872751,94.41524756,3.832000017,1,34°08' N,118°17' W,"Litvak, 2012, Tree Physiology",Southern California,USA
3190 ,Ang,Fabaceae,Albizia julibrissin,,4.60 ,,,,,1.608333329,13.31 ,647.00 ,0.686999546,0.5277,948.9971862,72.73185173,-6.144000053,5,34°14´N,108°06´E,"???, 2012, ????",Shanxi province,China
1268 ,Ang,Fabaceae,Albizia kalkora,,4.08 ,,,0.51 ,,2.383333345,16.19 ,1749.00 ,0.606894284,1.7554,831.410251,57.04453011,1.052000046,44,29°15' N,118°07' E,"Liu, 2016, Ecology",Zhejiang province,China
663 ,Ang,Fabaceae,Albizia lucidior,,,,226.20 ,0.63 ,25.22 ,1.266666651,21.56 ,1641.00 ,0.894353661,0.9726,335.0943307,76.6728934,11.23200035,16,21°41' N,101°25' E,"Fan, 2012, Journal of Ecology",Yunnan Province,China
N21,Ang,Fabaceae,Albizia niopoides,,6.85 ,0.60 ,,0.68 ,,3.533333381,26.60 ,1633.00 ,1.163631518,1.0017,80.14568299,93.82169736,21.43599892,2,10°43?31.39?N,85°35?46.99?W,"Vargas, 2021, New Phytologist",Horizontes,Costa Rica
626 ,Ang,Euphorbiaceae ,Alchornea davidii,-0.55 ,3.25 ,1.29 ,,,,1.533333331,17.19 ,1259.00 ,0.599097986,1.063,606.2322877,78.61021309,4.047999859,17,25°42' N,105°35' E,"Fan, 2011, Tree Physiology",Guizhou Province,China
2179 ,Ang,Euphorbiaceae,Alchornea trewioides,-0.90 ,4.06 ,1.06 ,,0.49 ,2.00 ,1.87499999,20.60 ,1835.00 ,0.759396395,1.3895,565.6792834,66.92045161,8.623999596,37,23°10' N,112°32' E,"This study; Zhu, 2013, Plant, Cell & Environment; Zhu, 2018, Tree Physiology",Guangdong Province,China
3165 ,Ang,Euphorbiaceae,Alchornea trewioides,-2.23 ,,,,0.74 ,2.00 ,1.575000008,21.79 ,1244.00 ,0.682104923,0.9054,514.7271923,76.36396698,9.815999985,19,22°07'N,106°45'E,"???, 2019, ??????",Guangxi province,China
1650 ,Ang,Casuarinaceae,Allocasuarina campestris,-2.96 ,1.07 ,0.06 ,18.03 ,1.01 ,,3.441666683,16.82 ,359.00 ,1.116587761,0.2473,521.4274796,49.21736532,2.692000151,11,32°19' S,117°52' E,"Mitchell, 2008, Oecologia",Western Australia,Australia
887 ,Ang,Casuarinaceae,Allocasuarina littoralis,,2.63 ,0.54 ,26.20 ,0.65 ,,3.599999984,16.97 ,1253.00 ,0.716941494,1.0326,385.0362387,28.74867037,6.596000195,61,33°41' S,151°09' E,"Gleason, 2012, Functional Ecology; Blackman, 2014, Annals of Botany","New South Wales, Eastern Australia",Australia
436 ,Ang,Casuarinaceae,Allocasuarina littoralis ,,1.01 ,0.24 ,,,,2.699999988,11.40 ,1076.00 ,0.615049716,0.8722,433.5529752,21.55849705,0.5,63,33°59'S,150°07'E,"Choat, 2011, New Phytologist",south-eastern Australia,Australia
849 ,Ang,Casuarinaceae,Allocasuarina monilifera,,1.75 ,0.31 ,20.94 ,0.58 ,,5.108333309,10.74 ,951.00 ,0.428962839,1.0454,288.3112936,17.90963242,2.263999939,58,42°59' S,147°11' E,"Gleason, 2012, Functional Ecology",Tasmanian,Australia
813 ,Ang,Casuarinaceae,Allocasuarina torulosa,,2.27 ,0.47 ,26.83 ,0.62 ,15.00 ,4.891666691,23.63 ,2084.00 ,0.865874479,1.3729,289.0695581,88.38712088,14.96000004,29,18°24' S,146°6' E,"Gleason, 2012, Functional Ecology",Queensland,Australia
870 ,Ang,Casuarinaceae,Allocasuarina torulosa,,4.32 ,0.42 ,34.91 ,0.71 ,15.00 ,3.433333337,20.90 ,1400.00 ,1.018901775,0.7223,326.6472719,92.01642804,9.711999893,18,18°18' S,145°30' E,"Gleason, 2012, Functional Ecology; Blackman, 2014, Annals of Botany","Einasleigh, northern queensland",Australia
2023 ,Ang,Casuarinaceae,Allocasuarina verticillata,-7.98 ,,,,,,4.416666627,11.58 ,637.00 ,0.463877453,0.6769,324.0222485,15.33784133,2.171999931,35,42°03'S,147°57' E,"Smith-Martin, 2020, Fuctional Ecology; Skelton, 2017, New Phytologist",East coast of Tasmania,Australia
N22,Ang,Sapindaceae,Allophyllus occidentalis,,2.71 ,0.43 ,,0.55 ,,3.533333381,26.60 ,1633.00 ,1.163631518,1.0017,80.14568299,93.82169736,21.43599892,2,10°43?31.39?N,85°35?46.99?W,"Vargas, 2021, New Phytologist",Horizontes,Costa Rica
2822 ,Ang,Sapindaceae,Allophylus cobbe,-1.14 ,0.45 ,,,0.42 ,,1.225000004,20.88 ,1683.00 ,0.85605524,1.0122,338.2657063,78.45212263,10.92399979,17,21°36?N,101°35?E,"Zhang, 2019, Tree Physiology",Yunnan province,China
1160 ,Ang,Styracaceae,Alniphyllum fortunei,-3.72 ,2.82 ,,,0.42 ,,2.208333323,17.35 ,1684.00 ,0.676074042,1.5223,844.751388,58.67976924,1.547999978,45,29°05'N,117°55'E,"Kröber, 2014, PloS one",Jiangxi province,China
1269 ,Ang,Styracaceae,Alniphyllum fortunei,,1.56 ,,,0.36 ,,2.383333345,16.19 ,1749.00 ,0.606894284,1.7554,831.410251,57.04453011,1.052000046,44,29°15' N,118°07' E,"Liu, 2016, Ecology",Zhejiang province,China
2450 ,Ang,Betulaceae,Alnus cremastogyne,,4.95 ,0.66 ,,0.31 ,,2.308333327,5.61 ,751.00 ,2.957267348,0.6981,607.8590627,99.25253833,-9.423999786,2,29°23'N,101°01'E,"Xu, 2020, New Phytologist",Sichuan province,China
2707 ,Ang,Betulaceae,Alnus cremastogyne,,,0.79 ,,,,1.524999996,12.54 ,926.00 ,6.066549556,0.8051,563.7753109,89.68643892,-1.220000029,9,29°39'N,102°08'E,"Xu, 2020, New Phytologist",Sichuan province,China
2064 ,Ang,Betulaceae,Alnus crispa,-1.71 ,,,,,,2.524999996,-3.03 ,324.00 ,0.350134187,0.592,1273.345523,60.95255005,-26.93600082,10,65°06' N,146°46' W,"Sperry, 1994, Ecology",Alaska,USA
2681 ,Ang,Betulaceae,Alnus ferdinandi-coburgii,,2.90 ,0.55 ,,0.41 ,,1.649999996,12.79 ,928.00 ,6.066549556,0.8259,567.4750116,90.2711391,-1.203999996,9,29°39'N,102°06'E,"Xu, 2020, New Phytologist",Sichuan province,China
2067 ,Ang,Betulaceae,Alnus incana,-1.70 ,,,,,,3.424999972,6.06 ,533.00 ,1.047863447,0.6447,818.5884965,19.86002082,-11.52400017,29,40°48' N,111°46' W,"Sperry, 1994, Ecology",Utah,USA
1368 ,Ang,Betulaceae,Alnus japonica,-1.66 ,2.53 ,0.46 ,26.40 ,0.41 ,7.87 ,1.833333333,3.27 ,661.00 ,0.432660541,0.8044,1257.058799,95.56655616,-21.12800026,5,42°24'N,128°29'E,"Liu, 2019, Science Advances; Yin, 2018, New Phytologist",Jilin Province,China
2743 ,Ang,Betulaceae,Alnus japonica,,,,,0.38 ,,1.974999994,3.38 ,746.00 ,0.477410407,0.9118,1315.107456,97.50753008,-22.3920002,7,42°27´N,127°24´E,"Yang, 2020, Forests",Jilin Province,China
2744 ,Ang,Betulaceae,Alnus mandshurica,,,,,0.42 ,,1.974999994,3.38 ,746.00 ,0.477410407,0.9118,1315.107456,97.50753008,-22.3920002,7,42°27´N,127°24´E,"Yang, 2020, Forests",Jilin Province,China
260 ,Ang,Betulaceae,Alnus rubra,-2.54 ,,,,,,3.674999972,10.20 ,2164.00 ,0.363422897,2.7494,425.0683828,62.3945812,-0.164000005,37,46°10' N,123°32' W,"Bond&Kavanagh, 1999, Tree Physiology","Knappa/Astoria, Oregon",USA
1579 ,Ang,Betulaceae,Alnus rubra,-2.17 ,2.91 ,,35.69 ,0.19 ,,3.008333325,10.64 ,1702.00 ,0.555666844,1.6976,507.2504549,71.12042383,-1.952000022,19,44°38'N  ,123°18'W,"McCulloh, 2015, Tree Physiology","Corvallis, Oregon",USA
2400 ,Ang,Betulaceae,Alnus viridis subsp. sinuata,,0.34 ,0.28 ,,,,2.083333304,4.38 ,623.00 ,0.440778781,0.7914,893.3477051,24.3006326,-15.5880003,33,53°45' N,122°42' W,"Wang, 2005,  Can. J. For. Res.","Prince George, British Columbia",Canada
419 ,Ang,Rhamnaceae,Alphitonia excelsa,-5.56 ,4.89 ,0.46 ,47.80 ,0.67 ,5.00 ,2.575000028,23.31 ,714.00 ,1.144954991,0.4046,352.6396327,91.37235966,11.2159996,9,19°11' S,145°45' E,"Choat, 2003, 2005, 2006",Queensland,Australia
794 ,Ang,Rhamnaceae,Alphitonia excelsa,,2.82 ,,47.62 ,0.64 ,,2.391666681,26.83 ,687.00 ,2.472404017,0.3277,380.6304795,119.4832856,13.63599968,1,18°43' S,141°50' E,"Gleason, 2012, Functional Ecology",Carpentaria,Australia
814 ,Ang,Rhamnaceae,Alphitonia excelsa,,5.68 ,0.56 ,55.46 ,0.37 ,,4.891666691,23.63 ,2084.00 ,0.865874479,1.3729,289.0695581,88.38712088,14.96000004,29,18°24' S,146°6' E,"Gleason, 2012, Functional Ecology",Queensland,Australia
2283 ,Ang,Rhamnaceae,Alphitonia whitei,,,0.63 ,,,,4.408333341,21.18 ,2634.00 ,0.767544866,1.4659,264.3066765,71.70189156,12.47599983,49,17°07'S,145°37'E,"Togashi, 2015, Ecology and Evolution",Queensland,Australia
755 ,Ang,Annonaceae,Alphonsea mollis,-1.82 ,3.67 ,0.94 ,,0.58 ,,1.450000008,19.61 ,1575.00 ,0.7831742,1.2463,355.3021639,76.07293498,9.543999672,18,21°54' N,101°46' E,"Fu, 2012, Annals of Botany",Yunnan Province,China
2920 ,Ang,Annonaceae,Alphonsea monogyna,-1.90 ,3.47 ,0.89 ,,0.60 ,12.00 ,1.450000008,19.61 ,1575.00 ,0.7831742,1.2463,355.3021639,76.07293498,9.543999672,18,21°54'N,101°46'E,"Zhu, 2017, Tree Physiology; Tan, 2020, Agricultural and Forest Meteorology",Yunnan province,China
3000 ,Ang,Annonaceae,Alphonsea monogyna,-1.76 ,,,,,,1.225000014,22.42 ,1640.00 ,0.894353661,0.8598,350.4611648,75.65033519,11.8760004,18,21°55'N,101°16'E,"Zhu, 2018, Tree Physiology; Yan, 2020, Biology Letters",Yuanan province,China
664 ,Ang,Lauraceae,Alseodaphne andersonii,,,,121.00 ,0.57 ,8.01 ,1.266666651,21.56 ,1641.00 ,0.894353661,0.9726,335.0943307,76.6728934,11.23200035,16,21°41' N,101°25' E,"Fan, 2012, Journal of Ecology",Yunnan Province,China
2284 ,Ang,Apocynaceae,Alstonia muelleriana,,,1.00 ,,,19.00 ,4.408333341,21.18 ,2634.00 ,0.767544866,1.4659,264.3066765,71.70189156,12.47599983,49,17°07'S,145°37'E,"Togashi, 2015, Ecology and Evolution",Queensland,Australia
665 ,Ang,Apocynaceae,Alstonia rostrata,,,,107.80 ,0.53 ,15.10 ,1.266666651,21.56 ,1641.00 ,0.894353661,0.9726,335.0943307,76.6728934,11.23200035,16,21°41' N,101°25' E,"Fan, 2012, Journal of Ecology",Yunnan Province,China
729 ,Ang,Amborellaceae,Amborella trichopoda,,0.54 ,0.43 ,,,,3.591666698,21.23 ,2181.00 ,0.757955855,1.3547,196.3120231,42.95976722,14.13199997,80,21°11' S,165°18' E,"Feild, 2001, International Journal of Plant Sciences","Province Nord, New Caledonia",France (Overseas territories)
990 ,Ang,Amborellaceae,Amborella trichopoda,-3.00 ,,,16.32 ,,,3.758333405,20.91 ,2034.00 ,0.741788052,1.3288,202.08654,35.17506099,13.80000019,84,21°37' S,165°52' E,"Hacke, 2007, International Journal of Plant Sciences","Sarramea, New Caledonia",France (Overseas territories)
2302 ,Ang,Amborellaceae,Amborella trichopoda,-2.70 ,0.44 ,,,0.51 ,,3.608333329,21.34 ,2196.00 ,0.757955855,1.3226,202.1689634,41.42832963,14.01599979,78,21° 10' S,165° 15' E,"Trueba, 2017, Plant, Cell and Environment; Trueba, 2019, Journal of Experimental Botany",New Caledonia,France (Overseas territories)
1072 ,Ang,Amborellaceae,Ambrosia dumosa,-0.89 ,0.65 ,,28.54 ,0.71 ,0.38 ,3.841666718,17.80 ,125.00 ,1.931995772,0.0829,770.9042762,72.94623604,0.100000001,1,35°20' N,117°59' W,"Jacobsen, 2007b, Plant, Cell and Environment; Jacobsen, 2008, New Phytologist; Hacke, 2009, Plant, Cell and Environment",Southern California,USA
1225 ,Ang,Fabaceae,Amburana cearensis,-2.42 ,,,,0.46 ,,1.950000008,26.56 ,879.00 ,1.02707824,0.5112,59.08015702,114.9634108,20.78000069,2,3°47'S,39°16'W,"Lima, 2018, New Phytologist",northeastern Brazil,Brazil
2401 ,Ang,Rosaceae,Amelanchier alnifolia,,1.41 ,0.38 ,,,,2.083333304,4.38 ,623.00 ,0.440778781,0.7914,893.3477051,24.3006326,-15.5880003,33,53°45' N,122°42' W,"Wang, 2005,  Can. J. For. Res.","Prince George, British Columbia",Canada
2414 ,Ang,Rosaceae,Amelanchier alnifolia,-4.37 ,,,21.20 ,,,3.12499998,7.42 ,494.00 ,1.007528871,0.5303,842.2885333,18.36524204,-9.472000122,27,40°15' N,111°37' W,"Wheeler, 2005, Plant, Cell and Environment","Salt Lake City, Utah (UT)",USA
483 ,Ang,Rosaceae,Amelanchier ovalis,-6.70 ,,,,,,2.699999988,11.29 ,598.00 ,0.592509912,0.6645,603.3775522,38.21785488,-2.052000046,27,45°47' N,3°09' E,"Cochard, 2005, Cochard, Physiologia Plantarum",Clermont-Ferrand,France
1697 ,Ang,Rosaceae,Amelanchier ovalis,-5.45 ,,,,,,1.599999984,8.57 ,979.00 ,0.366518153,1.0239,674.2515165,40.48312633,-5.248000145,46,47°16' N,11°24' E,"Nolf, 2015b, New Phytologist",Innsbruck,Austria
2415 ,Ang,Rosaceae,Amelanchier utahensis,-6.55 ,,,20.20 ,,,3.12499998,7.42 ,494.00 ,1.007528871,0.5303,842.2885333,18.36524204,-9.472000122,27,40°15' N,111°37' W,"Wheeler, 2005, Plant, Cell and Environment","Salt Lake City, Utah (UT)",USA
2843 ,Ang,Sapindaceae,Amesiodendron chinense,-1.31 ,3.08 ,0.97 ,,0.64 ,,1.575000008,21.79 ,1244.00 ,0.682104923,0.9054,514.7271923,76.36396698,9.815999985,19,22°07'N,106°45'E,"Zhang, 2021, Functional Ecology",Guangxi province,China
3166 ,Ang,Sapindaceae,Amesiodendron integrifoliolatum,-1.31 ,,,,0.60 ,,1.575000008,21.79 ,1244.00 ,0.682104923,0.9054,514.7271923,76.36396698,9.815999985,19,22°07'N,106°45'E,"???, 2019, ??????",Guangxi province,China
1486 ,Ang,Ulmaceae,Ampelocera ruizii,,3.60 ,1.01 ,,0.55 ,,2.950000008,24.77 ,1143.00 ,0.998740338,0.6171,167.8732009,62.51391847,16.2159996,16,16°07' S,61°43' W,"Markesteijn et al, 2011a, 2011b","Near Conception, Santa Cruz",Bolivia
1601 ,Ang,Bignoniaceae,Amphilophium crucigerum,-0.99 ,8.87 ,0.91 ,,0.60 ,,1.916666647,26.94 ,2169.00 ,0.756386424,1.2534,65.14634424,68.85282668,22.84545517,16,9°00'N,79°33'W,"Medina-Vega, 2021, Journal of Ecology",near Panama City,Panama
1627 ,Ang,Anacardiaceae,Amphipterygium adstringens,,5.36 ,,61.89 ,0.48 ,,2.533333361,25.07 ,999.00 ,NA,0.4434,207.0734595,111.2129666,17.13199997,2,19°29'N,105°02'W,"Mendez-Alonzo, 2013, Trees-Strucyture and Function",the Pacific coast of Jalisco,Mexico
149 ,Ang,Violaceae,Amphyrrhox longifolia,-2.28 ,,,,,,1.341666689,26.36 ,1934.00 ,0.636951369,1.3225,59.60847558,71.64908622,21.23999977,32,2°31'S,54°35'W,"Barros, 2019, New Phytologist","Manaus, Amazonas",Brazil
401 ,Ang,Rosaceae,Amygdalus davidiana,-3.28 ,1.24 ,0.43 ,19.70 ,0.73 ,,2.791666687,12.90 ,750.00 ,0.833278615,0.7018,1029.416139,109.3542796,-7.93599987,8,35°46'N,117°47'E,"Chen, 2019, 2020, 2021, Tree Physiology","Xintai, Shandong province",China
2763 ,Ang,Rosaceae,Amygdalus davidiana,,,0.71 ,18.32 ,,,2.141666661,9.62 ,592.00 ,0.661215941,0.635,902.384731,79.18673104,-9.227999687,4,35°09'N,108°45'E,"Yin, 2019, Forests",Shaanxi Province,China
3138 ,Ang,Rosaceae,Amygdalus davidiana,-2.57 ,1.52 ,0.61 ,39.80 ,0.60 ,,2.266666661,9.30 ,519.00 ,0.702280034,0.5251,959.9457379,88.82626146,-10.55999947,2,35°58'N,110°05'E,"???, 2010, ????; ???, 2010, ????????",Shanxi province,China
N1,Ang,Rutaceae,Amyris elemifera,,0.20 ,2.55 ,,0.90 ,,3.99999994,26.07 ,939.00 ,NA,0.7402,130.6923339,58.51883815,19.67916679,26,17°58?2.17?N,66°53?17.54?W,"Vargas, 2021, New Phytologist",Guanica,Puerto Rico
2336 ,Ang,Thymelaeaceae,Amyxa pluricornis,-0.63 ,,,,,,1.99999999,27.24 ,3207.00 ,0.836012663,2.0385,46.08495796,23.65472986,22.54400063,198,4°40' N,114°31' E,"Tyree, 1998, Tree Physiology",Andalau,Brunei
1602 ,Ang,Anacardiaceae,Anacardium excelsum,-1.74 ,7.59 ,0.38 ,,0.38 ,,1.916666647,26.94 ,2169.00 ,0.756386424,1.2534,65.14634424,68.85282668,22.84545517,16,9°00'N,79°33'W,"Medina-Vega, 2021, Journal of Ecology",near Panama City,Panama
1617 ,Ang,Anacardiaceae,Anacardium excelsum,-1.31 ,0.68 ,0.22 ,61.36 ,0.40 ,4.00 ,1.608333349,26.51 ,2440.00 ,0.651162324,1.8755,63.25839735,64.44993932,22.71999931,16,9°10' N,79°51' W,"Meinzer, 2003, Plant Cell and Environment; McCulloh, 2012, Plant, cell and Envirnoment; Johnson, 2013, American Journal of Botany",the edge of Panama City,Panama
1226 ,Ang,Fabaceae,Anadenanthera colubrina,-4.22 ,,,,0.61 ,,1.950000008,26.56 ,879.00 ,1.02707824,0.5112,59.08015702,114.9634108,20.78000069,2,3°47'S,39°16'W,"Lima, 2018, New Phytologist",northeastern Brazil,Brazil
1487 ,Ang,Fabaceae,Anadenanthera colubrina,-5.70 ,2.63 ,0.63 ,,0.50 ,,2.950000008,24.77 ,1143.00 ,0.998740338,0.6171,167.8732009,62.51391847,16.2159996,16,16°07' S,61°43' W,"Markesteijn et al, 2011a, 2011b","Near Conception, Santa Cruz",Bolivia
2126 ,Ang,Myrtaceae,Angophora bakeri,,1.05 ,0.46 ,,,,2.783333341,17.33 ,854.00 ,0.827407817,0.6594,464.9245391,32.79564008,4.119999886,39,33°39'S,150°47'E,"Taylor & Eamus, 2008, Tree Physiology",,Australia
908 ,Ang,Myrtaceae,Angophora costata,,1.76 ,0.66 ,28.82 ,0.60 ,,2.458333313,16.28 ,874.00 ,0.857961244,0.5743,450.6347406,33.16001174,4,38,32°47' S,150°55' E,"Gleason, 2012, Functional Ecology; Blackman, 2014, Annals of Botany; Blackman, 2018, Annals of Botany","New South Wales, Eastern Australia",Australia
2130 ,Ang,Myrtaceae,Angophora costata,,1.36 ,0.48 ,,,,3.149999996,16.88 ,1116.00 ,0.71379885,1.0074,394.1865914,31.70465894,6.052000046,53,33°11'S,151°19'E,"Taylor & Eamus, 2008, Tree Physiology",,Australia
1566 ,Ang,Myrtaceae,Angophora hispida,,10.65 ,0.49 ,,,,2.916666706,16.40 ,1050.00 ,0.763159345,0.8628,403.0461791,33.65259347,5.231999874,46,33°10'S,151°10'E,"McClenahan, 2004, Australlan Journal of Botany",Sydney,Australia
1569 ,Ang,Myrtaceae,Angophora hispida,,19.30 ,0.40 ,,,,3.699999988,17.02 ,1295.00 ,0.716941494,1.0049,378.4709797,28.72733402,6.875999928,63,33°40'S,151°10'E,"McClenahan, 2004, Australlan Journal of Botany",Sydney,Australia
2128 ,Ang,Myrtaceae,Angophora hispida,,1.51 ,0.79 ,,,,3.941666683,16.87 ,1210.00 ,0.688646221,1.197,368.5565893,24.73254494,6.984000206,63,34°06'S,151°03'E,"Taylor & Eamus, 2008, Tree Physiology",,Australia
3116 ,Ang,Annonaceae,Annona glabra,,9.10 ,0.29 ,,0.51 ,,1.608333349,26.51 ,2440.00 ,0.651162324,1.8755,63.25839735,64.44993932,22.71999931,16,9°10' N,79°51' W,"Zotz, 1997, Tree Physiology",Barro Colorado Island (BCI),Panama
N95,Ang,Annonaceae,Annona reticulata,,,,,0.50 ,,3.533333381,26.60 ,1633.00 ,1.163631518,1.0017,80.14568299,93.82169736,21.43599892,2,10°43?31.39?N,85°35?46.99?W,"Vargas, 2021, New Phytologist",Santa Rosa,Costa Rica
1603 ,Ang,Annonaceae,Annona spraguei,-0.84 ,4.30 ,0.14 ,,0.31 ,,1.916666647,26.94 ,2169.00 ,0.756386424,1.2534,65.14634424,68.85282668,22.84545517,16,9°00'N,79°33'W,"Medina-Vega, 2021, Journal of Ecology",near Panama City,Panama
1644 ,Ang,Fabaceae,Anthyllis cytisoides,-1.79 ,0.07 ,0.20 ,,,,3.416666687,16.76 ,268.00 ,0.920882824,0.267,590.3075718,50.05748087,3.351999998,2,37°01' N,2°25' W,"Miranda, 2010, Functional Plant Biology","Tamernas, Almeria Province",Spain
666 ,Ang,Moraceae,Antiaris toxicaria,,,,136.80 ,0.40 ,14.40 ,1.266666651,21.56 ,1641.00 ,0.894353661,0.9726,335.0943307,76.6728934,11.23200035,16,21°41' N,101°25' E,"Fan, 2012, Journal of Ecology",Yunnan Province,China
2180 ,Ang,Phyllanthaceae,Antidesma bunius,-1.69 ,0.75 ,0.34 ,,0.60 ,8.00 ,1.87499999,20.60 ,1835.00 ,0.759396395,1.3895,565.6792834,66.92045161,8.623999596,37,23°10' N,112°32' E,"This study; Zhu, 2013, Plant, Cell & Environment; Zhu, 2018, Tree Physiology",Guangdong Province,China
833 ,Ang,Fabaceae,Aotus ericoides,,0.35 ,0.14 ,27.00 ,0.83 ,1.00 ,4.083333333,10.05 ,640.00 ,0.468981124,0.5986,365.5327037,17.11005639,-0.815999985,37,42°23' S,147°03' E,"Gleason, 2012, Functional Ecology",Tasmanian Central Highland forests,Australia
850 ,Ang,Fabaceae,Aotus ericoides,,1.30 ,0.29 ,21.27 ,0.68 ,1.50 ,5.108333309,10.74 ,951.00 ,0.428962839,1.0454,288.3112936,17.90963242,2.263999939,58,42°59' S,147°11' E,"Gleason, 2012, Functional Ecology",Tasmanian,Australia
1604 ,Ang,Malvaceae,Apeiba glabra,-0.88 ,5.09 ,0.09 ,,0.37 ,,1.916666647,26.94 ,2169.00 ,0.756386424,1.2534,65.14634424,68.85282668,22.84545517,16,9°00'N,79°33'W,"Medina-Vega, 2021, Journal of Ecology",near Panama City,Panama
545 ,Ang,Malvaceae,Apeiba membranacea,-2.03 ,1.58 ,,,0.33 ,,1.974999984,26.20 ,2501.00 ,0.620433427,2.4056,55.1326178,61.10977054,22.31999969,24,9°17' N,79°58' W,"De Guzman, 2020, Tree Physiology",near the Caribbean coast of Panama,Panama
3167 ,Ang,Ulmaceae,Aphananthe aspera,-0.91 ,,,,0.68 ,,1.575000008,21.79 ,1244.00 ,0.682104923,0.9054,514.7271923,76.36396698,9.815999985,19,22°07'N,106°45'E,"???, 2019, ??????",Guangxi province,China
1628 ,Ang,Fabaceae,Apoplanesia paniculata,,2.91 ,,60.11 ,0.56 ,,2.533333361,25.07 ,999.00 ,NA,0.4434,207.0734595,111.2129666,17.13199997,2,19°29'N,105°02'W,"Mendez-Alonzo, 2013, Trees-Strucyture and Function",the Pacific coast of Jalisco,Mexico
2228 ,Ang,Phyllanthaceae,Aporosa yunnanensis,-2.96 ,0.71 ,0.61 ,,0.57 ,7.00 ,1.87499999,20.60 ,1835.00 ,0.759396395,1.3895,565.6792834,66.92045161,8.623999596,37,23°10' N,112°32' E,"This study; Zhu, 2013, Plant, Cell & Environment; Zhu, 2019, Tree Physiology",Guangdong Province,China
2260 ,Ang,Aralia,Aralia chinensis,,0.77 ,1.07 ,,0.50 ,,2.383333345,14.83 ,1141.00 ,0.681450467,1.1928,885.8909326,59.00553992,-2.440000057,20,31°48'N,114°04'E,"This study; Zhu, 2018, Tree Physiology",Henan province,China
1326 ,Gym,Araucariaceae,Araucaria angustifolia,-2.91 ,0.57 ,0.18 ,,0.55 ,17.90 ,2.366666635,20.36 ,1765.00 ,0.818603122,1.0864,359.0264792,17.9971639,9.279999733,110,25°37'S,54°20'W,"Liu, 2019, Science Advances",northern Argentina,Argentina 
1778 ,Gym,Araucariaceae,Araucaria columnaris,-3.30 ,,,,,,3.833333353,20.34 ,2080.00 ,0.718162138,1.726,199.6488682,29.13938773,13.28800011,90,22°05' S,166°26' E,"Pittermann, 2006a, 2006b","New Caledonia, Provence Sud",France (Overseas territories)
507 ,Gym,Araucariaceae,Araucaria hunsteinii,-4.07 ,,,,0.57 ,30.00 ,2.433333377,25.85 ,2349.00 ,0.61832055,1.9144,44.48475966,44.93013788,21.22500038,72,5°11' N,52°41' W,"Cochard, 2006, Comptes Rendus Physique",Kourou,Guyane Française
1779 ,Gym,Araucariaceae,Araucaria laubenfelsii,-2.40 ,0.27 ,,11.50 ,0.80 ,,3.833333353,20.34 ,2080.00 ,0.718162138,1.726,199.6488682,29.13938773,13.28800011,90,22°05' S,166°26' E,"Pittermann, 2006a, 2006b","New Caledonia, Provence Sud",France (Overseas territories)
368 ,Ang,Ericaceae,Arbutus menziesii,-3.00 ,2.06 ,2.76 ,20.96 ,,,3.708333353,13.94 ,814.00 ,0.715008,0.791,324.3947169,94.00605383,3.691999912,3,37°01'N,122°04'W,"Chacon, 2020, Plos One",California,USA
1015 ,Ang,Ericaceae,Arbutus unedo,,,,18.17 ,,,3.800000012,20.31 ,122.00 ,1.487184874,0.0941,555.9145618,113.3935517,5.384000301,0,30°39' N,20°18' E,"Iovi, 2009, Tree Physiology",Epirus region,Greece
1527 ,Ang,Ericaceae,Arbutus unedo,-3.09 ,0.54 ,0.20 ,18.32 ,,6.00 ,3.466666679,12.32 ,601.00 ,0.758594782,0.6892,623.9790215,30.20544711,-1.419999957,19,41°13' N,0°55' E,"Martinez-Vilalta, 2002, Oecologia",Prades,Spain
2293 ,Ang,Ericaceae,Arbutus unedo,-2.00 ,0.53 ,,,,,1.724999974,13.87 ,723.00 ,0.713035551,0.7475,667.3842169,29.8469586,-0.376000017,28,43°17' N,11°35' E,"Tognetti, 1999, Tree Physiology",Siena,Italy
2948 ,Ang,Fabaceae,Archidendron clypearia,-1.99 ,,,,,,1.866666645,20.60 ,1835.00 ,0.759396395,1.4258,565.6792834,66.92045161,8.623999596,37,23°10'N,112°31'E,"Zhu, 2018, Tree Physiology",Guangdong Province,China
2949 ,Ang,Fabaceae,Archidendron lucidum,-1.65 ,,,,,,1.866666645,20.60 ,1835.00 ,0.759396395,1.4258,565.6792834,66.92045161,8.623999596,37,23°10'N,112°31'E,"Zhu, 2018, Tree Physiology",Guangdong Province,China
795 ,Ang,Fabaceae,Archidendropsis basaltica,,4.26 ,0.69 ,35.30 ,0.74 ,,2.391666681,26.83 ,687.00 ,2.472404017,0.3277,380.6304795,119.4832856,13.63599968,1,18°43' S,141°50' E,"Gleason, 2012, Functional Ecology",Carpentaria,Australia
1900 ,Ang,Ericaceae,Arctostaphylos catalinae,-5.23 ,,,,,,3.566666702,16.15 ,341.00 ,0.682563246,0.3127,321.3511065,99.04029823,7.554166794,1,33°24'N,118°24'W,"Ramirez, 2020, Conservation Physiology",California,USA
1028 ,Ang,Ericaceae,Arctostaphylos custracea,-6.56 ,0.56 ,,,,,3.583333353,13.98 ,539.00 ,0.794295423,0.432,284.5162296,91.44864262,2.703999996,2,36°51''N,121°43'W,"Jacobsen & Pratt, 2013, Oecologia",California,USA
1033 ,Ang,Ericaceae,Arctostaphylos custracea,-5.52 ,0.66 ,,,,,2.791666667,13.36 ,643.00 ,0.936259441,0.4717,471.4965888,89.59392811,0.508000016,2,36°43'N,121°27'W,"Jacobsen & Pratt, 2013, Oecologia",California,USA
1034 ,Ang,Ericaceae,Arctostaphylos gabilaensis,-7.27 ,0.52 ,,,,,2.791666667,13.36 ,643.00 ,0.936259441,0.4717,471.4965888,89.59392811,0.508000016,2,36°43'N,121°27'W,"Jacobsen & Pratt, 2013, Oecologia",California,USA
199 ,Ang,Ericaceae,Arctostaphylos glandulosa,-4.70 ,0.76 ,0.43 ,,,,3.62500002,15.59 ,480.00 ,0.788134638,0.5247,338.7349418,98.72914819,5.920000076,0,34°30' N,119°49' W,"Bhaskar, 2007, New Phytologist","Santa Barbara, California",USA
1031 ,Ang,Ericaceae,Arctostaphylos glandulosa,-5.56 ,0.24 ,,,,,3.37500004,11.53 ,884.00 ,0.824465201,0.5044,426.5793768,91.11498672,0.356000006,3,36°07'N,121°28'W,"Jacobsen & Pratt, 2013, Oecologia",California,USA
1059 ,Ang,Ericaceae,Arctostaphylos glandulosa,-4.80 ,1.16 ,,26.23 ,0.66 ,2.00 ,3.674999992,16.29 ,426.00 ,1.125048534,0.4373,426.7080897,99.9189354,5.268000126,1,34°05' N,118°40' W,"Jacobsen, 2007b, Plant, Cell and Environment; Jacobsen, 2007c, Ecological Monographs; Jacobsen, 2008, New Phytologist; Hacke, 2009, Plant, Cell and Environment",Southern California,USA
1098 ,Ang,Ericaceae,Arctostaphylos glandulosa,-4.64 ,0.47 ,,24.70 ,0.63 ,,3.416666627,14.47 ,374.00 ,1.453334251,0.2615,669.9579101,94.28395293,-0.555999994,2,34°40' N,118°26' W,"Jacobsen, 2016, Plant, Cell and Environment",California,USA
1032 ,Ang,Ericaceae,Arctostaphylos glauca,-7.36 ,0.33 ,,,,,3.37500004,11.53 ,884.00 ,0.824465201,0.5044,426.5793768,91.11498672,0.356000006,3,36°07'N,121°28'W,"Jacobsen & Pratt, 2013, Oecologia",California,USA
1080 ,Ang,Ericaceae,Arctostaphylos glauca,-4.67 ,1.03 ,,26.60 ,0.65 ,,3.633333345,16.29 ,426.00 ,1.125048534,0.4043,426.7080897,99.9189354,5.268000126,1,34°06' N,118°39' W,"Jacobsen, 2007c, Ecological Monographs",Southern California,USA
1749 ,Ang,Ericaceae,Arctostaphylos glauca,-9.22 ,,,,,1.29 ,3.516666671,12.79 ,504.00 ,1.898801884,0.272,672.0120797,69.76744186,-2.676000118,3,33°35'N,116°27'W,"Paddock, 2013, Aliso",California,USA
1910 ,Ang,Ericaceae,Arctostaphylos glauca,-5.76 ,,,,,,3.033333361,15.72 ,443.00 ,1.235994051,0.4577,514.632028,90.34097219,2.019999981,2,33°39'N,117°24'W,"Ramirez, 2020, Conservation Physiology",California,USA
1029 ,Ang,Ericaceae,Arctostaphylos hookeri,-5.99 ,0.73 ,,,,,3.583333353,13.98 ,539.00 ,0.794295423,0.432,284.5162296,91.44864262,2.703999996,2,36°51''N,121°43'W,"Jacobsen & Pratt, 2013, Oecologia",California,USA
1030 ,Ang,Ericaceae,Arctostaphylos pajaroensis,-5.05 ,0.67 ,,,,,3.583333353,13.98 ,539.00 ,0.794295423,0.432,284.5162296,91.44864262,2.703999996,2,36°51''N,121°43'W,"Jacobsen & Pratt, 2013, Oecologia",California,USA
1026 ,Ang,Ericaceae,Arctostaphylos pumila,-4.45 ,0.53 ,,,,,3.866666655,13.84 ,565.00 ,NA,0.3666,256.6170951,89.90587621,2.996000051,2,36°41'N,121°47'W,"Jacobsen & Pratt, 2013, Oecologia",California,USA
1027 ,Ang,Ericaceae,Arctostaphylos tomentosa,-5.22 ,0.54 ,,,,,3.866666655,13.84 ,565.00 ,NA,0.3666,256.6170951,89.90587621,2.996000051,2,36°41'N,121°47'W,"Jacobsen & Pratt, 2013, Oecologia",California,USA
721 ,Ang,Myrsinaceae,Ardisia palmana,,0.23 ,0.05 ,,,,3.549999992,18.76 ,2460.00 ,0.679743024,2.1332,77.121891,75.74682369,13.0880003,23,10°12' N,84°42' W,"Feild & Holbrook, 2000, Plant, Cell and Environment",La Reserva Bosque Nuboso de Monteverde,Costa Rica
2157 ,Ang,Primulaceae,Ardisia quinquegona,,0.14 ,,,0.68 ,,2.033333292,17.68 ,1677.00 ,0.640949642,1.3692,655.2663136,66.08128464,4.271999836,35,24°30'N,113°12'E,This study,Guangdong province,China
2172 ,Ang,Primulaceae,Ardisia quinquegona,-2.88 ,0.50 ,0.91 ,,0.62 ,3.00 ,1.87499999,20.60 ,1835.00 ,0.759396395,1.3895,565.6792834,66.92045161,8.623999596,37,23°10' N,112°32' E,"This study; Zhu, 2013, Plant, Cell & Environment",Guangdong Province,China
N87,Ang,Primulaceae,Ardisia revoluta,,,,,0.69 ,,3.533333381,26.60 ,1633.00 ,1.163631518,1.0017,80.14568299,93.82169736,21.43599892,2,10°43?31.39?N,85°35?46.99?W,"Vargas, 2021, New Phytologist",Santa Elena,Costa Rica
582 ,Ang,Asteraceae,Argyranthemum adauctum,-3.60 ,,,,,,6.141666611,14.49 ,416.00 ,0.764537742,0.55,333.6306786,78.2980653,6.495999813,1,28° 22' N,16° 27' W,"Do?ria, 2018, Functional Ecology",in the Atlantic Ocean off the coast of north-western Africa,Spain
583 ,Ang,Asteraceae,Argyranthemum broussonetii,-3.10 ,,,,,,6.141666611,14.49 ,416.00 ,0.764537742,0.55,333.6306786,78.2980653,6.495999813,1,28° 22' N,16° 27' W,"Do?ria, 2018, Functional Ecology",in the Atlantic Ocean off the coast of north-western Africa,Spain
584 ,Ang,Asteraceae,Argyranthemum foeniculaceum,-5.10 ,,,,,,6.141666611,14.49 ,416.00 ,0.764537742,0.55,333.6306786,78.2980653,6.495999813,1,28° 22' N,16° 27' W,"Do?ria, 2018, Functional Ecology",in the Atlantic Ocean off the coast of north-western Africa,Spain
585 ,Ang,Asteraceae,Argyranthemum frutescens,-3.70 ,,,,,,6.141666611,14.49 ,416.00 ,0.764537742,0.55,333.6306786,78.2980653,6.495999813,1,28° 22' N,16° 27' W,"Do?ria, 2018, Functional Ecology",in the Atlantic Ocean off the coast of north-western Africa,Spain
586 ,Ang,Asteraceae,Argyranthemum gracile,-4.00 ,,,,,,6.141666611,14.49 ,416.00 ,0.764537742,0.55,333.6306786,78.2980653,6.495999813,1,28° 22' N,16° 27' W,"Do?ria, 2018, Functional Ecology",in the Atlantic Ocean off the coast of north-western Africa,Spain
2285 ,Ang,Malvaceae,Argyrodendron trifoliolatum ,,,1.06 ,,,19.00 ,4.408333341,21.18 ,2634.00 ,0.767544866,1.4659,264.3066765,71.70189156,12.47599983,49,17°07'S,145°37'E,"Togashi, 2015, Ecology and Evolution",Queensland,Australia
402 ,Ang,Rosaceae,Armeniaca sibirica,-5.05 ,2.47 ,0.28 ,23.10 ,0.73 ,,2.791666687,12.90 ,750.00 ,0.833278615,0.7018,1029.416139,109.3542796,-7.93599987,8,35°46'N,117°47'E,"Chen, 2019, 2020, 2021, Tree Physiology","Xintai, Shandong province",China
2764 ,Ang,Rosaceae,Armeniaca sibirica,,,0.29 ,12.55 ,,,2.141666661,9.62 ,592.00 ,0.661215941,0.635,902.384731,79.18673104,-9.227999687,4,35°09'N,108°45'E,"Yin, 2019, Forests",Shaanxi Province,China
1067 ,Ang,Asteraceae,Artemisia californica,-1.99 ,1.21 ,,29.09 ,0.69 ,1.10 ,3.766666631,16.28 ,392.00 ,1.125048534,0.3894,347.5370192,99.93090982,6.93599987,0,34°03' N,118°42' W,"Jacobsen, 2007b, Plant, Cell and Environment; Jacobsen, 2008, New Phytologist; Hacke, 2009, Plant, Cell and Environment",Southern California,USA
1804 ,Ang,Asteraceae,Artemisia californica,-2.80 ,0.54 ,,,0.77 ,,2.800000012,17.37 ,335.00 ,1.184487994,0.2555,500.2328626,87.24346036,3.43599987,2,33°29' N,117°09' W,"Pivovaroff, 2016, Oecologia",Southern California,USA
1150 ,Ang,Asteraceae,Artemisia tridentata ssp. Tridentata,-3.90 ,0.90 ,,19.60 ,,,3.166666667,9.49 ,313.00 ,1.150678265,0.2957,949.7806273,14.29663457,-12.69999981,20,39°50' N,112°10' W,"Kolb & Sperry, 1999, Ecology","Tintic, Utah",USA
1151 ,Ang,Asteraceae,Artemisia tridentata ssp. Vaseyana,-3.00 ,0.73 ,,22.80 ,,,3.324999988,8.31 ,394.00 ,1.150678265,0.4308,891.371704,13.96792796,-11.11999989,24,39°57' N,112°05' W,"Kolb & Sperry, 1999, Ecology","Tintic, Utah",USA
1152 ,Ang,Asteraceae,Artemisia tridentata ssp. Wyomingensis,-4.90 ,0.50 ,,21.40 ,,,3.008333365,10.37 ,290.00 ,1.128808209,0.2981,931.3661006,19.30572262,-12.02400017,18,39°57' N,112°W,"Kolb & Sperry, 1999, Ecology","Tintic, Utah",USA
920 ,Ang,Asteraceae,Artemisia wudanica,-1.12 ,3.10 ,0.34 ,,,,3.399999996,6.89 ,428.00 ,0.911477495,0.4092,1372.242874,114.5119983,-19.15999985,2,43°48?N,121°03?E,"Gong, 2020, Forest Ecology and Management",Inner Mongolia,China
667 ,Ang,Moraceae,Artocarpus lakoocha,,,,170.40 ,0.65 ,13.16 ,1.266666651,21.56 ,1641.00 ,0.894353661,0.9726,335.0943307,76.6728934,11.23200035,16,21°41' N,101°25' E,"Fan, 2012, Journal of Ecology",Yunnan Province,China
2181 ,Ang,Moraceae,Artocarpus styracifolius,-1.51 ,3.51 ,0.93 ,,0.50 ,12.50 ,1.87499999,20.60 ,1835.00 ,0.759396395,1.3895,565.6792834,66.92045161,8.623999596,37,23°10' N,112°32' E,"This study; Zhu, 2013, Plant, Cell & Environment; Zhu, 2018, Tree Physiology",Guangdong Province,China
2081 ,Ang,Chloranthaceae,Ascarina lucida,-1.87 ,,,,,,4.849999984,11.64 ,2897.00 ,0.404992164,3.9238,315.5721132,27.75117339,3.25999999,169,42°45' S,171°03' E,"Sperry, 2007, International Journal of Plant Sciences",South Island,New Zealand
2082 ,Ang,Chloranthaceae,Ascarina rubricaulis,-2.80 ,1.08 ,0.45 ,,,,3.908333341,20.76 ,1941.00 ,0.718162138,1.9018,209.4041696,33.29859697,13.42399979,85,22°02' S,166°28' E,"Sperry, 2007, International Journal of Plant Sciences; Brodribb & Feild, 2000, Plant, Cell and Environment",New Caledonia,France (Overseas territories)
2309 ,Ang,Chloranthaceae,Ascarina rubricaulis,-2.20 ,0.89 ,,,0.47 ,,3.558333317,21.52 ,1714.00 ,0.718162138,0.8818,220.7286897,30.09397778,14.36400032,72,22° 07' S,166° 26' E,"Trueba, 2017, Plant, Cell and Environment; Trueba, 2019, Journal of Experimental Botany",New Caledonia,France (Overseas territories)
2080 ,Ang,Chloranthaceae,Ascarina solmsiana,-2.63 ,,,,,,3.858333349,21.24 ,1936.00 ,0.670273025,1.8128,216.2284469,30.80903381,14.22799969,84,22°10' S,166°32' E,"Sperry, 2007, International Journal of Plant Sciences",New Caledonia,France (Overseas territories)
1041 ,Ang,Fabaceae,Aspalathus hirta,-3.09 ,0.52 ,,19.85 ,0.59 ,2.00 ,3.683333317,14.30 ,602.00 ,1.077447454,0.5989,373.0088434,47.52210499,2.832000017,25,33°56' S,19°31' E,"Jacobsen, 2007a, 2009",Western Cape Province,South Africa
1042 ,Ang,Fabaceae,Aspalathus pachyloba,-4.12 ,0.91 ,,24.30 ,0.57 ,2.00 ,3.683333317,14.30 ,602.00 ,1.077447454,0.5989,373.0088434,47.52210499,2.832000017,25,33°56' S,19°31' E,"Jacobsen, 2007a, 2009",Western Cape Province,South Africa
1921 ,Ang,Apocynaceae,Aspidosperma araracanga,,0.80 ,1.14 ,,0.49 ,,1.724999984,26.11 ,2200.00 ,0.714118781,1.282,47.26106932,58.15009262,20.47200012,48,1°43'S,51°27'W,"Rowland, 2020, New Phytologist",eastern Amazonia,Brazil
1947 ,Ang,Apocynaceae,Aspidosperma cruenta,,,,,0.70 ,,1.974999984,26.20 ,2501.00 ,0.620433427,2.4056,55.1326178,61.10977054,22.31999969,24,9°17' N,79°58' W,"Santiago, 2004, Oecologia",near the Caribbean coast of Panama,Panama
1488 ,Ang,Apocynaceae,Aspidosperma cylindrocarpon,-2.90 ,2.48 ,0.78 ,,0.49 ,,2.950000008,24.77 ,1143.00 ,0.998740338,0.6171,167.8732009,62.51391847,16.2159996,16,16°07' S,61°43' W,"Markesteijn et al, 2011a, 2011b","Near Conception, Santa Cruz",Bolivia
546 ,Ang,Apocynaceae,Aspidosperma desmanthum,-1.80 ,0.30 ,,,0.70 ,,1.974999984,26.20 ,2501.00 ,0.620433427,2.4056,55.1326178,61.10977054,22.31999969,24,9°17' N,79°58' W,"De Guzman, 2020, Tree Physiology",near the Caribbean coast of Panama,Panama
1922 ,Ang,Apocynaceae,Aspidosperma desmanthum,-1.69 ,0.40 ,0.90 ,,0.51 ,,1.724999984,26.11 ,2200.00 ,0.714118781,1.282,47.26106932,58.15009262,20.47200012,48,1°43'S,51°27'W,"Rowland, 2020, New Phytologist",eastern Amazonia,Brazil
1923 ,Ang,Apocynaceae,Aspidosperma nitidum,-1.85 ,4.85 ,1.81 ,,0.75 ,,1.724999984,26.11 ,2200.00 ,0.714118781,1.282,47.26106932,58.15009262,20.47200012,48,1°43'S,51°27'W,"Rowland, 2020, New Phytologist",eastern Amazonia,Brazil
1227 ,Ang,Apocynaceae,Aspidosperma pyrifolium,-2.52 ,,,,0.65 ,,1.950000008,26.56 ,879.00 ,1.02707824,0.5112,59.08015702,114.9634108,20.78000069,2,3°47'S,39°16'W,"Lima, 2018, New Phytologist",northeastern Brazil,Brazil
1924 ,Ang,Apocynaceae,Aspidosperma sp.,-1.95 ,7.17 ,1.31 ,,0.67 ,,1.724999984,26.11 ,2200.00 ,0.714118781,1.282,47.26106932,58.15009262,20.47200012,48,1°43'S,51°27'W,"Rowland, 2020, New Phytologist",eastern Amazonia,Brazil
1489 ,Ang,Apocynaceae,Aspidosperma tomentosum,-4.70 ,2.20 ,0.45 ,,0.62 ,,2.950000008,24.77 ,1143.00 ,0.998740338,0.6171,167.8732009,62.51391847,16.2159996,16,16°07' S,61°43' W,"Markesteijn et al, 2011a, 2011b","Near Conception, Santa Cruz",Bolivia
1985 ,Ang,Apocynaceae,Aspidosperma tomentosum,,3.04 ,0.41 ,,0.55 ,3.10 ,1.816666663,20.44 ,1516.00 ,0.963975451,1.09,123.7480541,79.60995496,11.52799988,8,15°56' S,47°53' W,"Scholz, 2008, Journal of Plant Physiology",south of Brasilia,Brazil
2682 ,Ang,Asteraceae,Aster albescens,,,0.98 ,,,,1.649999996,12.79 ,928.00 ,6.066549556,0.8259,567.4750116,90.2711391,-1.203999996,9,29°39'N,102°06'E,"Xu, 2020, New Phytologist",Sichuan province,China
1585 ,Ang,Anacardiaceae,Astronium graveolens,-4.40 ,1.45 ,0.36 ,,0.51 ,,1.974999984,26.20 ,2501.00 ,0.620433427,2.4056,55.1326178,61.10977054,22.31999969,24,9°17' N,79°58' W,"Medina-Vega, 2021, Journal of Ecology",near the Caribbean coast of Panama,Panama
1629 ,Ang,Anacardiaceae,Astronium graveolens,,0.58 ,,58.32 ,0.50 ,,2.533333361,25.07 ,999.00 ,NA,0.4434,207.0734595,111.2129666,17.13199997,2,19°29'N,105°02'W,"Mendez-Alonzo, 2013, Trees-Strucyture and Function",the Pacific coast of Jalisco,Mexico
N63,Ang,Anacardiaceae,Astronium graveolens,,0.96 ,0.73 ,,0.57 ,,0.933333327,27.11 ,2361.00 ,0.967750517,0.9,42.79068225,42.88318898,21.69199944,87,5°3?36?N,74°49?48?W,"Vargas, 2021, New Phytologist",Jabiru,Colombia
1490 ,Ang,Anacardiaceae,Astronium urundeuva,-1.80 ,16.04 ,1.08 ,,0.38 ,,2.950000008,24.77 ,1143.00 ,0.998740338,0.6171,167.8732009,62.51391847,16.2159996,16,16°07' S,61°43' W,"Markesteijn et al, 2011a, 2011b","Near Conception, Santa Cruz",Bolivia
N23,Ang,Fabaceae,Ateleia herbert-smithii,,,,,0.87 ,,3.533333381,26.60 ,1633.00 ,1.163631518,1.0017,80.14568299,93.82169736,21.43599892,2,10°43?31.39?N,85°35?46.99?W,"Vargas, 2021, New Phytologist",Horizontes,Costa Rica
252 ,Ang,Atherospermataceae ,Atherosperma moschatum,,0.22 ,0.29 ,,0.56 ,,5.674999992,6.25 ,1531.00 ,0.387481756,2.0783,305.9782469,21.03196025,-2.220000029,85,42°40'S,146°37'E,"Blackman, 2014, Annals of Botany; Blackman, 2012, Oecologia; Blackman, 2010, New Phytologist; Brodribb & Feild, 2000, Plant, Cell and Environment",Tasmania,Australia
967 ,Ang,Amaranthaceae,Atriplex canescens,-5.50 ,,,22.00 ,0.96 ,,3.266666671,10.85 ,173.00 ,1.324076769,0.1546,1001.58103,17.80877686,-11.69999981,11,40°12' N,112°56' W,"Hacke, 2000a, Basic and Applied Ecology","near Dugway, Utah",USA
1009 ,Ang,Amaranthaceae,Atriplex canescens,-2.31 ,0.20 ,0.15 ,15.50 ,,,3.391666671,15.41 ,284.00 ,1.692698213,0.1664,781.3236797,73.97617814,-4.28000021,5,32°30'N,106°47'W,"Hao, 2013, New Phytologist","Chihuahuan Desert (New
 Mexico, USA), Do~na Ana County (DAC), Rio Grande valley",USA
1073 ,Ang,Amaranthaceae,Atriplex canescens,-0.94 ,0.17 ,,24.74 ,0.80 ,1.05 ,3.841666718,17.80 ,125.00 ,1.931995772,0.0829,770.9042762,72.94623604,0.100000001,1,35°20' N,117°59' W,"Jacobsen, 2007b, Plant, Cell and Environment; Jacobsen, 2008, New Phytologist; Hacke, 2009, Plant, Cell and Environment",Southern California,USA
968 ,Ang,Amaranthaceae,Atriplex confertifolia,-4.25 ,,,16.00 ,0.89 ,,3.266666671,10.85 ,173.00 ,1.324076769,0.1546,1001.58103,17.80877686,-11.69999981,11,40°12' N,112°56' W,"Hacke, 2000a, Basic and Applied Ecology","near Dugway, Utah",USA
1065 ,Ang,Amaranthaceae,Atriplex polycarpa,-1.90 ,0.36 ,,,0.81 ,1.20 ,3.841666718,17.80 ,125.00 ,1.931995772,0.0829,770.9042762,72.94623604,0.100000001,1,35°20' N,117°59' W,"Jacobsen, 2007b, Plant, Cell and Environment; Jacobsen, 2008, New Phytologist",Southern California,USA
730 ,Ang,Austrobaileyaceae,Austrobaileya scandens,,2.30 ,1.54 ,,,,4.008333306,20.99 ,3075.00 ,0.745475478,1.7576,286.0159331,72.25571675,11.23200035,35,16°32' S,145°35' E,"Feild, 2003, International Journal of Plant Sciences",Bartle Frere,Australia
2074 ,Ang,Austrobaileyaceae,Austrobaileya scandens,-0.50 ,,,,,,4.899999956,20.55 ,1785.00 ,0.802368564,1.0271,236.8696462,96.30186578,12.10400009,21,16°33' S,145°16' E,"Sperry, 2007, International Journal of Plant Sciences",Queensland,Australia
289 ,Gym,Cupressaceae,Austrocedrus chilensis,,,,,,7.20 ,2.766666651,10.49 ,2367.00 ,0.453669152,2.2315,355.7434062,62.98366156,-0.256000012,63,39°44' S,72°25' W,"Brodribb, 2005, New Phytologist", Andean cordillera,Chile 
345 ,Gym,Cupressaceae,Austrocedrus chilensis,-2.07 ,0.84 ,0.17 ,,0.50 ,,3.258333345,10.45 ,1117.00 ,0.515819285,1.0767,460.129155,60.63196445,-2.528000116,38,42°05' S,71°37' W,"Bucci, 2019, Plant, Cell & Environment; Schoonmaker, 2010, Plant, Cell & Environment",Chubut,Argentina
961 ,Gym,Cupressaceae,Austrocedrus chilensis,-2.07 ,7.20 ,,,,,4.308333317,8.60 ,1195.00 ,0.4889592,1.2845,419.6110998,62.06675189,-2.463999987,37,40°03' S,71°32' W,"Gyenge, 2005, Annals of Forest Science",Llao Llao (Bariloche),Argentina
962 ,Gym,Cupressaceae,Austrocedrus chilensis,-2.19 ,4.34 ,,,,,4.599999964,8.90 ,921.00 ,0.625596016,0.7096,461.9460918,55.94250489,-4.072000027,27,40°03' S,71°10' W,"Gyenge, 2005, Annals of Forest Science",Melequina (Bariloche),Argentina
963 ,Gym,Cupressaceae,Austrocedrus chilensis,-2.13 ,7.79 ,,,,,4.741666615,9.04 ,747.00 ,0.594318355,0.7402,479.6741089,58.50433583,-3.84800005,22,40°39' S,71°01' W,"Gyenge, 2005, Annals of Forest Science",Alicura (Bariloche),Argentina
2000 ,Gym,Cupressaceae,Austrocedrus chilensis,-3.52 ,,,,,,4.458333333,8.32 ,930.00 ,0.540178555,1.0102,436.8447751,57.49700711,-3.263999939,27,41°08'S,71°19'W,"Sergent, 2020, Forest Ecology and Management",Río Negro Province,Argentina
420 ,Ang,Myrtaceae,Austromyrtus bidwillii,-5.12 ,1.24 ,0.64 ,30.50 ,0.71 ,6.00 ,2.575000028,23.31 ,714.00 ,1.144954991,0.4046,352.6396327,91.37235966,11.2159996,9,19°11' S,145°45' E,"Choat, 2003, 2005, 2006",Queensland,Australia
1106 ,Ang,Avicennia,Avicennia marina,-5.21 ,0.58 ,0.23 ,69.43 ,0.73 ,,2.833333353,22.64 ,2301.00 ,0.587819246,1.8989,541.3383096,89.03357105,11.68000031,33,21° 34? N,108° 08? E,"Jiang, 2017, Tree Physiology",Guangxi province,China
2937 ,Ang,Avicennia,Avicennia marina,-5.21 ,,,,,,3.216666639,24.54 ,1745.00 ,0.697412468,1.3928,390.1725221,69.8213515,15.09599972,24,19°38'N,110°47'E,"Zhu, 2018, Tree Physiology",Hainan province,China
1154 ,Ang,Meliaceae,Azadirachta indica,,0.58 ,,91.00 ,,3.80 ,3.016666691,19.72 ,692.00 ,0.900344312,0.4632,115.555556,73.90494713,12.73600006,11,1°19' S,36°55' E,"Kondoh, 2006, Tree Physiology","Tiva, Kitiui Prefecture",Kenya
668 ,Ang,Phyllanthaceae,Baccaurea ramiflora,,,,105.30 ,0.57 ,,1.266666651,21.56 ,1641.00 ,0.894353661,0.9726,335.0943307,76.6728934,11.23200035,16,21°41' N,101°25' E,"Fan, 2012, Journal of Ecology",Yunnan Province,China
2879 ,Ang,Phyllanthaceae,Baccaurea ramiflora,-2.00 ,0.74 ,0.20 ,79.00 ,0.56 ,,1.450000008,19.61 ,1575.00 ,0.7831742,1.2463,355.3021639,76.07293498,9.543999672,18,21°54' N,101°46' E,"Zhu & Cao, 2009, Plant Ecology",Yunnan Province,China
3001 ,Ang,Phyllanthaceae,Baccaurea ramiflora,-2.00 ,,,,,,1.225000014,22.42 ,1640.00 ,0.894353661,0.8598,350.4611648,75.65033519,11.8760004,18,21°55'N,101°16'E,"Zhu, 2018, Tree Physiology; Yan, 2020, Biology Letters",Yuanan province,China
1810 ,Ang,Asteraceae,Baccharis salicifolia,-2.68 ,0.65 ,,22.74 ,,,3.041666667,18.41 ,391.00 ,1.813401252,0.2265,703.9524282,77.36163668,-0.032000002,5,32°01' N,110°37' W,"Pockman & Sperry, 2000, American Journal of Botany","Pima County, Arizona",USA
1811 ,Ang,Asteraceae,Baccharis sarothroides,-4.47 ,,,19.03 ,,,3.041666667,18.41 ,391.00 ,1.813401252,0.2265,703.9524282,77.36163668,-0.032000002,5,32°01' N,110°37' W,"Pockman & Sperry, 2000, American Journal of Botany","Pima County, Arizona",USA
437 ,Ang,Myrtaceae,Baeckia brevifolia,,0.46 ,0.13 ,,,,2.699999988,11.40 ,1076.00 ,0.615049716,0.8722,433.5529752,21.55849705,0.5,63,33°59'S,150°07'E,"Choat, 2011, New Phytologist",south-eastern Australia,Australia
2823 ,Ang,Euphorbiaceae,Balakata baccata,-2.86 ,1.23 ,,,0.32 ,,1.225000004,20.88 ,1683.00 ,0.85605524,1.0122,338.2657063,78.45212263,10.92399979,17,21°36?N,101°35?E,"Zhang, 2019, Tree Physiology",Yunnan province,China
560 ,Ang,Rutaceae,Balfourodendron riedelianum,,,,,0.66 ,,2.425000012,20.61 ,1758.00 ,0.818603122,1.0689,358.7544802,17.00330333,9.584000587,107,25°42'S,54°29'W,"di Francescantonio, 2020, Fuctional Plant Biology",Misiones province,Argentina
2385 ,Ang,Rutaceae,Balfourodendron riedelianum,-1.72 ,0.86 ,1.27 ,,0.69 ,26.10 ,2.366666635,20.36 ,1765.00 ,0.818603122,1.0864,359.0264792,17.9971639,9.279999733,110,25°37' S,54°20' W,"Villagra, 2012, 2013, Tree Physiology; Carrasco, 2013, Acta Horticultrae",northern Argentina,Argentina 
354 ,Ang,Proteaceae,Banksia attenuata,-2.37 ,0.84 ,0.13 ,,,,4.299999932,18.32 ,745.00 ,1.032298112,0.5436,439.8369331,83.65878475,6.412000179,8,31°45' S,115°57' E,"Canham, 2009, Plant, Cell and Environment; Froend & Drake, 2006, Australian Journal of Botany","Swan Coastal Plain, Western Australia",Australia
438 ,Ang,Proteaceae,Banksia ericifolia,,0.92 ,0.27 ,,,,2.699999988,11.40 ,1076.00 ,0.615049716,0.8722,433.5529752,21.55849705,0.5,63,33°59'S,150°07'E,"Choat, 2011, New Phytologist",south-eastern Australia,Australia
914 ,Ang,Proteaceae,Banksia ericifolia,,,0.61 ,25.46 ,0.64 ,,3.599999984,16.97 ,1253.00 ,0.716941494,1.0326,385.0362387,28.74867037,6.596000195,61,33°41' S,151°09' E,"Gleason, 2012, Functional Ecology; Blackman, 2014, Annals of Botany; Blackman, 2018, Annals of Botany","New South Wales, Eastern Australia",Australia
355 ,Ang,Proteaceae,Banksia illicifolia,-2.24 ,1.09 ,0.15 ,,,,4.299999932,18.32 ,745.00 ,1.032298112,0.5436,439.8369331,83.65878475,6.412000179,8,31°45' S,115°57' E,"Canham, 2009, Plant, Cell and Environment; Froend & Drake, 2006, Australian Journal of Botany","Swan Coastal Plain, Western Australia",Australia
1570 ,Ang,Proteaceae,Banksia integrifolia,,5.88 ,0.19 ,,,,3.699999988,17.02 ,1295.00 ,0.716941494,1.0049,378.4709797,28.72733402,6.875999928,63,33°40'S,151°10'E,"McClenahan, 2004, Australlan Journal of Botany",Sydney,Australia
353 ,Ang,Proteaceae,Banksia littoralis,-1.78 ,1.07 ,0.36 ,,,,4.299999932,18.32 ,745.00 ,1.032298112,0.5436,439.8369331,83.65878475,6.412000179,8,31°45' S,115°57' E,"Canham, 2009, Plant, Cell and Environment","Swan Coastal Plain, Western Australia",Australia
834 ,Ang,Proteaceae,Banksia marginata,,2.31 ,0.38 ,20.19 ,0.60 ,,4.083333333,10.05 ,640.00 ,0.468981124,0.5986,365.5327037,17.11005639,-0.815999985,37,42°23' S,147°03' E,"Gleason, 2012, Functional Ecology",Tasmanian Central Highland forests,Australia
851 ,Ang,Proteaceae,Banksia marginata,,3.12 ,0.49 ,19.16 ,0.52 ,,5.108333309,10.74 ,951.00 ,0.428962839,1.0454,288.3112936,17.90963242,2.263999939,58,42°59' S,147°11' E,"Gleason, 2012, Functional Ecology",Tasmanian,Australia
356 ,Ang,Proteaceae,Banksia menziesii,-2.54 ,1.25 ,0.13 ,,,,4.299999932,18.32 ,745.00 ,1.032298112,0.5436,439.8369331,83.65878475,6.412000179,8,31°45' S,115°57' E,"Canham, 2009, Plant, Cell and Environment; Froend & Drake, 2006, Australian Journal of Botany","Swan Coastal Plain, Western Australia",Australia
1567 ,Ang,Proteaceae,Banksia oblongifolia,,5.42 ,0.14 ,,,,2.916666706,16.40 ,1050.00 ,0.763159345,0.8628,403.0461791,33.65259347,5.231999874,46,33°10'S,151°10'E,"McClenahan, 2004, Australlan Journal of Botany",Sydney,Australia
1571 ,Ang,Proteaceae,Banksia oblongifolia,,8.30 ,0.17 ,,,,3.699999988,17.02 ,1295.00 ,0.716941494,1.0049,378.4709797,28.72733402,6.875999928,63,33°40'S,151°10'E,"McClenahan, 2004, Australlan Journal of Botany",Sydney,Australia
915 ,Ang,Proteaceae,Banksia serrata,,1.78 ,0.22 ,23.25 ,0.57 ,,3.599999984,16.97 ,1253.00 ,0.716941494,1.0326,385.0362387,28.74867037,6.596000195,61,33°41' S,151°09' E,"Gleason, 2012, Functional Ecology; Blackman, 2014, Annals of Botany; Blackman, 2018, Annals of Botany","New South Wales, Eastern Australia",Australia
1222 ,Ang,Proteaceae,Banksia serrata,-3.57 ,2.21 ,0.12 ,,0.57 ,,2.974999984,12.64 ,1260.00 ,0.638554779,1.1203,434.3431825,33.46065632,1,58,33°35'S,150°22'E,"Li, 2019, Functional Plant Biology",centre of the Western Sydney region,Australia
1223 ,Ang,Proteaceae,Banksia serrata,-3.57 ,1.02 ,0.10 ,,0.59 ,,2.525000006,17.17 ,844.00 ,0.80299033,0.6578,460.0537216,33.57220987,4.019999981,38,33°38'S,150°41'E,"Li, 2019, Functional Plant Biology",the Blue Mountains region west of Sydney,Australia
1224 ,Ang,Proteaceae,Banksia serrata,-3.40 ,1.82 ,0.13 ,,0.59 ,,4.025000016,17.29 ,1260.00 ,0.699028926,1.1199,368.1303592,28.98545565,7.620833397,61,33°32'S,151°17'E,"Li, 2019, Functional Plant Biology","south end of the Central Coast region, New South Wales",Australia
1660 ,Ang,Proteaceae,Banksia sphaerocarpa,-3.70 ,0.34 ,0.04 ,11.63 ,0.79 ,,3.441666683,16.82 ,359.00 ,1.116587761,0.2473,521.4274796,49.21736532,2.692000151,11,32°19' S,117°52' E,"Mitchell, 2008, Oecologia",Western Australia,Australia
439 ,Ang,Proteaceae,Banksia spinulosa,,1.31 ,0.17 ,,,,2.699999988,11.40 ,1076.00 ,0.615049716,0.8722,433.5529752,21.55849705,0.5,63,33°59'S,150°07'E,"Choat, 2011, New Phytologist",south-eastern Australia,Australia
888 ,Ang,Proteaceae,Banksia spinulosa,,2.21 ,0.36 ,24.53 ,0.61 ,,3.599999984,16.97 ,1253.00 ,0.716941494,1.0326,385.0362387,28.74867037,6.596000195,61,33°41' S,151°09' E,"Gleason, 2012, Functional Ecology; Blackman, 2014, Annals of Botany","New South Wales, Eastern Australia",Australia
669 ,Ang,Lecythidaceae,Barringtonia fusicarpa,,,,112.80 ,0.63 ,23.89 ,1.266666651,21.56 ,1641.00 ,0.894353661,0.9726,335.0943307,76.6728934,11.23200035,16,21°41' N,101°25' E,"Fan, 2012, Journal of Ecology",Yunnan Province,China
2824 ,Ang,Fabaceae,Bauhinia aurea,-1.88 ,1.70 ,,,0.66 ,,1.225000004,20.88 ,1683.00 ,0.85605524,1.0122,338.2657063,78.45212263,10.92399979,17,21°36?N,101°35?E,"Zhang, 2019, Tree Physiology",Yunnan province,China
3064 ,Ang,Fabaceae,Bauhinia brachycarpa,-1.96 ,2.50 ,0.46 ,,0.63 ,,1.241666675,21.73 ,1241.00 ,0.650657102,0.5667,418.0369268,86.52378798,10.16399956,13,23°27'N,102°10'E,"Zhu, 2018, Tree Physiology; Zhang, 2019, Forests; Yan, 2020, Biology Letters",Yunnan province,China
1228 ,Ang,Fabaceae,Bauhinia cheilantha,,,,,0.67 ,,1.950000008,26.56 ,879.00 ,1.02707824,0.5112,59.08015702,114.9634108,20.78000069,2,3°47'S,39°16'W,"Lima, 2018, New Phytologist",northeastern Brazil,Brazil
2905 ,Ang,Fabaceae,Bauhinia glauca subsp. tenuiflora,-2.10 ,92.13 ,7.99 ,,0.35 ,,1.450000008,19.61 ,1575.00 ,0.7831742,1.2463,355.3021639,76.07293498,9.543999672,18,21°54'N,101°46'E,"Zhu, 2017, Tree Physiology",Yunnan province,China
2930 ,Ang,Fabaceae,Bauhinia ornata,-2.70 ,,,,,,1.225000014,22.42 ,1640.00 ,0.894353661,0.8598,350.4611648,75.65033519,11.8760004,18,21°55'N,101°16'E,"Zhu, 2018, Tree Physiology",Yuanan province,China
2906 ,Ang,Fabaceae,Bauhinia purpurea,-1.30 ,11.79 ,1.18 ,,0.42 ,,1.450000008,19.61 ,1575.00 ,0.7831742,1.2463,355.3021639,76.07293498,9.543999672,18,21°54'N,101°46'E,"Zhu, 2017, Tree Physiology",Yunnan province,China
2931 ,Ang,Fabaceae,Bauhinia purpurea,-1.40 ,,,,,,1.225000014,22.42 ,1640.00 ,0.894353661,0.8598,350.4611648,75.65033519,11.8760004,18,21°55'N,101°16'E,"Zhu, 2018, Tree Physiology",Yuanan province,China
3003 ,Ang,Fabaceae,Bauhinia tenuiflora,-2.20 ,,,,,,1.225000014,22.42 ,1640.00 ,0.894353661,0.8598,350.4611648,75.65033519,11.8760004,18,21°55'N,101°16'E,"Zhu, 2018, Tree Physiology; Yan, 2020, Biology Letters",Yuanan province,China
2907 ,Ang,Fabaceae,Bauhinia touranensis,-2.20 ,104.50 ,9.62 ,,0.35 ,,1.450000008,19.61 ,1575.00 ,0.7831742,1.2463,355.3021639,76.07293498,9.543999672,18,21°54'N,101°46'E,"Zhu, 2017, Tree Physiology",Yunnan province,China
3004 ,Ang,Fabaceae,Bauhinia touranensis,-2.20 ,,,,,,1.225000014,22.42 ,1640.00 ,0.894353661,0.8598,350.4611648,75.65033519,11.8760004,18,21°55'N,101°16'E,"Zhu, 2018, Tree Physiology; Yan, 2020, Biology Letters",Yuanan province,China
N73,Ang,Fabaceae,Bauhinia ungulata,,3.13 ,2.23 ,,0.94 ,,2.366666665,25.43 ,1087.00 ,1.022873596,0.5479,207.2946945,70.07447924,15.63199997,22,20°5?26.73?N,89°33?47.66?W,"Vargas, 2021, New Phytologist",Kaxil Kiuic,Mexico
756 ,Ang,Fabaceae,Bauhinia variegata,-0.86 ,8.85 ,1.52 ,,0.46 ,,1.450000008,19.61 ,1575.00 ,0.7831742,1.2463,355.3021639,76.07293498,9.543999672,18,21°54' N,101°46' E,"Fu, 2012, Annals of Botany",Yunnan Province,China
2929 ,Ang,Fabaceae,Bauhinia variegata,-1.20 ,9.72 ,1.29 ,126.00 ,0.47 ,,1.450000008,19.61 ,1575.00 ,0.7831742,1.2463,355.3021639,76.07293498,9.543999672,18,21°54'N,101°46'E,"Zhu, 2017, Tree Physiology; Zhu & Cao, 2009, Plant Ecology; Fu, 2012, Annals of Botany",Yunnan Province,China
3005 ,Ang,Fabaceae,Bauhinia variegata ,-1.68 ,,,,,,1.225000014,22.42 ,1640.00 ,0.894353661,0.8598,350.4611648,75.65033519,11.8760004,18,21°55'N,101°16'E,"Zhu, 2018, Tree Physiology; Yan, 2020, Biology Letters",Yuanan province,China
2825 ,Ang,Fabaceae,Bauhinia yunnanensis,-2.80 ,4.33 ,,,0.41 ,,1.225000004,20.88 ,1683.00 ,0.85605524,1.0122,338.2657063,78.45212263,10.92399979,17,21°36?N,101°35?E,"Zhang, 2019, Tree Physiology",Yunnan province,China
1656 ,Ang,Myrtaceae,Beaufortia micrantha,,1.44 ,0.02 ,15.44 ,0.80 ,,3.441666683,16.82 ,359.00 ,1.116587761,0.2473,521.4274796,49.21736532,2.692000151,11,32°19' S,117°52' E,"Mitchell, 2008, Oecologia",Western Australia,Australia
732 ,Ang,Winteraceae,Belliolum crassifolium,,0.31 ,0.34 ,,,,3.524999976,20.34 ,2080.00 ,0.718162138,1.4162,199.6488682,29.13938773,13.28800011,90,22°03'S,166°26'E,"Field, 2000, International Journal of Plant Sciences","Province Sud, New Caledonia",France (Overseas territories)
2597 ,Ang,Berberidaceae,Berberis aemulans,,0.10 ,0.26 ,,0.76 ,,2.324999978,0.75 ,846.00 ,38.61108759,1.0448,647.250795,90.57201924,-13,7,29°34'N,102°00'E,"Xu, 2020, New Phytologist",Sichuan province,China
2483 ,Ang,Berberidaceae,Berberis approximata,,,0.27 ,,,,2.691666643,2.55 ,774.00 ,6.982331523,0.9977,653.3985796,96.99491164,-11.75199986,2,29°28'N,101°32'E,"Xu, 2020, New Phytologist",Sichuan province,China
2495 ,Ang,Berberidaceae,Berberis approximata,,,0.43 ,,,,2.816666643,2.32 ,776.00 ,6.982331523,1.0537,659.7644595,96.74401021,-12.15600014,2,29°27'N,101°36'E,"Xu, 2020, New Phytologist",Sichuan province,China
2505 ,Ang,Berberidaceae,Berberis dictyoneura,,,0.32 ,,,,2.924999992,0.31 ,780.00 ,3.611983221,1.1344,674.6779187,95.99849388,-13.99600029,2,29°31'N,101°40'E,"Xu, 2020, New Phytologist",Sichuan province,China
2617 ,Ang,Berberidaceae,Berberis dictyophylla,,0.42 ,0.36 ,,0.78 ,,3.25000002,0.42 ,782.00 ,7.326257104,1.3644,679.4209524,92.66621245,-13.25599957,3,29°54'N,102°00'E,"Xu, 2020, New Phytologist",Sichuan province,China
1331 ,Ang,Berberidaceae,Berberis longispina,,1.12 ,0.37 ,,0.68 ,0.75 ,2.691666663,-0.05 ,665.00 ,0.355473692,0.8908,726.8398641,87.44356515,-16.45999908,2,34°19'N,102°44'E,"Liu, 2019, Science Advances",,China
2240 ,Ang,Berberidaceae,Berberis longispina,,1.12 ,0.38 ,,0.68 ,,2.24999996,2.97 ,569.00 ,0.37155782,0.6592,787.7826325,89.13040335,-15.11999989,1,34°59'N,102°54'E,"This study; Zhu, 2018, Tree Physiology",Gansu province,China
334 ,Ang,Berberidaceae,Berberis microphylla,-4.50 ,0.14 ,0.06 ,9.90 ,0.85 ,1.70 ,6.283333381,9.38 ,136.00 ,0.64518605,0.1852,473.02423,46.29868929,-2.947999954,4,46°31' S,71°03' W,"Bucci, 2013, Plant, Cell & Environment? Bucci, 2009, Oecologia",northwest Santa Cruz,Argentina
2521 ,Ang,Berberidaceae,Berberis potaninii,,,0.23 ,,,,2.433333337,5.86 ,847.00 ,15.35548757,1.0344,601.2807223,94.0150966,-7.832000256,5,29°27'N,101°53'E,"Xu, 2020, New Phytologist",Sichuan province,China
2542 ,Ang,Berberidaceae,Berberis potaninii,,0.13 ,0.58 ,,0.69 ,,2.091666649,3.70 ,847.00 ,15.35548757,0.9333,618.9011041,93.37889157,-9.944000244,5,29°25'N,101°55'E,"Xu, 2020, New Phytologist",Sichuan province,China
2562 ,Ang,Berberidaceae,Berberis potaninii,,0.19 ,0.28 ,,0.70 ,,2.299999972,0.78 ,828.00 ,15.35548757,0.9958,691.690106,92.74818783,-13.50800037,4,29°22'N,101°55'E,"Xu, 2020, New Phytologist",Sichuan province,China
2765 ,Ang,Berberidaceae,Berberis shensiana,,,0.15 ,11.43 ,,,2.141666661,9.62 ,592.00 ,0.661215941,0.635,902.384731,79.18673104,-9.227999687,4,35°09'N,108°45'E,"Yin, 2019, Forests",Shaanxi Province,China
2522 ,Ang,Berberidaceae,Berberis tischleri,,0.30 ,1.20 ,,0.75 ,,2.433333337,5.86 ,847.00 ,15.35548757,1.0344,601.2807223,94.0150966,-7.832000256,5,29°27'N,101°53'E,"Xu, 2020, New Phytologist",Sichuan province,China
1698 ,Ang,Berberidaceae,Berberis vulgaris,-5.74 ,,,,,,1.599999984,8.57 ,979.00 ,0.366518153,1.0239,674.2515165,40.48312633,-5.248000145,46,47°16' N,11°24' E,"Nolf, 2015b, New Phytologist",Innsbruck,Austria
2683 ,Ang,Rhamnaceae,Berchemia floribunda,,0.48 ,1.40 ,,0.63 ,,1.649999996,12.79 ,928.00 ,6.066549556,0.8259,567.4750116,90.2711391,-1.203999996,9,29°39'N,102°06'E,"Xu, 2020, New Phytologist",Sichuan province,China
2470 ,Ang,Rhamnaceae,Berchemia yunnanensis,,,1.11 ,,,,2.391666641,2.43 ,759.00 ,0.389803522,0.8267,661.8772376,97.80626751,-11.29199982,2,29°33'N,101°23'E,"Xu, 2020, New Phytologist",Sichuan province,China
1750 ,Ang,Euphorbiaceae,Bernardia myricifolia,-6.13 ,,,,,1.03 ,3.516666671,12.79 ,504.00 ,1.898801884,0.272,672.0120797,69.76744186,-2.676000118,3,33°35'N,116°27'W,"Paddock, 2013, Aliso",California,USA
195 ,Ang,Betulaceae,Betula allegheniensis,-2.58 ,0.94 ,,,,,3.416666647,9.91 ,1306.00 ,0.53273008,1.3623,729.7813014,11.61978521,-6.15199995,87,36°06'N,81°58'W,"Berry, 2015, Tree Physiology",North Carolina,USA
1369 ,Ang,Betulaceae,Betula costata,-1.42 ,3.50 ,0.36 ,24.90 ,0.40 ,9.63 ,1.833333333,3.27 ,661.00 ,0.432660541,0.8044,1257.058799,95.56655616,-21.12800026,5,42°24'N,128°29'E,"Liu, 2019, Science Advances; Yin, 2018, New Phytologist",Jilin Province,China
2757 ,Ang,Betulaceae,Betula dahurica,-1.46 ,4.39 ,,31.20 ,0.48 ,,1.833333333,3.27 ,661.00 ,0.432660541,0.8044,1257.058799,95.56655616,-21.12800026,5,42°24' N,128°28' E,"Yin, 2018, New Phytologist",Jilin province,China
2745 ,Ang,Betulaceae,Betula ermanii,,,,,0.52 ,,1.974999994,3.38 ,746.00 ,0.477410407,0.9118,1315.107456,97.50753008,-22.3920002,7,42°27´N,127°24´E,"Yang, 2020, Forests",Jilin Province,China
2758 ,Ang,Betulaceae,Betula fruticosa,-1.19 ,3.62 ,,26.40 ,0.54 ,,1.833333333,3.27 ,661.00 ,0.432660541,0.8044,1257.058799,95.56655616,-21.12800026,5,42°24' N,128°28' E,"Yin, 2018, New Phytologist",Jilin province,China
1161 ,Ang,Betulaceae,Betula luminifera,-3.30 ,3.07 ,,,0.42 ,,2.208333323,17.35 ,1684.00 ,0.676074042,1.5223,844.751388,58.67976924,1.547999978,45,29°05'N,117°55'E,"Kröber, 2014, PloS one",Jiangxi province,China
2057 ,Ang,Betulaceae,Betula occidentalis,-1.66 ,,,,,13.50 ,3.424999972,6.06 ,533.00 ,1.047863447,0.6447,818.5884965,19.86002082,-11.52400017,29,40°48' N,111°46' W,"Sperry & Saliendra, 1994, Plant, Cell and Environment; Sperry & Sullivan, 1992, Plant Physiology; Sperry, 1994, Ecology",Utah,USA
2065 ,Ang,Betulaceae,Betula papyrifera,-2.34 ,,,,,,2.524999996,-3.03 ,324.00 ,0.350134187,0.592,1273.345523,60.95255005,-26.93600082,10,65°06' N,146°46' W,"Sperry, 1994, Ecology",Alaska,USA
2402 ,Ang,Betulaceae,Betula papyrifera,,1.24 ,0.48 ,,,,2.083333304,4.38 ,623.00 ,0.440778781,0.7914,893.3477051,24.3006326,-15.5880003,33,53°45' N,122°42' W,"Wang, 2005,  Can. J. For. Res.","Prince George, British Columbia",Canada
484 ,Ang,Betulaceae,Betula pendula,-2.34 ,,,,,15.00 ,2.699999988,11.29 ,598.00 ,0.592509912,0.6645,603.3775522,38.21785488,-2.052000046,27,45°47' N,3°09' E,"Cochard, 2005, Cochard, Physiologia Plantarum",Clermont-Ferrand,France
924 ,Ang,Betulaceae,Betula pendula,-1.73 ,2.65 ,,,,9.30 ,5.808333397,8.50 ,1631.00 ,0.670895083,2.385,578.4759659,56.64666575,-3.032000065,19,40°20'N,7°34'W,"Gonzalez-Munoz, 2018, Plos One",,Portugal
925 ,Ang,Betulaceae,Betula pendula,-1.80 ,0.78 ,,,,15.60 ,3.833333353,9.61 ,778.00 ,0.410464714,1.0745,562.6062554,14.86652388,-2.592000008,45,52°00'N,6°08'E,"Gonzalez-Munoz, 2018, Plos One",,The Netherlands
933 ,Ang,Betulaceae,Betula pendula,-1.90 ,2.27 ,,,,6.90 ,3.85833329,7.70 ,561.00 ,0.465611363,0.8076,717.2851224,40.81572286,-6.960000038,27,49°17'N,16°44'E,"Gonzalez-Munoz, 2018, Plos One",,Czech Republic
940 ,Ang,Betulaceae,Betula pendula,-1.67 ,3.58 ,,,,8.20 ,3.191666683,4.38 ,652.00 ,0.294537016,1.1762,867.448096,29.0624696,-13.04800034,35,60°37'N,25°39'E,"Gonzalez-Munoz, 2018, Plos One",,Finland-RU
1252 ,Ang,Betulaceae,Betula pendula,-2.09 ,,,,,11.00 ,2.99999998,17.07 ,417.00 ,1.296086607,0.3235,471.5872751,94.41524756,3.832000017,1,34°08' N,118°17' W,"Litvak, 2012, Tree Physiology",Southern California,USA
1364 ,Ang,Betulaceae,Betula platyphylla,-1.37 ,3.53 ,0.71 ,26.10 ,0.45 ,13.43 ,1.833333333,3.27 ,661.00 ,0.432660541,0.8044,1257.058799,95.56655616,-21.12800026,5,42°24'N,128°29'E,"Liu, 2019, Science Advances; Yang, 2019, Tree Physiology; Yin, 2018, New Phytologist",Jilin Province,China
2241 ,Ang,Betulaceae,Betula platyphylla,,2.61 ,0.73 ,,0.46 ,,2.24999996,2.97 ,569.00 ,0.37155782,0.6592,787.7826325,89.13040335,-15.11999989,1,34°59'N,102°54'E,"This study; Zhu, 2018, Tree Physiology",Gansu province,China
2746 ,Ang,Betulaceae,Betula platyphylla,,,,,0.48 ,,1.974999994,3.38 ,746.00 ,0.477410407,0.9118,1315.107456,97.50753008,-22.3920002,7,42°27´N,127°24´E,"Yang, 2020, Forests",Jilin Province,China
3127 ,Ang,Betulaceae,Betula platyphylla,-1.30 ,4.93 ,0.70 ,,,,3.516666671,2.79 ,594.00 ,0.46329067,0.8569,1416.032805,107.0789385,-24.60400009,3,45°24´N,127°40´E,"??, 2017, ??????; Jin, 2016, Functional Plant Biology; Jin, 2018, Tree Physiology",Heilongjiang province ,China
3146 ,Ang,Betulaceae,Betula platyphylla,-1.79 ,10.39 ,1.36 ,,0.42 ,13.00 ,2.224999994,9.06 ,523.00 ,0.696710268,0.5184,956.2625809,87.88328894,-11.01200008,3,36°05' N,109°11' E,"???, 2014, ??????",Shanxi province,China
2766 ,Ang,Betulaceae,Betula platyphylla ,,,0.95 ,17.67 ,,,2.141666661,9.62 ,592.00 ,0.661215941,0.635,902.384731,79.18673104,-9.227999687,4,35°09'N,108°45'E,"Yin, 2019, Forests",Shaanxi Province,China
118 ,Ang,Betulaceae,Betula pubescens,-1.65 ,,,39.05 ,,,3.141666651,7.78 ,821.00 ,0.412448296,1.0762,684.3818758,25.33760486,-6.21600008,49,48°25'N,9°57'E,"Avila, 2021, Physiologia Plantarum",Ulm,Germany
2759 ,Ang,Betulaceae,Betula schmidtii,-1.37 ,4.31 ,,33.10 ,0.46 ,,1.833333333,3.27 ,661.00 ,0.432660541,0.8044,1257.058799,95.56655616,-21.12800026,5,42°24' N,128°28' E,"Yin, 2018, New Phytologist",Jilin province,China
2523 ,Ang,Betulaceae,Betula utilis,,2.26 ,0.54 ,,0.48 ,,2.433333337,5.86 ,847.00 ,15.35548757,1.0344,601.2807223,94.0150966,-7.832000256,5,29°27'N,101°53'E,"Xu, 2020, New Phytologist",Sichuan province,China
2543 ,Ang,Betulaceae,Betula utilis,,1.85 ,0.46 ,,0.54 ,,2.091666649,3.70 ,847.00 ,15.35548757,0.9333,618.9011041,93.37889157,-9.944000244,5,29°25'N,101°55'E,"Xu, 2020, New Phytologist",Sichuan province,China
2563 ,Ang,Betulaceae,Betula utilis,,1.79 ,0.81 ,,0.48 ,,2.299999972,0.78 ,828.00 ,15.35548757,0.9958,691.690106,92.74818783,-13.50800037,4,29°22'N,101°55'E,"Xu, 2020, New Phytologist",Sichuan province,China
2598 ,Ang,Betulaceae,Betula utilis,,4.10 ,0.66 ,,0.51 ,,2.324999978,0.75 ,846.00 ,38.61108759,1.0448,647.250795,90.57201924,-13,7,29°34'N,102°00'E,"Xu, 2020, New Phytologist",Sichuan province,China
2643 ,Ang,Betulaceae,Betula utilis,,2.83 ,0.92 ,,0.46 ,,2.074999998,3.00 ,858.00 ,6.066549556,0.9714,635.2643433,90.25313014,-10.72399998,8,29°35'N,102°02'E,"Xu, 2020, New Phytologist",Sichuan province,China
2684 ,Ang,Betulaceae,Betula utilis,,1.95 ,0.60 ,,0.33 ,,1.649999996,12.79 ,928.00 ,6.066549556,0.8259,567.4750116,90.2711391,-1.203999996,9,29°39'N,102°06'E,"Xu, 2020, New Phytologist",Sichuan province,China
2723 ,Ang,Betulaceae,Betula utilis,,1.30 ,0.63 ,,0.44 ,,1.299999992,13.24 ,983.00 ,2.92760473,0.7174,576.9135477,90.39955827,-0.60799998,10,29°26'N,102°10'E,"Xu, 2020, New Phytologist",Sichuan province,China
2031 ,Ang,Boraginaceae,Beureria cumanensis,-3.82 ,0.41 ,0.34 ,,,,2.308333337,22.92 ,1162.00 ,0.859320757,0.694,73.08045044,62.82491845,17.07600021,18,10°15' N,67°03' W,"Sobrado, 1997, Acta Ecologica",Estado Miranda,Venezuela
827 ,Ang,Euphorbiaceae,Beyeria opaca,,0.26 ,0.18 ,17.59 ,0.74 ,0.50 ,2.758333325,17.54 ,410.00 ,1.496945786,0.2873,613.9776951,14.54176838,1.675999999,26,32°58' S,146°10' E,"Gleason, 2012, Functional Ecology",,Australia
2881 ,Ang,Euphorbiaceae,Bischofia javanica,-1.19 ,1.54 ,0.86 ,,0.53 ,,2.391666651,22.44 ,2177.00 ,0.679918148,1.613,520.8183658,75.162042,11.56799984,28,22°34' N,112°50' E,"Zhu, 2017, Forest Ecology and Management",Guangdong Province,China
2908 ,Ang,Euphorbiaceae,Bischofia javanica,-1.20 ,7.89 ,1.37 ,,0.44 ,,1.450000008,19.61 ,1575.00 ,0.7831742,1.2463,355.3021639,76.07293498,9.543999672,18,21°54'N,101°46'E,"Zhu, 2017, Tree Physiology",Yunnan province,China
3006 ,Ang,Euphorbiaceae,Bischofia polycarpa,-1.27 ,,,,,,1.225000014,22.42 ,1640.00 ,0.894353661,0.8598,350.4611648,75.65033519,11.8760004,18,21°55'N,101°16'E,"Zhu, 2018, Tree Physiology; Yan, 2020, Biology Letters",Yuanan province,China
2158 ,Ang,Melastomataceae,Blastus cochinchinensis,,0.81 ,,,0.48 ,,2.033333292,17.68 ,1677.00 ,0.640949642,1.3692,655.2663136,66.08128464,4.271999836,35,24°30'N,113°12'E,This study,Guangdong province,China
2173 ,Ang,Melastomataceae,Blastus cochinchinensis,-4.36 ,1.42 ,0.75 ,,0.53 ,,1.87499999,20.60 ,1835.00 ,0.759396395,1.3895,565.6792834,66.92045161,8.623999596,37,23°10' N,112°32' E,"This study; Zhu, 2013, Plant, Cell & Environment",Guangdong Province,China
306 ,Ang,Myrtaceae,Blepharocalyx salicifolius,-1.72 ,2.28 ,0.29 ,,0.49 ,3.65 ,1.816666663,20.44 ,1516.00 ,0.963975451,1.09,123.7480541,79.60995496,11.52799988,8,15°56' S,47°53' W,"Bucci, 2006, Plant Cell and Environment",33 km south of Brasilia,Brasil
317 ,Ang,Myrtaceae,Blepharocalyx salicifolius,-1.72 ,,,,0.50 ,3.65 ,1.816666663,20.44 ,1516.00 ,0.963975451,1.09,123.7480541,79.60995496,11.52799988,8,15°56' S,47°53' W,"Bucci, 2008, Brazilian Journal of Plant Physiology; Domec, 2006a, Plant Cell and Environment; Scholz, 2007, Plant Cell and Environment",south of Brasilia,Brazil
3086 ,Ang,Fabaceae,Bocoa prouacensis,-4.29 ,,,,,,2.158333331,25.74 ,2796.00 ,0.649499163,1.8807,45.73945121,49.59006205,21.01600075,68,5°16'N,52°55'W,"Ziegler, 2019, Annals of Forest Science; Marechaux, 2015, Functional Ecology","Guiana Shield, French Guiana",France (overseas territories)
1605 ,Ang,Convolvulaceae,Bonamia trichantha,-1.32 ,1.27 ,0.41 ,,0.51 ,,1.916666647,26.94 ,2169.00 ,0.756386424,1.2534,65.14634424,68.85282668,22.84545517,16,9°00'N,79°33'W,"Medina-Vega, 2021, Journal of Ecology",near Panama City,Panama
2857 ,Ang,Sapindaceae,Boniodendron minus,-2.51 ,2.54 ,0.98 ,,0.65 ,,1.575000008,21.79 ,1244.00 ,0.682104923,0.9054,514.7271923,76.36396698,9.815999985,19,22°07'N,106°45'E,"Zhang, 2021, Functional Ecology; ???, 2019, ??????",Guangxi province,China
835 ,Ang,Fabaceae,Bossiaea cinerea,,0.82 ,0.45 ,21.52 ,0.83 ,1.00 ,4.083333333,10.05 ,640.00 ,0.468981124,0.5986,365.5327037,17.11005639,-0.815999985,37,42°23' S,147°03' E,"Gleason, 2012, Functional Ecology",Tasmanian Central Highland forests,Australia
828 ,Ang,Fabaceae,Bossiaea walkeri,,0.15 ,0.29 ,21.38 ,0.94 ,1.00 ,2.758333325,17.54 ,410.00 ,1.496945786,0.2873,613.9776951,14.54176838,1.675999999,26,32°58' S,146°10' E,"Gleason, 2012, Functional Ecology",,Australia
1491 ,Ang,Nyctaginaceae,Bougainvillea modesta,-3.70 ,0.65 ,0.43 ,,0.42 ,,2.950000008,24.77 ,1143.00 ,0.998740338,0.6171,167.8732009,62.51391847,16.2159996,16,16°07' S,61°43' W,"Markesteijn et al, 2011a, 2011b","Near Conception, Santa Cruz",Bolivia
N74,Ang,Boraginaceae,Bourreria pulchra,,2.53 ,0.62 ,,0.78 ,,2.366666665,25.43 ,1087.00 ,1.022873596,0.5479,207.2946945,70.07447924,15.63199997,22,20°5?26.73?N,89°33?47.66?W,"Vargas, 2021, New Phytologist",Kaxil Kiuic,Mexico
N2,Ang,Boraginaceae,Bourreria succulenta,,0.22 ,0.98 ,,0.68 ,,3.99999994,26.07 ,939.00 ,NA,0.7402,130.6923339,58.51883815,19.67916679,26,17°58?2.17?N,66°53?17.54?W,"Vargas, 2021, New Phytologist",Guanica,Puerto Rico
2108 ,Ang,Proteaceae,Brabejum stellatifolium,-2.43 ,,,,,,4.416666647,15.47 ,836.00 ,0.889985229,0.7322,352.3083026,57.40640208,5.427999973,25,33°57' S,18°55' E,"Swift, 2008, South African Journal of Botany",Western Cape Province,South Africa
421 ,Ang,Malvaceae,Brachychiton australis,-3.17 ,6.46 ,0.31 ,89.50 ,0.25 ,8.00 ,2.575000028,23.31 ,714.00 ,1.144954991,0.4046,352.6396327,91.37235966,11.2159996,9,19°11' S,145°45' E,"Choat, 2003, 2005, 2006",Queensland,Australia
903 ,Ang,Malvaceae,Brachychiton populneus,,2.51 ,0.42 ,39.41 ,0.47 ,6.00 ,2.758333325,17.54 ,410.00 ,1.496945786,0.2873,613.9776951,14.54176838,1.675999999,26,32°58' S,146°10' E,"Gleason, 2012, Functional Ecology; Blackman, 2014, Annals of Botany; Blackman, 2018, Annals of Botany",New South Wales,Australia
322 ,Ang,Asteraceae,Brachyclados caespitosus,,,,,,0.15 ,6.283333381,9.38 ,136.00 ,0.64518605,0.1852,473.02423,46.29868929,-2.947999954,4,46°31' S,71°03' W,"Bucci, 2009, Oecologia",northwest Santa Cruz,Argentina
2109 ,Ang,Asteraceae,Brachyleana neriifolia,-1.80 ,,,,,,4.416666647,15.47 ,836.00 ,0.889985229,0.7322,352.3083026,57.40640208,5.427999973,25,33°57' S,18°55' E,"Swift, 2008, South African Journal of Botany",Western Cape Province,South Africa
2387 ,Ang,Fabaceae,Brachystegia boehmii,-3.22 ,0.73 ,,25.00 ,,,3.066666683,19.78 ,1236.00 ,1.01444953,0.7264,259.8332745,113.2747069,5.624000072,0,12°49' S,28°22' E,"Vinya, 2013, Oecologia",Kitwe City,Zambia 
2388 ,Ang,Fabaceae,Brachystegia floribunda,-1.70 ,1.11 ,,25.00 ,,,3.066666683,19.78 ,1236.00 ,1.01444953,0.7264,259.8332745,113.2747069,5.624000072,0,12°49' S,28°22' E,"Vinya, 2013, Oecologia",Kitwe City,Zambia 
2389 ,Ang,Fabaceae,Brachystegia longifolia,-2.51 ,0.68 ,,26.00 ,,,3.066666683,19.78 ,1236.00 ,1.01444953,0.7264,259.8332745,113.2747069,5.624000072,0,12°49' S,28°22' E,"Vinya, 2013, Oecologia",Kitwe City,Zambia 
2390 ,Ang,Fabaceae,Brachystegia spiciformis,-2.79 ,0.84 ,,25.00 ,,,3.066666683,19.78 ,1236.00 ,1.01444953,0.7264,259.8332745,113.2747069,5.624000072,0,12°49' S,28°22' E,"Vinya, 2013, Oecologia",Kitwe City,Zambia 
2950 ,Ang,Phyllanthaceae,Bridelia balansae,-3.34 ,,,,,,1.866666645,20.60 ,1835.00 ,0.759396395,1.4258,565.6792834,66.92045161,8.623999596,37,23°10'N,112°31'E,"Zhu, 2018, Tree Physiology",Guangdong Province,China
2951 ,Ang,Phyllanthaceae,Bridelia retusa,-3.34 ,,,,,,1.866666645,20.60 ,1835.00 ,0.759396395,1.4258,565.6792834,66.92045161,8.623999596,37,23°10'N,112°31'E,"Zhu, 2018, Tree Physiology",Guangdong Province,China
3052 ,Ang,Phyllanthaceae,Bridelia stipularis,-2.50 ,,,,,,1.241666675,21.73 ,1241.00 ,0.650657102,0.5667,418.0369268,86.52378798,10.16399956,13,23°27'N,102°10'E,"Zhu, 2018, Tree Physiology; Yan, 2020, Biology Letters",Yunnan province,China
547 ,Ang,Moraceae,Brosimum utile,-2.44 ,0.80 ,,,0.43 ,,1.974999984,26.20 ,2501.00 ,0.620433427,2.4056,55.1326178,61.10977054,22.31999969,24,9°17' N,79°58' W,"De Guzman, 2020, Tree Physiology",near the Caribbean coast of Panama,Panama
N24,Ang,Moraceae,Brosimun allicastrum,,,,,0.76 ,,3.533333381,26.60 ,1633.00 ,1.163631518,1.0017,80.14568299,93.82169736,21.43599892,2,10°43?31.39?N,85°35?46.99?W,"Vargas, 2021, New Phytologist",Horizontes,Costa Rica
627 ,Ang,Moraceae,Broussonetia papyrifera,-0.51 ,3.36 ,0.43 ,,,,1.533333331,17.19 ,1259.00 ,0.599097986,1.063,606.2322877,78.61021309,4.047999859,17,25°42' N,105°35' E,"Fan, 2011, Tree Physiology",Guizhou Province,China
2261 ,Ang,Moraceae,Broussonetia papyrifera,,6.68 ,1.78 ,,0.32 ,,2.383333345,14.83 ,1141.00 ,0.681450467,1.1928,885.8909326,59.00553992,-2.440000057,20,31°48'N,114°04'E,"This study; Zhu, 2018, Tree Physiology",Henan province,China
2844 ,Ang,Moraceae,Broussonetia papyrifera,-0.62 ,4.05 ,1.09 ,,0.39 ,,1.575000008,21.79 ,1244.00 ,0.682104923,0.9054,514.7271923,76.36396698,9.815999985,19,22°07'N,106°45'E,"Zhang, 2021, Functional Ecology",Guangxi province,China
628 ,Ang,Simaroubaceae,Brucea javanica,-1.21 ,2.67 ,1.25 ,,,,1.533333331,17.19 ,1259.00 ,0.599097986,1.063,606.2322877,78.61021309,4.047999859,17,25°42' N,105°35' E,"Fan, 2011, Tree Physiology",Guizhou Province,China
1107 ,Ang,Rhizophoraceae,Bruguiera gymnorhiza,-8.32 ,1.13 ,0.77 ,67.28 ,0.91 ,,2.833333353,22.64 ,2301.00 ,0.587819246,1.8989,541.3383096,89.03357105,11.68000031,33,21° 34? N,108° 08? E,"Jiang, 2017, Tree Physiology",Guangxi province,China
2938 ,Ang,Rhizophoraceae,Bruguiera gymnorhiza,-8.32 ,,,,,,3.216666639,24.54 ,1745.00 ,0.697412468,1.3928,390.1725221,69.8213515,15.09599972,24,19°38'N,110°47'E,"Zhu, 2018, Tree Physiology",Hainan province,China
1043 ,Ang,Bruniaceae,Brunia noduliflora,,0.31 ,,18.56 ,0.56 ,1.50 ,3.683333317,14.30 ,602.00 ,1.077447454,0.5989,373.0088434,47.52210499,2.832000017,25,33°56' S,19°31' E,"Jacobsen, 2007a, 2009",Western Cape Province,South Africa
986 ,Ang,Winteraceae,Bubbia queenslandiana,-3.60 ,,,16.84 ,,,5.350000024,20.55 ,1785.00 ,0.802368564,1.0048,236.8696462,96.30186578,12.10400009,21,16°35' S,145°17' E,"Hacke, 2007, International Journal of Plant Sciences",North Queensland,Australia
987 ,Ang,Winteraceae,Bubbia semecarpoides,-3.27 ,,,,0.41 ,,4.908333361,24.31 ,2443.00 ,0.803484582,1.5265,239.7786785,88.40642962,16.61199951,35,16°50' S,145°40' E,"Hacke, 2007, International Journal of Plant Sciences",North Queensland,Australia
2564 ,Ang,Buddlejaceae,Buddleja davidii,,0.36 ,0.29 ,,0.49 ,,2.299999972,0.78 ,828.00 ,15.35548757,0.9958,691.690106,92.74818783,-13.50800037,4,29°22'N,101°55'E,"Xu, 2020, New Phytologist",Sichuan province,China
1581 ,Ang,Sapotaceae,Bumelia lanuginosa,-2.60 ,0.60 ,,,,,3.99999998,17.96 ,600.00 ,1.300554698,0.3702,737.0400322,40.15801859,0.483999997,25,30°55' N,99°54' W,"McElrone, 2004, New Phytologist",Texas ,USA
871 ,Ang,Pittosporaceae,Bursaria incana,,,,,,3.00 ,3.433333337,20.90 ,1400.00 ,1.018901775,0.7223,326.6472719,92.01642804,9.711999893,18,18°18' S,145°30' E,"Gleason, 2012, Functional Ecology; Blackman, 2014, Annals of Botany","Einasleigh, northern queensland",Australia
211 ,Ang,Pittosporaceae,Bursaria spinosa,,,,,0.76 ,,5.674999992,6.25 ,1531.00 ,0.387481756,2.0783,305.9782469,21.03196025,-2.220000029,85,42°40'S,146°37'E,"Blackman, 2012, Oecologia; Blackman, 2010, New Phytologist",Tasmania,Australia
2024 ,Ang,Pittosporaceae,Bursaria spinosa,-8.52 ,,,,,,4.416666627,11.58 ,637.00 ,0.463877453,0.6769,324.0222485,15.33784133,2.171999931,35,42°03'S,147°57' E,"Smith-Martin, 2020, Fuctional Ecology; Skelton, 2017, New Phytologist",East coast of Tasmania,Australia
1630 ,Ang,Burseraceae,Bursera heteresthes,,7.98 ,,57.35 ,0.40 ,,2.533333361,25.07 ,999.00 ,NA,0.4434,207.0734595,111.2129666,17.13199997,2,19°29'N,105°02'W,"Mendez-Alonzo, 2013, Trees-Strucyture and Function",the Pacific coast of Jalisco,Mexico
1631 ,Ang,Burseraceae,Bursera instabilis,,1.34 ,,59.17 ,0.40 ,,2.533333361,25.07 ,999.00 ,NA,0.4434,207.0734595,111.2129666,17.13199997,2,19°29'N,105°02'W,"Mendez-Alonzo, 2013, Trees-Strucyture and Function",the Pacific coast of Jalisco,Mexico
283 ,Ang,Burseraceae,Bursera simaruba,-1.00 ,3.55 ,1.85 ,,,,3.325000008,26.46 ,1746.00 ,0.996001165,1.0501,77.51506781,91.484941,21.35199928,1,10°52' N,85°34' W,"Brodribb, 2002, Plant Cell and Environment; Brodribb, 2003, Plant Cell and Environment", the Northern Pacific coast,Costa Rica
1378 ,Ang,Burseraceae,Bursera simaruba,-0.80 ,2.09 ,0.36 ,,,,1.608333349,26.51 ,2440.00 ,0.651162324,1.8771,63.25839735,64.44993932,22.71999931,16,9°10' N,79°51' W,"Lopez, 2005, Tree Physiology",Barro Colorado Island (BCI),Panama
N3,Ang,Burseraceae,Bursera simaruba,,0.69 ,1.10 ,,0.25 ,,3.99999994,26.07 ,939.00 ,NA,0.7402,130.6923339,58.51883815,19.67916679,26,17°58?2.17?N,66°53?17.54?W,"Vargas, 2021, New Phytologist",Guanica,Puerto Rico
N75,Ang,Burseraceae,Bursera simaruba,,4.06 ,1.01 ,,0.36 ,,2.366666665,25.43 ,1087.00 ,1.022873596,0.5479,207.2946945,70.07447924,15.63199997,22,20°5?26.73?N,89°33?47.66?W,"Vargas, 2021, New Phytologist",Kaxil Kiuic,Mexico
N96,Ang,Burseraceae,Bursera simaruba,,,,,0.36 ,,3.533333381,26.60 ,1633.00 ,1.163631518,1.0017,80.14568299,93.82169736,21.43599892,2,10°43?31.39?N,85°35?46.99?W,"Vargas, 2021, New Phytologist",Santa Rosa,Costa Rica
N88,Ang,Burseraceae,Bursera tomentosa,,,,,0.44 ,,3.533333381,26.60 ,1633.00 ,1.163631518,1.0017,80.14568299,93.82169736,21.43599892,2,10°43?31.39?N,85°35?46.99?W,"Vargas, 2021, New Phytologist",Santa Elena,Costa Rica
465 ,Ang,Buxaceae,Buxus sempervirens,-8.00 ,,,,,,5.191666643,14.94 ,649.00 ,0.814566681,0.739,594.6784285,34.8385522,2.680000067,20,43°37'N,3°53'E,"Choat, 2012, Nature",Montpellier,France
318 ,Ang,Malpighiaceae,Byrsonima crassa,-1.33 ,,,,0.53 ,2.25 ,1.816666663,20.44 ,1516.00 ,0.963975451,1.09,123.7480541,79.60995496,11.52799988,8,15°56' S,47°53' W,"Bucci, 2008, Brazilian Journal of Plant Physiology; Domec, 2006a, Plant Cell and Environment; Scholz, 2007, Plant Cell and Environment",south of Brasilia,Brazil
287 ,Ang,Malpighiaceae,Byrsonima crassifolia,,2.10 ,1.20 ,,,,3.325000008,26.46 ,1746.00 ,0.996001165,1.0501,77.51506781,91.484941,21.35199928,1,10°52' N,85°34' W,"Brodribb, 2002, Plant Cell and Environment; Brodribb, 2008, Plant Cell and Environment; Brodribb & Holbrook, 2006, Plant, Cell & Environment", the Northern Pacific coast,Costa Rica
N89,Ang,Malpighiaceae,Byrsonima crassifolia,,,,,0.61 ,,3.533333381,26.60 ,1633.00 ,1.163631518,1.0017,80.14568299,93.82169736,21.43599892,2,10°43?31.39?N,85°35?46.99?W,"Vargas, 2021, New Phytologist",Santa Elena,Costa Rica
944 ,Ang,Malpighiaceae,Byrsonima laxiflora,,,0.28 ,,0.55 ,,1.816666663,20.44 ,1516.00 ,0.963975451,1.0732,123.7480541,79.60995496,11.52799988,8,15°56'S,47°53'W,"Gotsch, 2010, Oecologia",cerrado of central Brazil,Brazil
945 ,Ang,Malpighiaceae,Byrsonima pachyphylla,,,0.19 ,,0.54 ,,1.816666663,20.44 ,1516.00 ,0.963975451,1.0732,123.7480541,79.60995496,11.52799988,8,15°56'S,47°53'W,"Gotsch, 2010, Oecologia",cerrado of central Brazil,Brazil
2826 ,Ang,Malvaceae,Byttneria aspera,-2.28 ,1.45 ,,,0.39 ,,1.225000004,20.88 ,1683.00 ,0.85605524,1.0122,338.2657063,78.45212263,10.92399979,17,21°36?N,101°35?E,"Zhang, 2019, Tree Physiology",Yunnan province,China
2909 ,Ang,Malvaceae,Byttneria integrifolia,-0.90 ,10.57 ,1.98 ,,0.37 ,,1.450000008,19.61 ,1575.00 ,0.7831742,1.2463,355.3021639,76.07293498,9.543999672,18,21°54'N,101°46'E,"Zhu, 2017, Tree Physiology",Yunnan Province,China
3007 ,Ang,Malvaceae,Byttneria integrifolia,-1.19 ,,,,,,1.225000014,22.42 ,1640.00 ,0.894353661,0.8598,350.4611648,75.65033519,11.8760004,18,21°55'N,101°16'E,"Zhu, 2018, Tree Physiology; Yan, 2020, Biology Letters",Yuanan province,China
561 ,Ang,Meliaceae,Cabralea canjerana,,,,,0.56 ,,2.425000012,20.61 ,1758.00 ,0.818603122,1.0689,358.7544802,17.00330333,9.584000587,107,25°42'S,54°29'W,"di Francescantonio, 2020, Fuctional Plant Biology",Misiones province,Argentina
1632 ,Ang,Fabaceae,Caesalpinia eriostachys,,5.47 ,,60.56 ,0.85 ,,2.533333361,25.07 ,999.00 ,NA,0.4434,207.0734595,111.2129666,17.13199997,2,19°29'N,105°02'W,"Mendez-Alonzo, 2013, Trees-Strucyture and Function",the Pacific coast of Jalisco,Mexico
N76,Ang,Fabaceae,Caesalpinia gaumeri,,2.38 ,1.80 ,,0.90 ,,2.366666665,25.43 ,1087.00 ,1.022873596,0.5479,207.2946945,70.07447924,15.63199997,22,20°5?26.73?N,89°33?47.66?W,"Vargas, 2021, New Phytologist",Kaxil Kiuic,Mexico
1492 ,Ang,Fabaceae,Caesalpinia pluviosa,,7.58 ,0.56 ,,0.61 ,,2.950000008,24.77 ,1143.00 ,0.998740338,0.6171,167.8732009,62.51391847,16.2159996,16,16°07' S,61°43' W,"Markesteijn et al, 2011a, 2011b","Near Conception, Santa Cruz",Bolivia
1633 ,Ang,Fabaceae,Caesalpinia sclerocarpa,,3.65 ,,57.58 ,0.71 ,,2.533333361,25.07 ,999.00 ,NA,0.4434,207.0734595,111.2129666,17.13199997,2,19°29'N,105°02'W,"Mendez-Alonzo, 2013, Trees-Strucyture and Function",the Pacific coast of Jalisco,Mexico
2724 ,Ang,Fabaceae,Callerya cinerea,,1.13 ,1.27 ,,0.65 ,,1.299999992,13.24 ,983.00 ,2.92760473,0.7174,576.9135477,90.39955827,-0.60799998,10,29°26'N,102°10'E,"Xu, 2020, New Phytologist",Sichuan province,China
1606 ,Ang,Bignoniaceae,Callichlamys latifolia,-1.66 ,5.81 ,0.16 ,,0.49 ,,1.916666647,26.94 ,2169.00 ,0.756386424,1.2534,65.14634424,68.85282668,22.84545517,16,9°00'N,79°33'W,"Medina-Vega, 2021, Journal of Ecology",near Panama City,Panama
2358 ,Ang,Fabaceae,Calliclamys latifolia,-1.01 ,9.32 ,0.37 ,,,,1.650000006,26.79 ,2330.00 ,0.716664737,1.3739,67.82329313,69.04398102,22.50799942,19,9°10'N,79°07'W,"van der Sande, 2013, Oecologia",Isthmus of Panama,Panama
1204 ,Gym,Cupressaceae,Callitris drummondii,-13.11 ,0.48 ,,10.15 ,0.62 ,,4.191666623,16.26 ,406.00 ,0.778673828,0.3547,323.7923226,36.206478,5.559999943,16,33°41'S,120°11'E,"Larter, 2017, New Phytologist",Western Australia,Australia
1208 ,Gym,Cupressaceae,Callitris endlicheri,-12.28 ,0.75 ,,13.18 ,0.66 ,,2.849999984,14.18 ,719.00 ,0.770764664,0.549,497.0063045,23.16756852,1.10800004,41,33°08'S,150°04'E,"Larter, 2017, New Phytologist",New south wales,Australia
1207 ,Gym,Cupressaceae,Callitris glaucophylla,-14.37 ,0.65 ,,11.02 ,0.74 ,,3.616666694,10.81 ,903.00 ,0.630799076,0.9262,481.2902449,16.53352962,-1.860000014,58,33°26'S,149°51'E,"Larter, 2017, New Phytologist",New south wales,Australia
2124 ,Gym,Cupressaceae,Callitris glaucophylla,,1.57 ,0.19 ,,,,2.800000012,17.33 ,401.00 ,1.500947943,0.3214,625.6142099,9.94693742,1.299999952,29,32°48'S,146°56'E,"Taylor & Eamus, 2008, Tree Physiology",,Australia
1206 ,Gym,Cupressaceae,Callitris gracilis,-12.49 ,0.36 ,,10.37 ,0.61 ,,3.483333349,17.38 ,268.00 ,1.387198844,0.1776,498.2617156,25.07872577,3.252000093,11,34°04'S,140°48'E,"Larter, 2017, New Phytologist",South Australia,Australia
1209 ,Gym,Cupressaceae,Callitris muelleri,-10.10 ,0.57 ,,10.22 ,0.47 ,,2.825000008,13.48 ,1197.00 ,0.638554779,1.1748,440.26171,35.44796494,1.980000019,52,33°44'S,150°22'E,"Larter, 2017, New Phytologist",New south wales,Australia
1210 ,Gym,Cupressaceae,Callitris neocaledonica,-3.83 ,0.55 ,,13.57 ,0.69 ,,4.933333357,19.11 ,2769.00 ,0.662711101,2.3716,182.0378957,24.83423299,12.4279995,140,21°53'S,166°25'E,"Larter, 2017, New Phytologist",New Caledonia,France
2025 ,Gym,Cupressaceae,Callitris rhomboidea,-8.51 ,,,,,,4.416666627,11.58 ,637.00 ,0.463877453,0.6769,324.0222485,15.33784133,2.171999931,35,42°03'S,147°57' E,"Smith-Martin, 2020, Fuctional Ecology; Skelton, 2017, New Phytologist",East coast of Tasmania,Australia
1201 ,Gym,Cupressaceae,Callitris roei,-12.21 ,0.34 ,,9.73 ,0.67 ,,3.533333321,16.56 ,338.00 ,1.006583911,0.2496,473.8020844,45.76231243,3.207999945,11,33°07'S,118°20'E,"Larter, 2017, New Phytologist",Western Australia,Australia
1211 ,Gym,Cupressaceae,Callitris sulcata,-8.24 ,0.56 ,,14.14 ,0.68 ,,3.49999996,22.36 ,1473.00 ,0.718162138,0.9474,242.4976778,36.18956397,14.95600033,54,22°08'S,166°29'E,"Larter, 2017, New Phytologist",New Caledonia,France (Overseas territories)
1205 ,Gym,Cupressaceae,Callitris verrucosa,-11.82 ,0.52 ,,9.87 ,0.62 ,,3.983333309,15.99 ,353.00 ,0.959997641,0.259,428.2760774,29.38771971,3.083999872,15,35°01'S,139°28'E,"Larter, 2017, New Phytologist",South Australia,Australia
2072 ,Ang,Calycanthaceae,Calycanthus floridus,-2.11 ,,,,,,2.408333302,14.72 ,1366.00 ,0.853392463,1.126,766.4352208,9.509275435,-2.220000029,99,35°12' N,82°14' W,"Sperry, 2007, International Journal of Plant Sciences",North Carolina,USA
302 ,Ang,Rubiaceae,Calycophyllum candidissimum,-2.87 ,1.11 ,1.05 ,,,,3.325000008,26.46 ,1746.00 ,0.996001165,1.0501,77.51506781,91.484941,21.35199928,1,10°52' N,85°34' W,"Brodribb, 2005, New Phytologist; Brodribb, 2003, Plant Cell and Environment? Brodribb, 2002, Plant Cell and Environment", the Northern Pacific coast,Costa Rica
N25,Ang,Rubiaceae,Calycophyllum candidissimum,,,,,0.77 ,,3.533333381,26.60 ,1633.00 ,1.163631518,1.0017,80.14568299,93.82169736,21.43599892,2,10°43?31.39?N,85°35?46.99?W,"Vargas, 2021, New Phytologist",Horizontes,Costa Rica
1270 ,Ang,Theaceae,Camellia chekiangoleosa,,0.39 ,,,0.52 ,,2.383333345,16.19 ,1749.00 ,0.606894284,1.7554,831.410251,57.04453011,1.052000046,44,29°15' N,118°07' E,"Liu, 2016, Ecology",Zhejiang province,China
1271 ,Ang,Theaceae,Camellia fraterna,,0.75 ,,,0.47 ,,2.383333345,16.19 ,1749.00 ,0.606894284,1.7554,831.410251,57.04453011,1.052000046,44,29°15' N,118°07' E,"Liu, 2016, Ecology",Zhejiang province,China
2860 ,Ang,Theaceae,Camellia fraterna,,0.43 ,0.24 ,,0.54 ,,3.800000052,17.04 ,1262.00 ,0.591932528,1.3539,825.8536277,42.18081321,2.092000008,45,29°52'N,121°39'E,"Zhao, 2016, Chinese Journal of Plant Ecology",Zhejiang Province,China
2952 ,Ang,Theaceae,Camellia semiserrata,-4.39 ,,,,,,1.866666645,20.60 ,1835.00 ,0.759396395,1.4258,565.6792834,66.92045161,8.623999596,37,23°10'N,112°31'E,"Zhu, 2018, Tree Physiology",Guangdong Province,China
3065 ,Ang,Fabaceae,Campylotropis delavayi,-2.99 ,2.87 ,0.40 ,,0.68 ,,1.241666675,21.73 ,1241.00 ,0.650657102,0.5667,418.0369268,86.52378798,10.16399956,13,23°27'N,102°10'E,"Zhu, 2018, Tree Physiology; Zhang, 2019, Forests; Yan, 2020, Biology Letters",Yunnan province,China
2135 ,Ang,Fabaceae,Campylotropis macrocarpa,,2.21 ,0.85 ,,0.70 ,,1.708333333,15.31 ,1184.00 ,0.558582058,1.1298,632.1588893,75.233605,1.911999941,18,26°15'N,105°80'E,This study,Guizhou Province,China
3168 ,Ang,Fabaceae,Campylotropis macrocarpa,-0.79 ,,,,0.80 ,,1.575000008,21.79 ,1244.00 ,0.682104923,0.9054,514.7271923,76.36396698,9.815999985,19,22°07'N,106°45'E,"???, 2019, ??????",Guangxi province,China
2174 ,Ang,Burseraceae,Canarium album,-1.64 ,2.30 ,1.17 ,,0.45 ,25.00 ,1.87499999,20.60 ,1835.00 ,0.759396395,1.3895,565.6792834,66.92045161,8.623999596,37,23°10' N,112°32' E,"This study; Zhu, 2013, Plant, Cell & Environment",Guangdong Province,China
815 ,Ang,Burseraceae,Canarium australianum,,3.26 ,0.73 ,43.73 ,0.45 ,,4.891666691,23.63 ,2084.00 ,0.865874479,1.3729,289.0695581,88.38712088,14.96000004,29,18°24' S,146°6' E,"Gleason, 2012, Functional Ecology",Queensland,Australia
2324 ,Ang,Burseraceae,Canarium caudatum,-1.47 ,,,,,,1.808333327,27.33 ,3096.00 ,0.808628976,2.0808,45.1874726,24.42523653,22.56800079,192,4°34' N,114°25' E,"Tyree, 1998, Tree Physiology",Badas,Brunei
2182 ,Ang,Burseraceae,Canarium pimela,-0.91 ,2.19 ,0.72 ,,0.46 ,18.00 ,1.87499999,20.60 ,1835.00 ,0.759396395,1.3895,565.6792834,66.92045161,8.623999596,37,23°10' N,112°32' E,"This study; Zhu, 2013, Plant, Cell & Environment; Zhu, 2018, Tree Physiology",Guangdong Province,China
3169 ,Ang,Opiliaceae,Cansjera rheedei,-1.49 ,,,,0.55 ,,1.575000008,21.79 ,1244.00 ,0.682104923,0.9054,514.7271923,76.36396698,9.815999985,19,22°07'N,106°45'E,"???, 2019, ??????",Guangxi province,China
2183 ,Ang,Rubiaceae,Canthium horridum,-1.64 ,2.31 ,0.60 ,,0.66 ,2.50 ,1.87499999,20.60 ,1835.00 ,0.759396395,1.3895,565.6792834,66.92045161,8.623999596,37,23°10' N,112°32' E,"This study; Zhu, 2013, Plant, Cell & Environment; Zhu, 2018, Tree Physiology",Guangdong Province,China
2032 ,Ang,Capparaceae,Capparis aristiguetae,-2.45 ,0.11 ,0.48 ,,,,2.308333337,22.92 ,1162.00 ,0.859320757,0.694,73.08045044,62.82491845,17.07600021,18,10°15' N,67°03' W,"Sobrado, 1997, Acta Ecologica",Estado Miranda,Venezuela
1493 ,Ang,Capparaceae,Capparis prisca,,0.63 ,0.71 ,,0.53 ,,2.950000008,24.77 ,1143.00 ,0.998740338,0.6171,167.8732009,62.51391847,16.2159996,16,16°07' S,61°43' W,"Markesteijn et al, 2011a, 2011b","Near Conception, Santa Cruz",Bolivia
2496 ,Ang,Fabaceae,Caragana erinacea,,,0.25 ,,,,2.816666643,2.32 ,776.00 ,6.982331523,1.0537,659.7644595,96.74401021,-12.15600014,2,29°27'N,101°36'E,"Xu, 2020, New Phytologist",Sichuan province,China
2506 ,Ang,Fabaceae,Caragana erinacea,,,0.29 ,,,,2.924999992,0.31 ,780.00 ,3.611983221,1.1344,674.6779187,95.99849388,-13.99600029,2,29°31'N,101°40'E,"Xu, 2020, New Phytologist",Sichuan province,China
2484 ,Ang,Fabaceae,Caragana franchetiana,,,0.28 ,,,,2.691666643,2.55 ,774.00 ,6.982331523,0.9977,653.3985796,96.99491164,-11.75199986,2,29°28'N,101°32'E,"Xu, 2020, New Phytologist",Sichuan province,China
921 ,Ang,Fabaceae,Caragana korshinskii,-1.63 ,2.80 ,0.70 ,,,,3.399999996,6.89 ,428.00 ,0.911477495,0.4092,1372.242874,114.5119983,-19.15999985,2,43°48?N,121°03?E,"Gong, 2020, Forest Ecology and Management",Inner Mongolia,China
1221 ,Ang,Fabaceae,Caragana korshinskii,-2.64 ,4.52 ,0.67 ,,0.63 ,3.00 ,2.516666691,7.94 ,419.00 ,0.848656892,0.4289,1161.44435,105.9233403,-16.55999947,2,38°48' N,110°24'E,"Li, 2016, Ecological Research; ???, 2016, ??????",Shaanxi Province,China
3117 ,Ang,Leguminosae,Caragana korshinskii,-4.39 ,,0.12 ,35.40 ,,,2.474999964,8.00 ,198.00 ,0.849788784,0.1981,1042.022681,98.44806887,-14.03600025,1,37°27'N,104°48'E,"??, 2018, ????",Ningxia,China
3179 ,Ang,Fabaceae,Caragana korshinskii,,0.42 ,,,,,2.775000016,8.00 ,186.00 ,1.047270103,0.1917,1155.992554,92.90733162,-15.22399998,1,38°84' N,105°66' E,"???, 2010, ?????",???,China
3118 ,Ang,Leguminosae,Caragana liouana,-3.00 ,,0.27 ,26.70 ,,,2.608333349,6.92 ,377.00 ,0.796299748,0.402,1198.452743,105.734222,-18.95199966,3,39°15'N,109°46'E,"??, 2018, ????",Inner Mongolia,China
922 ,Ang,Fabaceae,Caragana microphylla,-1.46 ,1.40 ,0.76 ,,,,3.399999996,6.89 ,428.00 ,0.911477495,0.4092,1372.242874,114.5119983,-19.15999985,2,43°48?N,121°03?E,"Gong, 2020, Forest Ecology and Management",Inner Mongolia,China
959 ,Ang,Fabaceae,Caragana microphylla,-1.53 ,1.48 ,0.67 ,,,,3.033333341,6.74 ,396.00 ,0.919943515,0.3816,1325.329171,110.4624384,-18.35199928,3,43°01'N,119°43'E,"Guo, 2020, Land Degradation & Development",Inner Mongolia,China
1346 ,Ang,Fabaceae,Caragana microphylla,,0.83 ,0.26 ,,0.65 ,1.50 ,3.033333321,6.98 ,403.00 ,0.919943515,0.3812,1312.006948,111.2644035,-17.76000023,2,43°02'N,119°39'E,"Liu, 2019, Science Advances",Inner Mongolia,China
3119 ,Ang,Leguminosae,Caragana microphylla,-2.41 ,,0.08 ,31.50 ,,,3.216666659,7.00 ,432.00 ,0.922731482,0.3995,1330.055384,110.9216202,-18.27199936,3,42°59'N,120°26'E,"??, 2018, ????",Inner Mongolia,China
2184 ,Ang,Rhizophoraceae,Carallia brachiata,-3.79 ,8.85 ,0.93 ,,0.70 ,9.00 ,1.87499999,20.60 ,1835.00 ,0.759396395,1.3895,565.6792834,66.92045161,8.623999596,37,23°10' N,112°32' E,"This study; Zhu, 2013, Plant, Cell & Environment; Zhu, 2018, Tree Physiology",Guangdong Province,China
2286 ,Ang,Proteaceae,Cardwellia sublimis,,,0.72 ,,,,4.408333341,21.18 ,2634.00 ,0.767544866,1.4659,264.3066765,71.70189156,12.47599983,49,17°07'S,145°37'E,"Togashi, 2015, Ecology and Evolution",Queensland,Australia
796 ,Ang,Apocynaceae,Carissa lanceolata,,2.38 ,0.38 ,19.16 ,0.68 ,2.00 ,2.391666681,26.83 ,687.00 ,2.472404017,0.3277,380.6304795,119.4832856,13.63599968,1,18°43' S,141°50' E,"Gleason, 2012, Functional Ecology",Carpentaria,Australia
485 ,Ang,Betulaceae,Carpinus betulus,-3.95 ,,,,,,2.699999988,11.29 ,598.00 ,0.592509912,0.6645,603.3775522,38.21785488,-2.052000046,27,45°47' N,3°09' E,"Cochard, 2005, Cochard, Physiologia Plantarum",Clermont-Ferrand,France
570 ,Ang,Betulaceae,Carpinus betulus,-4.70 ,,,,,,2.591666659,9.23 ,988.00 ,0.444126799,1.5049,647.6486462,15.63213473,-4.047999859,63,47°28'N,7°30'E,"Dietrich, 2019, Journal of Ecology",Basel,Switzerland
1981 ,Ang,Betulaceae,Carpinus betulus,-3.67 ,,,,0.71 ,,3.125,9.76 ,583.00 ,0.605816588,0.7281,745.6629679,28.56675466,-5.191999912,30,48°14'N,16°20'E,"Savi, 2019, Tree Physiology",Vienna,Austria
2767 ,Ang,Betulaceae,Carpinus cordata ,,,0.68 ,17.53 ,,,2.141666661,9.62 ,592.00 ,0.661215941,0.635,902.384731,79.18673104,-9.227999687,4,35°09'N,108°45'E,"Yin, 2019, Forests",Shaanxi Province,China
1016 ,Ang,Betulaceae,Carpinus orientalis,-4.35 ,,,22.59 ,,,3.800000012,20.31 ,122.00 ,1.487184874,0.0941,555.9145618,113.3935517,5.384000301,0,30°39' N,20°18' E,"Iovi, 2009, Tree Physiology",Epirus region,Greece
1962 ,Ang,Betulaceae,Carpinus orientalis,-4.31 ,,,,0.79 ,,2.224999984,13.22 ,1284.00 ,0.550608952,1.2953,680.3336276,20.82444629,0.263999999,70,45°38'N,13°48''E,"Savi, 2019, Tree Physiology",Trieste,Italy
651 ,Ang,Betulaceae,Carpinus pubescens,-1.39 ,2.70 ,1.01 ,,,,1.708333333,15.31 ,1184.00 ,0.558582058,1.1298,632.1588893,75.233605,1.911999941,18,26°15' N,105°44' E,"Fan, 2011, Tree Physiology; Fan, 2018, Forest Ecosystems",Guizhou Province,China
2136 ,Ang,Betulaceae,Carpinus turczaninowii,,2.57 ,0.89 ,,0.64 ,,1.708333333,15.31 ,1184.00 ,0.558582058,1.1298,632.1588893,75.233605,1.911999941,18,26°15'N,105°80'E,This study,Guizhou Province,China
271 ,Ang,Myrtaceae ,Carpolepis laurophylla,,1.77 ,1.61 ,,,,3.900000016,19.33 ,2351.00 ,0.718162138,1.9001,192.9429245,29.3970836,12.20800018,110,22°02' S,166°28' E,"Brodribb & Feild, 2000, Plant, Cell and Environment",New Caledonia,France (Overseas territories)
978 ,Ang,Juglandaceae,Carya glabra,,,,62.06 ,,,2.350000024,14.72 ,1366.00 ,0.853392463,1.1189,766.4352208,9.509275435,-2.220000029,99,35°12' N,82°14' W,"Hacke, 2006, Tree Physiology","Tyron, North Carolina",USA
307 ,Ang,Caryocaraceae,Caryocar brasiliense,-1.48 ,2.67 ,0.25 ,,0.35 ,3.35 ,1.816666663,20.44 ,1516.00 ,0.963975451,1.09,123.7480541,79.60995496,11.52799988,8,15°56' S,47°53' W,"Bucci, 2006, Plant Cell and Environment",33 km south of Brasilia,Brasil
315 ,Ang,Caryocaraceae,Caryocar brasiliense,,,,,0.52 ,3.35 ,1.816666663,20.44 ,1516.00 ,0.963975451,1.09,123.7480541,79.60995496,11.52799988,8,15°56' S,47°53' W,"Bucci, 2008, Brazilian Journal of Plant Physiology; Bucci, 2004, Tree Physiology; Scholz, 2007, Plant Cell and Environment",south of Brasilia,Brazil
132 ,Ang,Caryocaraceae,Caryocar glabrum,-1.78 ,,,,,,1.166666687,26.44 ,2352.00 ,0.788916395,1.4227,44.22227014,42.47501585,21.47200012,81,2°37'S,60°13'W,"Barros, 2019, New Phytologist","Manaus, Amazonas",Brazil
2037 ,Ang,Caryocaraceae,Caryocar glabrum,,2.42 ,0.80 ,35.53 ,0.35 ,6.00 ,1.016666661,26.28 ,3400.00 ,0.750267507,1.7274,48.81918989,24.9449351,18.87199974,195,1°54' N,67°03' W,"Sobrado, 2010, Journal of Tropical Ecology", southern Venezuela,Venezuela
N26,Ang,Salicaceae,Casearia corymbosa,,,,,0.61 ,,3.533333381,26.60 ,1633.00 ,1.163631518,1.0017,80.14568299,93.82169736,21.43599892,2,10°43?31.39?N,85°35?46.99?W,"Vargas, 2021, New Phytologist",Horizontes,Costa Rica
N64,Ang,Salicaceae,Casearia corymbosa,,2.34 ,0.66 ,,0.68 ,,0.933333327,27.11 ,2361.00 ,0.967750517,0.9,42.79068225,42.88318898,21.69199944,87,5°3?36?N,74°49?48?W,"Vargas, 2021, New Phytologist",Jabiru,Colombia
1494 ,Ang,Salicaceae,Casearia gossypiosperma,-4.60 ,2.18 ,0.69 ,,0.52 ,,2.950000008,24.77 ,1143.00 ,0.998740338,0.6171,167.8732009,62.51391847,16.2159996,16,16°07' S,61°43' W,"Markesteijn et al, 2011a, 2011b","Near Conception, Santa Cruz",Bolivia
N27,Ang,Salicaceae,Casearia sylvestris,,,,,0.64 ,,3.533333381,26.60 ,1633.00 ,1.163631518,1.0017,80.14568299,93.82169736,21.43599892,2,10°43?31.39?N,85°35?46.99?W,"Vargas, 2021, New Phytologist",Horizontes,Costa Rica
2185 ,Ang,Salicaceae,Casearia velutina,-3.12 ,1.26 ,1.03 ,,0.60 ,2.50 ,1.87499999,20.60 ,1835.00 ,0.759396395,1.3895,565.6792834,66.92045161,8.623999596,37,23°10' N,112°32' E,"This study; Zhu, 2013, Plant, Cell & Environment; Zhu, 2018, Tree Physiology",Guangdong Province,China
836 ,Ang,Asteraceae,Cassinia aculeata,,1.00 ,0.31 ,19.41 ,0.61 ,,4.083333333,10.05 ,640.00 ,0.468981124,0.5986,365.5327037,17.11005639,-0.815999985,37,42°23' S,147°03' E,"Gleason, 2012, Functional Ecology",Tasmanian Central Highland forests,Australia
2062 ,Ang,Rhizophoraceae,Cassipourea elliptica,-4.80 ,,,29.50 ,,,1.608333349,26.51 ,2440.00 ,0.651162324,1.8771,63.25839735,64.44993932,22.71999931,16,9°10' N,79°51' W,"Sperry, 1988b, Physiologia Plantarum",Barro Colorado Island (BCI),Panama
1162 ,Ang,Fagaceae,Castanea henryi,-4.51 ,10.40 ,,,0.61 ,,2.208333323,17.35 ,1684.00 ,0.676074042,1.5223,844.751388,58.67976924,1.547999978,45,29°05'N,117°55'E,"Kröber, 2014, PloS one",Jiangxi province,China
15 ,Ang,Fagaceae,Castanopsis acuminatissima,,10.49 ,0.64 ,60.43 ,,44.20 ,1.208333343,21.09 ,1997.00 ,0.725864083,1.393,41.63576929,29.39761851,15.43999958,96,1°29'S,120°04'E,"Alexandra, 2012, Flora",Central Sulawesi,Indonesia
2811 ,Ang,Fagaceae,Castanopsis acuminatissima,,10.49 ,0.64 ,60.43 ,,44.20 ,1.166666677,21.09 ,1997.00 ,0.725864083,1.3865,41.63576929,29.39761851,15.43999958,96,1°29'S,120°04'E,"Zach, 2010, Flora",Sulawesi,Indonesia
2861 ,Ang,Fagaceae,Castanopsis carlesii,,0.43 ,0.27 ,,0.60 ,,3.800000052,17.04 ,1262.00 ,0.591932528,1.3539,825.8536277,42.18081321,2.092000008,45,29°52'N,121°39'E,"Zhao, 2016, Chinese Journal of Plant Ecology",Zhejiang Province,China
2159 ,Ang,Fagaceae,Castanopsis chinensis,,4.31 ,,,0.48 ,,2.033333292,17.68 ,1677.00 ,0.640949642,1.3692,655.2663136,66.08128464,4.271999836,35,24°30'N,113°12'E,This study,Guangdong province,China
2229 ,Ang,Fagaceae ,Castanopsis chinensis,-2.36 ,4.07 ,1.09 ,,0.54 ,25.00 ,1.87499999,20.60 ,1835.00 ,0.759396395,1.3895,565.6792834,66.92045161,8.623999596,37,23°10' N,112°32' E,"This study; Zhu, 2013, Plant, Cell & Environment; Zhu, 2019, Tree Physiology",Guangdong Province,China
1163 ,Ang,Fagaceae,Castanopsis eyrei,-2.79 ,2.04 ,,,0.54 ,,2.208333323,17.35 ,1684.00 ,0.676074042,1.5223,844.751388,58.67976924,1.547999978,45,29°05'N,117°55'E,"Kröber, 2014, PloS one",Jiangxi province,China
1272 ,Ang,Fagaceae,Castanopsis eyrei,,0.95 ,,,0.53 ,,2.383333345,16.19 ,1749.00 ,0.606894284,1.7554,831.410251,57.04453011,1.052000046,44,29°15' N,118°07' E,"Liu, 2016, Ecology",Zhejiang province,China
1164 ,Ang,Fagaceae,Castanopsis fargesii,-3.34 ,1.18 ,,,0.51 ,,2.208333323,17.35 ,1684.00 ,0.676074042,1.5223,844.751388,58.67976924,1.547999978,45,29°05'N,117°55'E,"Kröber, 2014, PloS one",Jiangxi province,China
1273 ,Ang,Fagaceae,Castanopsis fargesii,,0.97 ,,,0.51 ,,2.383333345,16.19 ,1749.00 ,0.606894284,1.7554,831.410251,57.04453011,1.052000046,44,29°15' N,118°07' E,"Liu, 2016, Ecology",Zhejiang province,China
2862 ,Ang,Fagaceae,Castanopsis fargesii,,0.59 ,0.32 ,,0.58 ,,3.800000052,17.04 ,1262.00 ,0.591932528,1.3539,825.8536277,42.18081321,2.092000008,45,29°52'N,121°39'E,"Zhao, 2016, Chinese Journal of Plant Ecology",Zhejiang Province,China
2186 ,Ang,Fagaceae ,Castanopsis fissa,-1.27 ,8.23 ,0.97 ,,0.50 ,10.00 ,1.87499999,20.60 ,1835.00 ,0.759396395,1.3895,565.6792834,66.92045161,8.623999596,37,23°10' N,112°32' E,"This study; Zhu, 2013, Plant, Cell & Environment; Zhu, 2018, Tree Physiology",Guangdong Province,China
2827 ,Ang,Fagaceae,Castanopsis hainanensis,-1.75 ,1.63 ,,,0.49 ,,1.225000004,20.88 ,1683.00 ,0.85605524,1.0122,338.2657063,78.45212263,10.92399979,17,21°36?N,101°35?E,"Zhang, 2019, Tree Physiology",Yunnan province,China
2882 ,Ang,Fagaceae ,Castanopsis hystrix,-1.06 ,5.13 ,0.96 ,,0.58 ,,2.391666651,22.44 ,2177.00 ,0.679918148,1.613,520.8183658,75.162042,11.56799984,28,22°34' N,112°50' E,"Zhu, 2017, Forest Ecology and Management",Guangdong Province,China
2953 ,Ang,Fagaceae,Castanopsis hystrix,-1.06 ,,,,,,1.866666645,20.60 ,1835.00 ,0.759396395,1.4258,565.6792834,66.92045161,8.623999596,37,23°10'N,112°31'E,"Zhu, 2018, Tree Physiology",Guangdong Province,China
2828 ,Ang,Fagaceae,Castanopsis indica,-1.58 ,2.01 ,,,0.51 ,,1.225000004,20.88 ,1683.00 ,0.85605524,1.0122,338.2657063,78.45212263,10.92399979,17,21°36?N,101°35?E,"Zhang, 2019, Tree Physiology",Yunnan province,China
1165 ,Ang,Fagaceae,Castanopsis sclerophylla,-4.39 ,1.12 ,,,0.55 ,,2.208333323,17.35 ,1684.00 ,0.676074042,1.5223,844.751388,58.67976924,1.547999978,45,29°05'N,117°55'E,"Kröber, 2014, PloS one",Jiangxi province,China
3157 ,Ang,Fagaceae,Castanopsis sclerophylla,,0.89 ,0.46 ,22.60 ,0.47 ,6.60 ,,16.65 ,1219.00 ,0.464880167,#VALUE!,779.7846714,37.61802156,3.539999962,46,29°58'N,122°23'E,"???, 2017, ??????",Zejiang province,China
1274 ,Ang,Fagaceae,Castanopsis tibetana,,1.03 ,,,0.46 ,,2.383333345,16.19 ,1749.00 ,0.606894284,1.7554,831.410251,57.04453011,1.052000046,44,29°15' N,118°07' E,"Liu, 2016, Ecology",Zhejiang province,China
2910 ,Ang,Fagaceae,Castanopsis indica,-1.30 ,4.45 ,1.25 ,,0.47 ,,1.450000008,19.61 ,1575.00 ,0.7831742,1.2463,355.3021639,76.07293498,9.543999672,18,21°54'N,101°46'E,"Zhu, 2017, Tree Physiology",Yunnan Province,China
1651 ,Ang,Casuarinaceae,Casuarina humilis,,0.88 ,0.02 ,22.57 ,1.18 ,,3.441666683,16.82 ,359.00 ,1.116587761,0.2473,521.4274796,49.21736532,2.692000151,11,32°19' S,117°52' E,"Mitchell, 2008, Oecologia",Western Australia,Australia
1253 ,Ang,Casuarinaceae,Casuarina obesa,-1.39 ,,,,,10.00 ,2.99999998,17.07 ,417.00 ,1.296086607,0.3235,471.5872751,94.41524756,3.832000017,1,34°08' N,118°17' W,"Litvak, 2012, Tree Physiology",Southern California,USA
1901 ,Ang,Rhamnaceae,Ceanothus arboreus,-3.05 ,,,,,,3.566666702,16.15 ,341.00 ,0.682563246,0.3127,321.3511065,99.04029823,7.554166794,1,33°24'N,118°24'W,"Ramirez, 2020, Conservation Physiology",California,USA
200 ,Ang,Rhamnaceae,Ceanothus crassifolius,-8.20 ,0.53 ,0.14 ,,,,3.62500002,15.59 ,480.00 ,0.788134638,0.5247,338.7349418,98.72914819,5.920000076,0,34°30' N,119°49' W,"Bhaskar, 2007, New Phytologist","Santa Barbara, California",USA
1090 ,Ang,Rhamnaceae,Ceanothus crassifolius,-8.67 ,1.24 ,,24.33 ,0.66 ,,3.725000004,16.20 ,423.00 ,1.125048534,0.4686,377.1979572,97.63919604,6.475999832,1,34°05' N,118°42' W,"Jacobsen, 2007c, Ecological Monographs; Davis, 1999, Ecoscience; Davis, 2002, American Journal of Botany; Hacke, 2006, Tree Physiology; Pratt, 2007a; 2007b",Southern California,USA
1911 ,Ang,Rhamnaceae,Ceanothus crassifolius,-10.16 ,,,,,,3.033333361,15.72 ,443.00 ,1.235994051,0.4577,514.632028,90.34097219,2.019999981,2,33°39'N,117°24'W,"Ramirez, 2020, Conservation Physiology",California,USA
1061 ,Ang,Rhamnaceae,Ceanothus cuneatus,-8.16 ,0.99 ,,23.43 ,0.68 ,3.20 ,3.674999992,16.29 ,426.00 ,1.125048534,0.4373,426.7080897,99.9189354,5.268000126,1,34°06' N,118°39' W,"Jacobsen, 2007b, Plant, Cell and Environment; Jacobsen, 2007c, Ecological Monographs; Jacobsen, 2008, New Phytologist; Hacke, 2009, Plant, Cell and Environment; Davis, 1999, Ecoscience; Pratt, 2007a; 2007b",Southern California,USA
205 ,Ang,Rhamnaceae,Ceanothus greggii,-6.00 ,0.63 ,0.12 ,,,,2.074999968,16.95 ,555.00 ,1.307651315,0.3205,188.7757412,87.79243127,8.236000061,7,18°15' N,97°26' W,"Bhaskar, 2007, New Phytologist",Tehuacan Valey,Mexico
1751 ,Ang,Rhamnaceae,Ceanothus greggii,-7.01 ,,,,,1.40 ,3.516666671,12.79 ,504.00 ,1.898801884,0.272,672.0120797,69.76744186,-2.676000118,3,33°35'N,116°27'W,"Paddock, 2013, Aliso",California,USA
1806 ,Ang,Rhamnaceae,Ceanothus greggii,-4.30 ,0.30 ,,,0.62 ,,3.408333321,13.31 ,597.00 ,1.317432595,0.4413,652.6266486,76.80421818,-1.980000019,3,33°21' N,116°34' W,"Pivovaroff, 2016, Oecologia",Southern California,USA
1091 ,Ang,Rhamnaceae,Ceanothus leucodermis,-4.13 ,1.44 ,,28.27 ,0.58 ,,3.725000004,16.20 ,423.00 ,1.125048534,0.4686,377.1979572,97.63919604,6.475999832,1,34°06' N,118°39' W,"Jacobsen, 2007c, Ecological Monographs; Davis, 1999, Ecoscience; Pratt, 2007a; 2007b",Southern California,USA
1099 ,Ang,Rhamnaceae,Ceanothus leucodermis,-4.26 ,1.59 ,,27.20 ,0.60 ,,3.416666627,14.47 ,374.00 ,1.453334251,0.2615,669.9579101,94.28395293,-0.555999994,2,34°40' N,118°26' W,"Jacobsen, 2016, Plant, Cell and Environment",California,USA
1036 ,Ang,Rhamnaceae,Ceanothus megacarpus,-8.60 ,1.43 ,0.36 ,26.93 ,0.70 ,2.30 ,3.674999992,16.29 ,426.00 ,1.125048534,0.4373,426.7080897,99.9189354,5.268000126,1,34°06' N,118°39' W,"Jacobsen, 2005, Plant Physiology; Jacobsen, 2007b, Plant, Cell and Environment; Jacobsen, 2007c, Ecological Monographs; Jacobsen, 2008, New Phytologist; Hacke, 2009, Plant, Cell and Environment; Davis, 1999, Ecoscience; Kolb & Davis, 1994, Ecology; Pratt, 2007a; 2007b",Southern California,USA
1902 ,Ang,Rhamnaceae,Ceanothus megacarpus,-11.39 ,,,,,,3.566666702,16.15 ,341.00 ,0.682563246,0.3127,321.3511065,99.04029823,7.554166794,1,33°24'N,118°24'W,"Ramirez, 2020, Conservation Physiology",California,USA
1062 ,Ang,Rhamnaceae,Ceanothus oliganthus,-4.89 ,1.25 ,,26.81 ,0.60 ,3.20 ,3.674999992,16.29 ,426.00 ,1.125048534,0.4373,426.7080897,99.9189354,5.268000126,1,34°06' N,118°39' W,"Jacobsen, 2007b, Plant, Cell and Environment; Jacobsen, 2007c, Ecological Monographs; Jacobsen, 2008, New Phytologist; Hacke, 2009, Plant, Cell and Environment; Davis, 1999, Ecoscience; Pratt, 2007a; 2007b",Southern California,USA
1912 ,Ang,Rhamnaceae,Ceanothus oliganthus,-2.75 ,,,,,,3.033333361,15.72 ,443.00 ,1.235994051,0.4577,514.632028,90.34097219,2.019999981,2,33°39'N,117°24'W,"Ramirez, 2020, Conservation Physiology",California,USA
1037 ,Ang,Rhamnaceae,Ceanothus spinosus,-5.41 ,1.46 ,,27.56 ,0.62 ,3.40 ,3.674999992,16.29 ,426.00 ,1.125048534,0.4373,426.7080897,99.9189354,5.268000126,1,34°06' N,118°39' W,"Jacobsen, 2005, Plant Physiology; Jacobsen, 2007b, Plant, Cell and Environment; Jacobsen, 2007c, Ecological Monographs; Jacobsen, 2008, New Phytologist; Hacke, 2009, Plant, Cell and Environment; Davis, 1999, Ecoscience; Pratt, 2007a; 2007b",Southern California,USA
1788 ,Ang,Rhamnaceae,Ceanothus tomentosus,-3.80 ,0.81 ,0.19 ,,0.74 ,,2.800000012,17.37 ,335.00 ,1.184487994,0.2555,500.2328626,87.24346036,3.43599987,2,33°29' N,117°09' W,"Pivovaroff, 2014, New Phytologist",Southern California,USA
1495 ,Ang,Urticaceae,Cecropia concolor,-0.80 ,4.99 ,0.53 ,,0.21 ,,2.950000008,24.77 ,1143.00 ,0.998740338,0.6171,167.8732009,62.51391847,16.2159996,16,16°07' S,61°43' W,"Markesteijn et al, 2011a, 2011b","Near Conception, Santa Cruz",Bolivia
562 ,Ang,Meliaceae,Cedrela fissilis,,,,,0.49 ,,2.425000012,20.61 ,1758.00 ,0.818603122,1.0689,358.7544802,17.00330333,9.584000587,107,25°42'S,54°29'W,"di Francescantonio, 2020, Fuctional Plant Biology",Misiones province,Argentina
2384 ,Ang,Meliaceae,Cedrela fissilis,-0.73 ,2.17 ,2.54 ,,0.49 ,21.20 ,2.366666635,20.36 ,1765.00 ,0.818603122,1.0864,359.0264792,17.9971639,9.279999733,110,25°37' S,54°20' W,"Villagra, 2012, 2013, Tree Physiology; Carrasco, 2013, Acta Horticultrae",northern Argentina,Argentina 
N28,Ang,Meliaceae,Cedrela odorata,,5.32 ,0.90 ,,0.45 ,,3.533333381,26.60 ,1633.00 ,1.163631518,1.0017,80.14568299,93.82169736,21.43599892,2,10°43?31.39?N,85°35?46.99?W,"Vargas, 2021, New Phytologist",Horizontes,Costa Rica
2001 ,Gym,Pinaceae,Cedrus deodara,-5.49 ,,,,,,4.458333333,8.32 ,930.00 ,0.540178555,1.0102,436.8447751,57.49700711,-3.263999939,27,41°08'S,71°19'W,"Sergent, 2020, Forest Ecology and Management",Río Negro Province,Argentina
1496 ,Ang,Malvaceae,Ceiba samaura,,6.93 ,0.87 ,,0.24 ,,2.950000008,24.77 ,1143.00 ,0.998740338,0.6171,167.8732009,62.51391847,16.2159996,16,16°07' S,61°43' W,"Markesteijn et al, 2011a, 2011b","Near Conception, Santa Cruz",Bolivia
357 ,Ang,Malvaceae,Ceiba speciosa,,,,,0.39 ,20.00 ,2.366666635,20.36 ,1765.00 ,0.818603122,1.0864,359.0264792,17.9971639,9.279999733,110,25°37' S,54°20' W,"Carrasco, 2013, Acta Horticultrae",northern Argentina,Argentina 
563 ,Ang,Malvaceae,Ceiba speciosa,,,,,0.41 ,,2.425000012,20.61 ,1758.00 ,0.818603122,1.0689,358.7544802,17.00330333,9.584000587,107,25°42'S,54°29'W,"di Francescantonio, 2020, Fuctional Plant Biology",Misiones province,Argentina
1497 ,Ang,Malvaceae,Ceiba speciosa,-1.40 ,7.29 ,0.79 ,,0.24 ,,2.950000008,24.77 ,1143.00 ,0.998740338,0.6171,167.8732009,62.51391847,16.2159996,16,16°07' S,61°43' W,"Markesteijn et al, 2011a, 2011b","Near Conception, Santa Cruz",Bolivia
390 ,Ang,Celastraceae,Celastrus paniculatus,-1.42 ,8.62 ,,,,,1.450000008,19.61 ,1575.00 ,0.7831742,1.2463,355.3021639,76.07293498,9.543999672,18,21°54' N,101°46' E,"Chen, 2017, Functional Ecology",Ynanan Provience,China
494 ,Ang,Cannabaceae,Celtis australis,-1.65 ,,,,,,5.308333397,14.86 ,650.00 ,0.814566681,0.7375,593.0053932,34.87490412,2.684000015,20,43°36' N,3°51' E,"Cochard, 2005, Cochard, Physiologia Plantarum",Montpellier,France
1166 ,Ang,Cannabaceae,Celtis biondii,-1.09 ,1.23 ,,,0.68 ,,2.208333323,17.35 ,1684.00 ,0.676074042,1.5223,844.751388,58.67976924,1.547999978,45,29°05'N,117°55'E,"Kröber, 2014, PloS one",Jiangxi province,China
1275 ,Ang,Cannabaceae,Celtis biondii,,1.31 ,,,0.60 ,,2.383333345,16.19 ,1749.00 ,0.606894284,1.7554,831.410251,57.04453011,1.052000046,44,29°15' N,118°07' E,"Liu, 2016, Ecology",Zhejiang province,China
2918 ,Ang,Cannabaceae,Celtis philippensis,-1.80 ,2.70 ,0.67 ,,0.62 ,22.00 ,1.450000008,19.61 ,1575.00 ,0.7831742,1.2463,355.3021639,76.07293498,9.543999672,18,21°54'N,101°46'E,"Zhu, 2017, Tree Physiology; Fu, 2012, Annals of Botany; Tan, 2020, Agricultural and Forest Meteorology",Yunnan Province,China
3010 ,Ang,Cannabaceae,Celtis philippensis,-2.30 ,,,,,,1.225000014,22.42 ,1640.00 ,0.894353661,0.8598,350.4611648,75.65033519,11.8760004,18,21°55'N,101°16'E,"Zhu, 2018, Tree Physiology; Yan, 2020, Biology Letters",Yuanan province,China
660 ,Ang,Cannabaceae,Celtis sinensis,-0.81 ,3.73 ,0.81 ,,0.64 ,,1.708333333,15.31 ,1184.00 ,0.558582058,1.1298,632.1588893,75.233605,1.911999941,18,26°15'N,105°80'E,"Fan, 2011, Tree Physiology; ???, 2020, 2021; This study",Guizhou Province,China
2262 ,Ang,Cannabaceae,Celtis sinensis,,1.98 ,0.58 ,,0.54 ,,2.383333345,14.83 ,1141.00 ,0.681450467,1.1928,885.8909326,59.00553992,-2.440000057,20,31°48'N,114°04'E,"This study; Zhu, 2018, Tree Physiology",Henan province,China
391 ,Ang,Cannabaceae,Celtis tetrandra,-1.53 ,6.21 ,,,,,1.450000008,19.61 ,1575.00 ,0.7831742,1.2463,355.3021639,76.07293498,9.543999672,18,21°54' N,101°46' E,"Chen, 2017, Functional Ecology",Ynanan Provience,China
670 ,Ang,Cannabaceae,Celtis timorensis,,,,130.30 ,0.58 ,28.68 ,1.266666651,21.56 ,1641.00 ,0.894353661,0.9726,335.0943307,76.6728934,11.23200035,16,21°41' N,101°25' E,"Fan, 2012, Journal of Ecology",Yunnan Province,China
2845 ,Ang,Cannabaceae,Celtis timorensis,-1.97 ,3.75 ,1.04 ,,0.66 ,,1.575000008,21.79 ,1244.00 ,0.682104923,0.9054,514.7271923,76.36396698,9.815999985,19,22°07'N,106°45'E,"Zhang, 2021, Functional Ecology",Guangxi province,China
1498 ,Ang,Fabaceae,Centrolobium microchaete,-1.20 ,9.13 ,0.93 ,,0.30 ,,2.950000008,24.77 ,1143.00 ,0.998740338,0.6171,167.8732009,62.51391847,16.2159996,16,16°07' S,61°43' W,"Markesteijn et al, 2011a, 2011b","Near Conception, Santa Cruz",Bolivia
3170 ,Ang,Euphorbiaceae,Cephalomappa sinensis,-1.92 ,,,,0.66 ,,1.575000008,21.79 ,1244.00 ,0.682104923,0.9054,514.7271923,76.36396698,9.815999985,19,22°07'N,106°45'E,"???, 2019, ??????",Guangxi province,China
2471 ,Ang,Rosaceae,Cerasus pleiocerasus,,,0.61 ,,,,2.391666641,2.43 ,759.00 ,0.389803522,0.8267,661.8772376,97.80626751,-11.29199982,2,29°33'N,101°23'E,"Xu, 2020, New Phytologist",Sichuan province,China
2263 ,Ang,Rosaceae,Cerasus pseudocerasus,,2.31 ,0.75 ,,0.57 ,,2.383333345,14.83 ,1141.00 ,0.681450467,1.1928,885.8909326,59.00553992,-2.440000057,20,31°48'N,114°04'E,"This study; Zhu, 2018, Tree Physiology",Henan province,China
2485 ,Ang,Rosaceae,Cerasus serrula,,,0.74 ,,,,2.691666643,2.55 ,774.00 ,6.982331523,0.9977,653.3985796,96.99491164,-11.75199986,2,29°28'N,101°32'E,"Xu, 2020, New Phytologist",Sichuan province,China
1332 ,Ang,Rosaceae,Cerasus szechuanica,,1.03 ,0.65 ,,0.57 ,5.00 ,2.691666663,-0.05 ,665.00 ,0.355473692,0.8908,726.8398641,87.44356515,-16.45999908,2,34°19'N,102°44'E,"Liu, 2019, Science Advances",,China
2242 ,Ang,Rosaceae,Cerasus szechuanica,,1.03 ,0.63 ,,0.57 ,5.00 ,2.24999996,2.97 ,569.00 ,0.37155782,0.6592,787.7826325,89.13040335,-15.11999989,1,34°59'N,102°54'E,"This study; Zhu, 2018, Tree Physiology",Gansu province,China
2768 ,Ang,Rosaceae,Cerasus tomentosa,,,0.52 ,14.03 ,,,2.141666661,9.62 ,592.00 ,0.661215941,0.635,902.384731,79.18673104,-9.227999687,4,35°09'N,108°45'E,"Yin, 2019, Forests",Shaanxi Province,China
2524 ,Ang,Rosaceae,Cerasus trichostoma,,0.83 ,0.53 ,,0.62 ,,2.433333337,5.86 ,847.00 ,15.35548757,1.0344,601.2807223,94.0150966,-7.832000256,5,29°27'N,101°53'E,"Xu, 2020, New Phytologist",Sichuan province,China
2565 ,Ang,Rosaceae,Cerasus trichostoma,,0.86 ,0.69 ,,0.60 ,,2.299999972,0.78 ,828.00 ,15.35548757,0.9958,691.690106,92.74818783,-13.50800037,4,29°22'N,101°55'E,"Xu, 2020, New Phytologist",Sichuan province,China
2599 ,Ang,Rosaceae,Cerasus trichostoma,,0.93 ,0.72 ,,0.68 ,,2.324999978,0.75 ,846.00 ,38.61108759,1.0448,647.250795,90.57201924,-13,7,29°34'N,102°00'E,"Xu, 2020, New Phytologist",Sichuan province,China
2644 ,Ang,Rosaceae,Cerasus trichostoma,,1.06 ,1.32 ,,0.59 ,,2.074999998,3.00 ,858.00 ,6.066549556,0.9714,635.2643433,90.25313014,-10.72399998,8,29°35'N,102°02'E,"Xu, 2020, New Phytologist",Sichuan province,China
450 ,Ang,Fabaceae,Ceratonia siliqua,-8.12 ,,,,,,3.699999948,17.92 ,307.00 ,0.933144571,0.2751,534.1157013,47.51409588,5.993750095,5,38°20'N,0°32'W,"Choat, 2012, Nature",Alicante,Spain
2287 ,,,Ceratopelatum sucirubrum,,,0.65 ,,,14.00 ,4.408333341,21.18 ,2634.00 ,0.767544866,1.4659,264.3066765,71.70189156,12.47599983,49,17°07'S,145°37'E,"Togashi, 2015, Ecology and Evolution",Queensland,Australia
1812 ,Ang,Fabaceae,Cercidium microphyllum,-1.01 ,0.89 ,,33.32 ,,,3.041666667,18.41 ,391.00 ,1.813401252,0.2265,703.9524282,77.36163668,-0.032000002,5,32°01' N,110°37' W,"Pockman & Sperry, 2000, American Journal of Botany","Pima County, Arizona",USA
1406 ,Ang,Fabaceae,Cercis canadensis,-2.52 ,0.25 ,0.68 ,26.41 ,,,2.424999982,14.90 ,1150.00 ,0.80813385,0.9145,796.7224354,11.37109856,-2.828000069,79,36°01' N,78°59' W,"Maherali, 2006, Plant, Cell and Environment",North Carolina,USA
1081 ,Ang,Rosaceae,Cercocarpus betuloides,-7.46 ,2.04 ,,33.94 ,0.78 ,,3.633333345,16.29 ,426.00 ,1.125048534,0.4043,426.7080897,99.9189354,5.268000126,1,34°06' N,118°39' W,"Jacobsen, 2007c, Ecological Monographs",Southern California,USA
1903 ,Ang,Rosaceae,Cercocarpus betuloides,-3.03 ,,,,,,3.566666702,16.15 ,341.00 ,0.682563246,0.3127,321.3511065,99.04029823,7.554166794,1,33°24'N,118°24'W,"Ramirez, 2020, Conservation Physiology",California,USA
1913 ,Ang,Rosaceae,Cercocarpus betuloides,-4.88 ,,,,,,3.033333361,15.72 ,443.00 ,1.235994051,0.4577,514.632028,90.34097219,2.019999981,2,33°39'N,117°24'W,"Ramirez, 2020, Conservation Physiology",California,USA
2416 ,Ang,Rosaceae,Cercocarpus ledifolius,-4.96 ,,,20.00 ,,,3.12499998,7.42 ,494.00 ,1.007528871,0.5303,842.2885333,18.36524204,-9.472000122,27,40°15' N,111°37' W,"Wheeler, 2005, Plant, Cell and Environment","Salt Lake City, Utah (UT)",USA
2417 ,Ang,Rosaceae,Cercocarpus montanus,-5.80 ,,,23.00 ,,,3.12499998,7.42 ,494.00 ,1.007528871,0.5303,842.2885333,18.36524204,-9.472000122,27,40°15' N,111°37' W,"Wheeler, 2005, Plant, Cell and Environment","Salt Lake City, Utah (UT)",USA
3067 ,Ang,Peraceae,Chaetocarpus schomburgkianus,-2.43 ,,,,,,2.158333331,25.74 ,2796.00 ,0.649499163,1.8807,45.73945121,49.59006205,21.01600075,68,5°16'N,52°55'W,"Ziegler, 2019, Annals of Forest Science","Guiana Shield, French Guiana",France (overseas territories)
150 ,Ang,Fabaceae,Chamaecrista xinguensis,-3.24 ,,,,,,1.341666689,26.36 ,1934.00 ,0.636951369,1.3225,59.60847558,71.64908622,21.23999977,32,2°31'S,54°35'W,"Barros, 2019, New Phytologist","Manaus, Amazonas",Brazil
816 ,Ang,Oleaceae,Chionanthus ramiflora,,2.37 ,0.81 ,42.91 ,0.56 ,15.00 ,4.891666691,23.63 ,2084.00 ,0.865874479,1.3729,289.0695581,88.38712088,14.96000004,29,18°24' S,146°6' E,"Gleason, 2012, Functional Ecology",Queensland,Australia
671 ,Ang,Oleaceae,Chionanthus ramiflorus,,,,103.60 ,0.86 ,11.62 ,1.266666651,21.56 ,1641.00 ,0.894353661,0.9726,335.0943307,76.6728934,11.23200035,16,21°41' N,101°25' E,"Fan, 2012, Journal of Ecology",Yunnan Province,China
1167 ,Ang,Anacardiaceae,Choerospondias axillaris,-3.29 ,1.42 ,,,0.61 ,,2.208333323,17.35 ,1684.00 ,0.676074042,1.5223,844.751388,58.67976924,1.547999978,45,29°05'N,117°55'E,"Kröber, 2014, PloS one",Jiangxi province,China
N29,Ang,Rubiaceae,Chomelia spinosa,,5.38 ,0.53 ,,0.57 ,,3.533333381,26.60 ,1633.00 ,1.163631518,1.0017,80.14568299,93.82169736,21.43599892,2,10°43?31.39?N,85°35?46.99?W,"Vargas, 2021, New Phytologist",Horizontes,Costa Rica
1624 ,Ang,Sapotaceae,Chrysophyllum cainito,-2.10 ,,,,0.61 ,,1.608333349,26.51 ,2440.00 ,0.651162324,1.8694,63.25839735,64.44993932,22.71999931,16,9°10' N,79°51' W,"Meinzer, 2008, Oecologia; Santiago, 2004, Oecologia",the edge of Panama City,Panama
564 ,Ang,Sapotaceae,Chrysophyllum gonocarpum,,,,,0.66 ,,2.425000012,20.61 ,1758.00 ,0.818603122,1.0689,358.7544802,17.00330333,9.584000587,107,25°42'S,54°29'W,"di Francescantonio, 2020, Fuctional Plant Biology",Misiones province,Argentina
1358 ,Ang,Sapotaceae,Chrysophyllum gonocarpum,-1.49 ,3.14 ,0.45 ,,0.62 ,17.70 ,2.366666635,20.36 ,1765.00 ,0.818603122,1.0864,359.0264792,17.9971639,9.279999733,110,25°37' S,54°20' W,"Liu, 2019, Science Advances; Carrasco, 2013, Acta Horticultrae",northern Argentina,Argentina 
2187 ,Ang,Sapotaceae,Chrysophyllum lanceolatum var. stellatocarpon,-2.86 ,1.14 ,0.73 ,,0.65 ,18.00 ,1.87499999,20.60 ,1835.00 ,0.759396395,1.3895,565.6792834,66.92045161,8.623999596,37,23°10' N,112°32' E,"This study; Zhu, 2013, Plant, Cell & Environment; Zhu, 2018, Tree Physiology",Guangdong Province,China
1715 ,Ang,Sapotaceae,Chrysophyllum sanguinolentum,-2.47 ,,,,,,1.141666691,26.88 ,2216.00 ,0.839025411,1.3428,52.339996,49.8643603,22.24399948,59,03°08'S,59°53'W,"Oliveire, 2019, New Phytologist",Manaus,Brazil
3069 ,Ang,Sapotaceae,Chrysophyllum sanguinolentum,-4.05 ,,,,,,2.158333331,25.74 ,2796.00 ,0.649499163,1.8807,45.73945121,49.59006205,21.01600075,68,5°16'N,52°55'W,"Ziegler, 2019, Annals of Forest Science","Guiana Shield, French Guiana",France (overseas territories)
969 ,Ang,Asteraceae,Chrysothamnus nauseosus,-2.90 ,,,22.00 ,0.70 ,,3.266666671,10.85 ,173.00 ,1.324076769,0.1546,1001.58103,17.80877686,-11.69999981,11,40°12' N,112°56' W,"Hacke, 2000a, Basic and Applied Ecology","near Dugway, Utah",USA
970 ,Ang,Asteraceae,Chrysothamnus viscidiflorus,-4.25 ,,,17.00 ,0.83 ,,3.266666671,10.85 ,173.00 ,1.324076769,0.1546,1001.58103,17.80877686,-11.69999981,11,40°12' N,112°56' W,"Hacke, 2000a, Basic and Applied Ecology","near Dugway, Utah",USA
672 ,Ang,Meliaceae,Chukrasia tabularis,,,,115.60 ,0.74 ,14.05 ,1.266666651,21.56 ,1641.00 ,0.894353661,0.9726,335.0943307,76.6728934,11.23200035,16,21°41' N,101°25' E,"Fan, 2012, Journal of Ecology",Yunnan Province,China
2883 ,Ang,Lauraceae ,Cinnamomum bodinieri,-3.77 ,4.78 ,,,0.45 ,,2.391666651,22.44 ,2177.00 ,0.679918148,1.613,520.8183658,75.162042,11.56799984,28,22°34' N,112°50' E,"Zhu, 2017, Forest Ecology and Management",Guangdong Province,China
2846 ,Ang,Lauraceae ,Cinnamomum burmannii,-1.82 ,2.19 ,0.96 ,,0.55 ,,1.575000008,21.79 ,1244.00 ,0.682104923,0.9054,514.7271923,76.36396698,9.815999985,19,22°07'N,106°45'E,"Zhang, 2021, Functional Ecology",Guangxi province,China
2884 ,Ang,Lauraceae ,Cinnamomum burmannii,-2.85 ,1.96 ,0.86 ,,0.57 ,,2.391666651,22.44 ,2177.00 ,0.679918148,1.613,520.8183658,75.162042,11.56799984,28,22°34' N,112°50' E,"Zhu, 2017, Forest Ecology and Management",Guangdong Province,China
2954 ,Ang,Lauraceae,Cinnamomum burmannii,-2.85 ,,,,,,1.866666645,20.60 ,1835.00 ,0.759396395,1.4258,565.6792834,66.92045161,8.623999596,37,23°10'N,112°31'E,"Zhu, 2018, Tree Physiology",Guangdong Province,China
1168 ,Ang,Lauraceae ,Cinnamomum camphora,-3.00 ,1.87 ,,,0.54 ,,2.208333323,17.35 ,1684.00 ,0.676074042,1.5223,844.751388,58.67976924,1.547999978,45,29°05'N,117°55'E,"Kröber, 2014, PloS one",Jiangxi province,China
2885 ,Ang,Lauraceae ,Cinnamomum camphora,-3.77 ,4.78 ,0.68 ,,0.45 ,,2.391666651,22.44 ,2177.00 ,0.679918148,1.613,520.8183658,75.162042,11.56799984,28,22°34' N,112°50' E,"Zhu, 2017, Forest Ecology and Management",Guangdong Province,China
3158 ,Ang,Lauraceae,Cinnamomum camphora,,0.85 ,0.34 ,36.58 ,0.56 ,14.70 ,,16.65 ,1219.00 ,0.464880167,#VALUE!,779.7846714,37.61802156,3.539999962,46,29°58'N,122°23'E,"???, 2017, ??????",Zejiang province,China
1276 ,Ang,Lauraceae,Cinnamomum subavenium,,0.32 ,,,0.53 ,,2.383333345,16.19 ,1749.00 ,0.606894284,1.7554,831.410251,57.04453011,1.052000046,44,29°15' N,118°07' E,"Liu, 2016, Ecology",Zhejiang province,China
1607 ,Ang,Lauraceae,Cinnamomum triplinerve,-1.28 ,2.20 ,0.40 ,,0.43 ,,1.916666647,26.94 ,2169.00 ,0.756386424,1.2534,65.14634424,68.85282668,22.84545517,16,9°00'N,79°33'W,"Medina-Vega, 2021, Journal of Ecology",near Panama City,Panama
2113 ,Ang,Meliaceae,Cipadessa baccifera,,,,,,10.00 ,1.450000008,19.61 ,1575.00 ,0.7831742,1.2463,355.3021639,76.07293498,9.543999672,18,21°54'N,101°46'E,"Tan, 2020, Agricultural and Forest Meteorology",Yunnan province,China
2847 ,Ang,Meliaceae,Cipadessa baccifera,-1.01 ,3.77 ,1.30 ,,0.53 ,,1.575000008,21.79 ,1244.00 ,0.682104923,0.9054,514.7271923,76.36396698,9.815999985,19,22°07'N,106°45'E,"Zhang, 2021, Functional Ecology",Guangxi province,China
3012 ,Ang,Meliaceae,Cipadessa baccifera,-2.20 ,,,,,,1.225000014,22.42 ,1640.00 ,0.894353661,0.8598,350.4611648,75.65033519,11.8760004,18,21°55'N,101°16'E,"Zhu, 2018, Tree Physiology; Yan, 2020, Biology Letters",Yuanan province,China
3053 ,Ang,Meliaceae,Cipadessa baccifera,-3.10 ,,,,,,1.241666675,21.73 ,1241.00 ,0.650657102,0.5667,418.0369268,86.52378798,10.16399956,13,23°27'N,102°10'E,"Zhu, 2018, Tree Physiology; Yan, 2020, Biology Letters",Yunnan province,China
2917 ,Ang,Meliaceae,Cipadessa baccifera ,-2.38 ,3.77 ,0.79 ,,0.58 ,,1.450000008,19.61 ,1575.00 ,0.7831742,1.2463,355.3021639,76.07293498,9.543999672,18,21°54'N,101°46'E,"Zhu, 2017, Tree Physiology; Fu, 2012, Annals of Botany",Yunnan Province,China
3171 ,Ang,Meliaceae,Cipadessa cinerascens,-1.01 ,,,,0.53 ,,1.575000008,21.79 ,1244.00 ,0.682104923,0.9054,514.7271923,76.36396698,9.815999985,19,22°07'N,106°45'E,"???, 2019, ??????",Guangxi province,China
1572 ,Ang,Vitaceae,Cissus hypoglauca,,23.75 ,0.26 ,,,,3.699999988,17.02 ,1295.00 ,0.716941494,1.0049,378.4709797,28.72733402,6.875999928,63,33°40'S,151°10'E,"McClenahan, 2004, Australlan Journal of Botany",Sydney,Australia
1528 ,Ang,Cistaceae,Cistus albidus,-5.78 ,0.17 ,0.35 ,12.44 ,,1.00 ,3.466666679,12.32 ,601.00 ,0.758594782,0.6892,623.9790215,30.20544711,-1.419999957,19,41°13' N,0°55' E,"Martinez-Vilalta, 2002, Oecologia",Prades,Spain
1017 ,Ang,Cistaceae,Cistus creticus,-5.20 ,,,17.26 ,,,3.800000012,20.31 ,122.00 ,1.487184874,0.0941,555.9145618,113.3935517,5.384000301,0,30°39' N,20°18' E,"Iovi, 2009, Tree Physiology",Epirus region,Greece
1893 ,Ang,Cistaceae,Cistus ladanifer,-6.20 ,0.65 ,0.14 ,,,1.54 ,2.733333329,16.24 ,465.00 ,1.255760801,0.4115,673.8307813,54.27653412,0.451999992,5,38°14' N,4°12' W,"Quero, 2011, Oecologia",Sierra De Cardena,Spain
1529 ,Ang,Cistaceae,Cistus laurifolius,-3.65 ,0.50 ,0.14 ,14.00 ,,1.50 ,3.466666679,12.32 ,601.00 ,0.758594782,0.6892,623.9790215,30.20544711,-1.419999957,19,41°13' N,0°55' E,"Martinez-Vilalta, 2002, Oecologia",Prades,Spain
1254 ,Ang,Rutaceae,Citris aurantium,-1.41 ,,,,,3.00 ,2.99999998,17.07 ,417.00 ,1.296086607,0.3235,471.5872751,94.41524756,3.832000017,1,34°08' N,118°17' W,"Litvak, 2012, Tree Physiology",Southern California,USA
1255 ,Ang,Rutaceae,Citris limon,-0.42 ,,,,,3.00 ,2.99999998,17.07 ,417.00 ,1.296086607,0.3235,471.5872751,94.41524756,3.832000017,1,34°08' N,118°17' W,"Litvak, 2012, Tree Physiology",Southern California,USA
1256 ,Ang,Rutaceae,Citris sinensis,,,,,,2.50 ,2.99999998,17.07 ,417.00 ,1.296086607,0.3235,471.5872751,94.41524756,3.832000017,1,34°08' N,118°17' W,"Litvak, 2012, Tree Physiology",Southern California,USA
2114 ,Ang,Euphorbiaceae,Cleidion bracteosum,,,,,,7.00 ,1.450000008,19.61 ,1575.00 ,0.7831742,1.2463,355.3021639,76.07293498,9.543999672,18,21°54'N,101°46'E,"Tan, 2020, Agricultural and Forest Meteorology",Yunnan province,China
2919 ,Ang,Phyllanthaceae,Cleistanthus sumatranus,-3.30 ,2.28 ,1.17 ,,0.69 ,7.00 ,1.450000008,19.61 ,1575.00 ,0.7831742,1.2463,355.3021639,76.07293498,9.543999672,18,21°54'N,101°46'E,"Zhu, 2017, Tree Physiology; Fu, 2012, Annals of Botany; Tan, 2020, Agricultural and Forest Meteorology",Yunnan province,China
3014 ,Ang,Phyllanthaceae,Cleistanthus sumatranus,-3.20 ,,,,,,1.225000014,22.42 ,1640.00 ,0.894353661,0.8598,350.4611648,75.65033519,11.8760004,18,21°55'N,101°16'E,"Zhu, 2018, Tree Physiology; Yan, 2020, Biology Letters",Yuanan province,China
2451 ,Ang,Actinidiaceae,Clematoclethra scandens subsp. actinidioides,,0.16 ,0.86 ,,0.27 ,,2.308333327,5.61 ,751.00 ,2.957267348,0.6981,607.8590627,99.25253833,-9.423999786,2,29°23'N,101°01'E,"Xu, 2020, New Phytologist",Sichuan province,China
2600 ,Ang,Actinidiaceae,Clematoclethra scandens subsp. actinidioides,,0.96 ,1.75 ,,0.53 ,,2.324999978,0.75 ,846.00 ,38.61108759,1.0448,647.250795,90.57201924,-13,7,29°34'N,102°00'E,"Xu, 2020, New Phytologist",Sichuan province,China
2645 ,Ang,Actinidiaceae,Clematoclethra scandens subsp. actinidioides,,0.69 ,1.48 ,,0.61 ,,2.074999998,3.00 ,858.00 ,6.066549556,0.9714,635.2643433,90.25313014,-10.72399998,8,29°35'N,102°02'E,"Xu, 2020, New Phytologist",Sichuan province,China
2663 ,Ang,Actinidiaceae,Clematoclethra scandens subsp. actinidioides,,1.45 ,0.97 ,,0.48 ,,1.908333331,7.08 ,884.00 ,6.066549556,0.9004,638.6576091,89.54447083,-7.079999924,8,29°35'N,102°03'E,"Xu, 2020, New Phytologist",Sichuan province,China
2188 ,Ang,Lamiaceae,Clerodendrum fortunatum,-1.88 ,3.83 ,0.56 ,,0.44 ,2.50 ,1.87499999,20.60 ,1835.00 ,0.759396395,1.3895,565.6792834,66.92045161,8.623999596,37,23°10' N,112°32' E,"This study; Zhu, 2013, Plant, Cell & Environment; Zhu, 2018, Tree Physiology",Guangdong Province,China
2886 ,Ang,Lamiaceae,Clerodendrum fortunatum,-1.79 ,2.96 ,,,0.46 ,,2.391666651,22.44 ,2177.00 ,0.679918148,1.613,520.8183658,75.162042,11.56799984,28,22°34' N,112°50' E,"Zhu, 2017, Forest Ecology and Management",Guangdong Province,China
403 ,Ang,Lamiaceae,Clerodendrum trichotomum,-2.30 ,2.84 ,0.28 ,41.90 ,0.59 ,,2.791666687,12.90 ,750.00 ,0.833278615,0.7018,1029.416139,109.3542796,-7.93599987,8,35°46'N,117°47'E,"Chen, 2019, 2020, 2021, Tree Physiology","Xintai, Shandong province",China
1277 ,Ang,Theaceae,Cleyera japonica,,0.49 ,,,0.57 ,,2.383333345,16.19 ,1749.00 ,0.606894284,1.7554,831.410251,57.04453011,1.052000046,44,29°15' N,118°07' E,"Liu, 2016, Ecology",Zhejiang province,China
1044 ,Ang,Rosaceae,Cliffortia ruscifolia,-4.29 ,1.13 ,,23.48 ,0.62 ,1.50 ,3.683333317,14.30 ,602.00 ,1.077447454,0.5989,373.0088434,47.52210499,2.832000017,25,33°56' S,19°31' E,"Jacobsen, 2007a, 2009",Western Cape Province,South Africa
2359 ,Ang,Fabaceae,Clitoria javalensis,-1.84 ,13.66 ,0.95 ,,,,1.650000006,26.79 ,2330.00 ,0.716664737,1.3739,67.82329313,69.04398102,22.50799942,19,9°10'N,79°07'W,"van der Sande, 2013, Oecologia",Isthmus of Panama,Panama
722 ,Ang,Clusiaceae,Clusia stenophylla,,0.12 ,0.09 ,,,,3.549999992,18.76 ,2460.00 ,0.679743024,2.1332,77.121891,75.74682369,13.0880003,23,10°12' N,84°42' W,"Feild & Holbrook, 2000, Plant, Cell and Environment",La Reserva Bosque Nuboso de Monteverde,Costa Rica
1634 ,Ang,Polygonaceae,Coccoloba barbadensis,,0.36 ,,58.19 ,0.56 ,,2.533333361,25.07 ,999.00 ,NA,0.4434,207.0734595,111.2129666,17.13199997,2,19°29'N,105°02'W,"Mendez-Alonzo, 2013, Trees-Strucyture and Function",the Pacific coast of Jalisco,Mexico
N4,Ang,Polygonaceae,Coccoloba diversifolia,,0.72 ,1.23 ,,0.77 ,,3.99999994,26.07 ,939.00 ,NA,0.7402,130.6923339,58.51883815,19.67916679,26,17°58?2.17?N,66°53?17.54?W,"Vargas, 2021, New Phytologist",Guanica,Puerto Rico
1586 ,Ang,Polygonaceae,Coccoloba excelsa,-2.63 ,0.94 ,0.24 ,,0.94 ,,1.974999984,26.20 ,2501.00 ,0.620433427,2.4056,55.1326178,61.10977054,22.31999969,24,9°17' N,79°58' W,"Medina-Vega, 2021, Journal of Ecology",near the Caribbean coast of Panama,Panama
N5,Ang,Polygonaceae,Coccoloba microstachya,,2.62 ,0.53 ,,0.75 ,,3.99999994,26.07 ,939.00 ,NA,0.7402,130.6923339,58.51883815,19.67916679,26,17°58?2.17?N,66°53?17.54?W,"Vargas, 2021, New Phytologist",Guanica,Puerto Rico
1257 ,Ang,Menispermaceae,Cocculus laurifolius,-0.64 ,,,,,,2.99999998,17.07 ,417.00 ,1.296086607,0.3235,471.5872751,94.41524756,3.832000017,1,34°08' N,118°17' W,"Litvak, 2012, Tree Physiology",Southern California,USA
422 ,Ang,Bixaceae,Cochlospermum gillivraei,-1.44 ,7.75 ,0.18 ,104.80 ,0.30 ,6.00 ,2.575000028,23.31 ,714.00 ,1.144954991,0.4046,352.6396327,91.37235966,11.2159996,9,19°11' S,145°45' E,"Choat, 2003, 2005, 2006",Queensland,Australia
1229 ,Ang,Bixaceae,Cochlospermum vitifolium,-1.19 ,,,,0.20 ,,1.950000008,26.56 ,879.00 ,1.02707824,0.5112,59.08015702,114.9634108,20.78000069,2,3°47'S,39°16'W,"Lima, 2018, New Phytologist",northeastern Brazil,Brazil
N30,Ang,Bixaceae,Cochlospermum vitifolium,,,,,0.21 ,,3.533333381,26.60 ,1633.00 ,1.163631518,1.0017,80.14568299,93.82169736,21.43599892,2,10°43?31.39?N,85°35?46.99?W,"Vargas, 2021, New Phytologist",Horizontes,Costa Rica
N77,Ang,Bixaceae,Cochlospermum vitifolium,,2.23 ,1.18 ,,0.23 ,,2.366666665,25.43 ,1087.00 ,1.022873596,0.5479,207.2946945,70.07447924,15.63199997,22,20°5?26.73?N,89°33?47.66?W,"Vargas, 2021, New Phytologist",Kaxil Kiuic,Mexico
3015 ,Ang,Euphorbiaceae,Codiaeum variegatum ,-2.20 ,,,,,,1.225000014,22.42 ,1640.00 ,0.894353661,0.8598,350.4611648,75.65033519,11.8760004,18,21°55'N,101°16'E,"Zhu, 2018, Tree Physiology; Yan, 2020, Biology Letters",Yuanan province,China
1074 ,Ang,Rosaceae,Coleogyne ramosissima,-1.40 ,0.39 ,,18.60 ,0.68 ,1.20 ,3.841666718,17.80 ,125.00 ,1.931995772,0.0829,770.9042762,72.94623604,0.100000001,1,35°20' N,117°59' W,"Jacobsen, 2007b, Plant, Cell and Environment; Jacobsen, 2008, New Phytologist; Hacke, 2009, Plant, Cell and Environment",Southern California,USA
335 ,Ang,Euphorbiaceae,Colliguaja integerrima,-4.39 ,0.37 ,0.11 ,9.30 ,0.58 ,1.05 ,6.283333381,9.38 ,136.00 ,0.64518605,0.1852,473.02423,46.29868929,-2.947999954,4,46°31' S,71°03' W,"Bucci, 2013, Plant, Cell & Environment? Bucci, 2009, Oecologia",northwest Santa Cruz,Argentina
1082 ,Ang,Ericaceae,Comarostaphylis diversifolia,-5.61 ,1.54 ,,21.93 ,0.67 ,,3.633333345,16.29 ,426.00 ,1.125048534,0.4043,426.7080897,99.9189354,5.268000126,1,34°06' N,118°39' W,"Jacobsen, 2007c, Ecological Monographs",Southern California,USA
206 ,Ang,Ericaceae,Comarostaphylis polifolia,-4.00 ,0.67 ,0.39 ,,,,2.074999968,16.95 ,555.00 ,1.307651315,0.3205,188.7757412,87.79243127,8.236000061,7,18°15' N,97°26' W,"Bhaskar, 2007, New Phytologist",Tehuacan Valey,Mexico
3016 ,Ang,Combretaceae,Combretum griffithii,-1.30 ,,,,,,1.225000014,22.42 ,1640.00 ,0.894353661,0.8598,350.4611648,75.65033519,11.8760004,18,21°55'N,101°16'E,"Zhu, 2018, Tree Physiology; Yan, 2020, Biology Letters",Yuanan province,China
2829 ,Ang,Combretaceae,Combretum latifolium,-2.17 ,1.17 ,,,0.54 ,,1.225000004,20.88 ,1683.00 ,0.85605524,1.0122,338.2657063,78.45212263,10.92399979,17,21°36?N,101°35?E,"Zhang, 2019, Tree Physiology",Yunnan province,China
2926 ,Ang,Combretaceae,Combretum latifolium,-1.31 ,3.83 ,0.87 ,212.00 ,0.50 ,,1.450000008,19.61 ,1575.00 ,0.7831742,1.2463,355.3021639,76.07293498,9.543999672,18,21°54'N,101°46'E,"Zhu, 2017, Tree Physiology; Zhu & Cao, 2009, Plant Ecology",Yunnan Province,China
1230 ,Ang,Combretaceae,Combretum leprosum,-4.18 ,,,,0.55 ,,1.950000008,26.56 ,879.00 ,1.02707824,0.5112,59.08015702,114.9634108,20.78000069,2,3°47'S,39°16'W,"Lima, 2018, New Phytologist",northeastern Brazil,Brazil
1499 ,Ang,Combretaceae,Combretum leprosum,,5.38 ,0.89 ,,0.43 ,,2.950000008,24.77 ,1143.00 ,0.998740338,0.6171,167.8732009,62.51391847,16.2159996,16,16°07' S,61°43' W,"Markesteijn et al, 2011a, 2011b","Near Conception, Santa Cruz",Bolivia
1500 ,Ang,Fabaceae,Copaifera chodatiana,-5.70 ,2.77 ,0.37 ,,0.63 ,,2.950000008,24.77 ,1143.00 ,0.998740338,0.6171,167.8732009,62.51391847,16.2159996,16,16°07' S,61°43' W,"Markesteijn et al, 2011a, 2011b","Near Conception, Santa Cruz",Bolivia
241 ,Ang,Rubiaceae,Coprosma nitida,,,,,0.72 ,,5.674999992,6.25 ,1531.00 ,0.387481756,2.0783,305.9782469,21.03196025,-2.220000029,85,42°40'S,146°37'E,"Blackman, 2014, Annals of Botany; Blackman, 2012, Oecologia; Blackman, 2010, New Phytologist",Tasmania,Australia
425 ,Ang,Boraginaceae,Cordia alliodora,-3.60 ,9.56 ,0.76 ,46.46 ,,15.00 ,3.533333341,27.13 ,1881.00 ,1.120002773,1.0285,80.99241975,87.04317805,21.69999886,2,10°21' N,85°21' W,"Choat, 2007, New Phytologist",the Pacific northwest of Costa Rica,Costa Rica
430 ,Ang,Boraginaceae,Cordia alliodora,-1.78 ,8.93 ,0.87 ,48.53 ,,30.00 ,2.175000002,26.04 ,3720.00 ,0.728395121,2.5413,78.89437146,37.30306704,20.89599991,131,10°25' N,84° W,"Choat, 2007, New Phytologist",the Caribbean slopes of Costa Rica,Costa Rica
1608 ,Ang,Boraginaceae,Cordia alliodora,-3.30 ,10.13 ,0.16 ,,0.37 ,,1.916666647,26.94 ,2169.00 ,0.756386424,1.2534,65.14634424,68.85282668,22.84545517,16,9°00'N,79°33'W,"Medina-Vega, 2021, Journal of Ecology",near Panama City,Panama
1635 ,Ang,Boraginaceae,Cordia alliodora,,3.80 ,,58.60 ,0.63 ,,2.533333361,25.07 ,999.00 ,NA,0.4434,207.0734595,111.2129666,17.13199997,2,19°29'N,105°02'W,"Mendez-Alonzo, 2013, Trees-Strucyture and Function",the Pacific coast of Jalisco,Mexico
3115 ,Ang,Boraginaceae,Cordia alliodora,-3.08 ,5.80 ,0.50 ,46.83 ,0.50 ,23.00 ,1.608333349,26.51 ,2440.00 ,0.651162324,1.8771,63.25839735,64.44993932,22.71999931,16,9°10' N,79°51' W,"Zotz, 1994, New Phytologist; Santiago, 2004, Oecologia; Meinzer, 2003, Plant Cell and Environment; Choat, 2007, New Phytologist; Lopez, 2005, Tree Physiology; Tyree, 2005, Journal of Experimental Botany",Barro Colorado Island (BCI),Panama
N31,Ang,Boraginaceae,Cordia alliodora,,,,,0.52 ,,3.533333381,26.60 ,1633.00 ,1.163631518,1.0017,80.14568299,93.82169736,21.43599892,2,10°43?31.39?N,85°35?46.99?W,"Vargas, 2021, New Phytologist",Horizontes,Costa Rica
2383 ,Ang,Boraginaceae,Cordia americana,-1.36 ,0.66 ,1.02 ,,0.73 ,,2.366666635,20.36 ,1765.00 ,0.818603122,1.0864,359.0264792,17.9971639,9.279999733,110,25°37' S,54°20' W,"Villagra, 2012, 2013, Tree Physiology",northern Argentina,Argentina 
426 ,Ang,Boraginaceae,Cordia collacocca,-2.34 ,3.72 ,0.92 ,51.09 ,,8.00 ,3.533333341,27.13 ,1881.00 ,1.120002773,1.0285,80.99241975,87.04317805,21.69999886,2,10°21' N,85°21' W,"Choat, 2007, New Phytologist",the Pacific northwest of Costa Rica,Costa Rica
N32,Ang,Boraginaceae,Cordia colococca,,4.12 ,0.65 ,,0.56 ,,3.533333381,26.60 ,1633.00 ,1.163631518,1.0017,80.14568299,93.82169736,21.43599892,2,10°43?31.39?N,85°35?46.99?W,"Vargas, 2021, New Phytologist",Horizontes,Costa Rica
431 ,Ang,Boraginaceae,Cordia cymosa,-1.20 ,7.81 ,2.52 ,46.40 ,,10.00 ,2.175000002,26.04 ,3720.00 ,0.728395121,2.5413,78.89437146,37.30306704,20.89599991,131,10°25' N,84° W,"Choat, 2007, New Phytologist",the Caribbean slopes of Costa Rica,Costa Rica
427 ,Ang,Boraginaceae,Cordia dentata,-3.60 ,1.50 ,0.61 ,51.90 ,,7.00 ,3.533333341,27.13 ,1881.00 ,1.120002773,1.0285,80.99241975,87.04317805,21.69999886,2,10°21' N,85°21' W,"Choat, 2007, New Phytologist",the Pacific northwest of Costa Rica,Costa Rica
1636 ,Ang,Boraginaceae,Cordia elaeagnoides,,5.76 ,,71.45 ,0.54 ,,2.533333361,25.07 ,999.00 ,NA,0.4434,207.0734595,111.2129666,17.13199997,2,19°29'N,105°02'W,"Mendez-Alonzo, 2013, Trees-Strucyture and Function",the Pacific coast of Jalisco,Mexico
428 ,Ang,Boraginaceae,Cordia inermis,,1.84 ,0.73 ,33.76 ,,3.00 ,3.533333341,27.13 ,1881.00 ,1.120002773,1.0285,80.99241975,87.04317805,21.69999886,2,10°21' N,85°21' W,"Choat, 2007, New Phytologist",the Pacific northwest of Costa Rica,Costa Rica
433 ,Ang,Boraginaceae,Cordia lasiocalyx,-2.57 ,3.76 ,1.96 ,49.46 ,,6.00 ,1.608333349,26.51 ,2440.00 ,0.651162324,1.8771,63.25839735,64.44993932,22.71999931,16,9°10' N,79°51' W,"Choat, 2007, New Phytologist",Barro Colorado Island (BCI),Panama
432 ,Ang,Boraginaceae,Cordia lucidula,-1.58 ,3.32 ,1.15 ,43.75 ,,6.00 ,2.175000002,26.04 ,3720.00 ,0.728395121,2.5413,78.89437146,37.30306704,20.89599991,131,10°25' N,84° W,"Choat, 2007, New Phytologist",the Caribbean slopes of Costa Rica,Costa Rica
1232 ,Ang,Boraginaceae,Cordia oncocalyx,-1.65 ,,,,0.55 ,,1.950000008,26.56 ,879.00 ,1.02707824,0.5112,59.08015702,114.9634108,20.78000069,2,3°47'S,39°16'W,"Lima, 2018, New Phytologist",northeastern Brazil,Brazil
434 ,Ang,Boraginaceae,Cordia panamensis,-2.33 ,11.63 ,1.59 ,55.38 ,,10.00 ,1.608333349,26.51 ,2440.00 ,0.651162324,1.8771,63.25839735,64.44993932,22.71999931,16,9°10' N,79°51' W,"Choat, 2007, New Phytologist",Barro Colorado Island (BCI),Panama
N33,Ang,Boraginaceae,Cordia panamensis,,,,,0.38 ,,3.533333381,26.60 ,1633.00 ,1.163631518,1.0017,80.14568299,93.82169736,21.43599892,2,10°43?31.39?N,85°35?46.99?W,"Vargas, 2021, New Phytologist",Horizontes,Costa Rica
429 ,Ang,Boraginaceae,Cordia pringle,,2.27 ,0.66 ,38.29 ,,2.00 ,3.533333341,27.13 ,1881.00 ,1.120002773,1.0285,80.99241975,87.04317805,21.69999886,2,10°21' N,85°21' W,"Choat, 2007, New Phytologist",the Pacific northwest of Costa Rica,Costa Rica
565 ,Ang,Boraginaceae,Cordia trichotoma,,,,,0.59 ,,2.425000012,20.61 ,1758.00 ,0.818603122,1.0689,358.7544802,17.00330333,9.584000587,107,25°42'S,54°29'W,"di Francescantonio, 2020, Fuctional Plant Biology",Misiones province,Argentina
1233 ,Ang,Boraginaceae,Cordia trichotoma,,,,,0.55 ,,1.950000008,26.56 ,879.00 ,1.02707824,0.5112,59.08015702,114.9634108,20.78000069,2,3°47'S,39°16'W,"Lima, 2018, New Phytologist",northeastern Brazil,Brazil
2386 ,Ang,Boraginaceae,Cordia trichotoma,,0.84 ,0.79 ,,0.59 ,24.80 ,2.366666635,20.36 ,1765.00 ,0.818603122,1.0864,359.0264792,17.9971639,9.279999733,110,25°37'S,54°20'W,"Villagra, 2012, Tree Physiology; Carrasco, 2013, Acta Horticultrae",northern Argentina,Argentina
960 ,Ang,Fabaceae,Corethrodendron fruticosum,-1.45 ,5.94 ,0.34 ,,,1.00 ,3.033333341,6.74 ,396.00 ,0.919943515,0.3816,1325.329171,110.4624384,-18.35199928,3,43°01'N,119°43'E,"Guo, 2020, Land Degradation & Development",Inner Mongolia,China
1347 ,Ang,Fabaceae,Corethrodendron fruticosum,,5.52 ,0.44 ,,0.61 ,1.00 ,3.033333321,6.98 ,403.00 ,0.919943515,0.3812,1312.006948,111.2644035,-17.76000023,2,43°02'N,119°39'E,"Liu, 2019, Science Advances",Inner Mongolia,China
2685 ,Ang,Coriariaceae,Coriaria nepalensis,,0.78 ,0.83 ,,0.54 ,,1.649999996,12.79 ,928.00 ,6.066549556,0.8259,567.4750116,90.2711391,-1.203999996,9,29°39'N,102°06'E,"Xu, 2020, New Phytologist",Sichuan province,China
3186 ,Ang,Coriariaceae,Coriaria nepalensis,,1.71 ,0.64 ,,0.54 ,,1.708333333,15.31 ,1184.00 ,0.558582058,1.1298,632.1588893,75.233605,1.911999941,18,26°15'N,105°80'E,"???, 2020, 2021; This study",Guizhou Province,China
2664 ,Ang,Cornaceae,Cornus controversa,,2.92 ,0.99 ,,0.46 ,,1.908333331,7.08 ,884.00 ,6.066549556,0.9004,638.6576091,89.54447083,-7.079999924,8,29°35'N,102°03'E,"Xu, 2020, New Phytologist",Sichuan province,China
578 ,Ang,Cornaceae,Cornus florida,-3.90 ,1.15 ,0.25 ,31.00 ,,5.35 ,2.408333331,14.77 ,1168.00 ,0.832321853,0.9195,792.8330532,10.80886819,-2.828000069,80,35°58' N,79°08' W,"Domec, 2010, Tree Physiology",North Carolina,USA
1407 ,Ang,Cornaceae,Cornus florida,-5.84 ,0.15 ,0.76 ,26.51 ,0.61 ,,2.424999982,14.90 ,1150.00 ,0.80813385,0.9145,796.7224354,11.37109856,-2.828000069,79,36°01' N,78°59' W,"Maherali, 2006, Plant, Cell and Environment",North Carolina,USA
2403 ,Ang,Cornaceae,Cornus stolonifera,,0.29 ,0.48 ,,,,2.083333304,4.38 ,623.00 ,0.440778781,0.7914,893.3477051,24.3006326,-15.5880003,33,53°45' N,122°42' W,"Wang, 2005,  Can. J. For. Res.","Prince George, British Columbia",Canada
2769 ,Ang,Cornaceae,Cornus walteri,,,0.82 ,20.26 ,,,2.141666661,9.62 ,592.00 ,0.661215941,0.635,902.384731,79.18673104,-9.227999687,4,35°09'N,108°45'E,"Yin, 2019, Forests",Shaanxi Province,China
1278 ,Ang,Hamamelidaceae,Corylopsis glandulifera,,1.06 ,,,0.44 ,,2.383333345,16.19 ,1749.00 ,0.606894284,1.7554,831.410251,57.04453011,1.052000046,44,29°15' N,118°07' E,"Liu, 2016, Ecology",Zhejiang province,China
456 ,Ang,Betulaceae,Corylus avellana,-2.22 ,,,,,,3.283333341,9.55 ,707.00 ,0.562120773,0.9201,581.9455584,27.5665858,-3.023999929,37,45°43'N,3°03'E,"Choat, 2012, Nature",Clermont-Ferrand,France
1963 ,Ang,Betulaceae,Corylus avellana,-2.86 ,,,,0.52 ,,2.224999984,13.22 ,1284.00 ,0.550608952,1.2953,680.3336276,20.82444629,0.263999999,70,45°38'N,13°48''E,"Savi, 2019, Tree Physiology",Trieste,Italy
1123 ,Ang,Betulaceae,Corylus cornuta,-3.00 ,2.33 ,,26.13 ,0.38 ,,3.016666651,11.50 ,1149.00 ,0.625423791,1.0636,542.7125704,69.0872453,-2.176000118,15,44°38'N,123°18'W,"Johnson, 2012, Plant, Cell & Environment; McCulloh, 2015, Tree Physiology","Corvallis, Oregon",USA
2665 ,Ang,Betulaceae,Corylus ferox,,2.83 ,1.17 ,,0.42 ,,1.908333331,7.08 ,884.00 ,6.066549556,0.9004,638.6576091,89.54447083,-7.079999924,8,29°35'N,102°03'E,"Xu, 2020, New Phytologist",Sichuan province,China
2770 ,Ang,Betulaceae,Corylus heterophylla,,,0.92 ,18.15 ,,,2.141666661,9.62 ,592.00 ,0.661215941,0.635,902.384731,79.18673104,-9.227999687,4,35°09'N,108°45'E,"Yin, 2019, Forests",Shaanxi Province,China
896 ,Ang,Myrtaceae,Corymbia citriodora,,11.91 ,1.03 ,38.97 ,0.61 ,21.00 ,3.433333337,20.90 ,1400.00 ,1.018901775,0.7223,326.6472719,92.01642804,9.711999893,18,18°18' S,145°30' E,"Gleason, 2012, Functional Ecology; Blackman, 2014, Annals of Botany; Blackman, 2018, Annals of Botany","Einasleigh, northern queensland",Australia
1919 ,Ang,Myrtaceae,Corymbia erythrophloia,-1.64 ,,,,,,2.533333341,23.42 ,709.00 ,1.334543081,0.4326,373.6157653,86.47793665,10.9279995,9,20°06' S,146°53' E,"Rice, 2004, Oecologia","Ravenswood, Queensland",Australia
889 ,Ang,Myrtaceae,Corymbia gummifera,,6.15 ,0.61 ,33.15 ,0.58 ,,3.599999984,16.97 ,1253.00 ,0.716941494,1.0326,385.0362387,28.74867037,6.596000195,61,33°41' S,151°09' E,"Gleason, 2012, Functional Ecology; Blackman, 2014, Annals of Botany","New South Wales, Eastern Australia",Australia
817 ,Ang,Myrtaceae,Corymbia intermedia,,3.61 ,0.89 ,37.32 ,0.60 ,20.00 ,4.891666691,23.63 ,2084.00 ,0.865874479,1.3729,289.0695581,88.38712088,14.96000004,29,18°24' S,146°6' E,"Gleason, 2012, Functional Ecology",Queensland,Australia
872 ,Ang,Myrtaceae,Corymbia intermedia,,9.06 ,1.14 ,30.52 ,0.65 ,20.00 ,3.433333337,20.90 ,1400.00 ,1.018901775,0.7223,326.6472719,92.01642804,9.711999893,18,18°18' S,145°30' E,"Gleason, 2012, Functional Ecology; Blackman, 2014, Annals of Botany","Einasleigh, northern queensland",Australia
1712 ,Ang,Myrtaceae,Corymbia opaca,,,0.83 ,,0.57 ,,3.12500002,23.21 ,277.00 ,2.526789455,0.1695,589.9941601,61.72656309,6.611999989,7,21°54'S,133°51'E,"O'Grady, 2009, Oecologia",,Australian
797 ,Ang,Myrtaceae,Corymbia polycarpa,,8.37 ,0.94 ,40.05 ,0.58 ,15.00 ,2.391666681,26.83 ,687.00 ,2.472404017,0.3277,380.6304795,119.4832856,13.63599968,1,18°43' S,141°50' E,"Gleason, 2012, Functional Ecology",Carpentaria,Australia
873 ,Ang,Myrtaceae,Corymbia trachyphloia,,8.03 ,0.87 ,34.39 ,0.63 ,15.00 ,3.433333337,20.90 ,1400.00 ,1.018901775,0.7223,326.6472719,92.01642804,9.711999893,18,18°18' S,145°30' E,"Gleason, 2012, Functional Ecology; Blackman, 2014, Annals of Botany","Einasleigh, northern queensland",Australia
723 ,Ang,Rubiaceae,Cosmibuena valerii,,0.39 ,0.10 ,,,,3.549999992,18.76 ,2460.00 ,0.679743024,2.1332,77.121891,75.74682369,13.0880003,23,10°12' N,84°42' W,"Feild & Holbrook, 2000, Plant, Cell and Environment",La Reserva Bosque Nuboso de Monteverde,Costa Rica
404 ,Ang,Anacardiaceae,Cotinus coggygria,-3.71 ,2.95 ,0.34 ,26.90 ,0.57 ,,2.791666687,12.90 ,750.00 ,0.833278615,0.7018,1029.416139,109.3542796,-7.93599987,8,35°46'N,117°47'E,"Chen, 2019, 2020, 2021, Tree Physiology","Xintai, Shandong province",China
1964 ,Ang,Anacardiaceae,Cotinus coggygria,-2.64 ,,,,0.57 ,,2.224999984,13.22 ,1284.00 ,0.550608952,1.2953,680.3336276,20.82444629,0.263999999,70,45°38'N,13°48''E,"Savi, 2019, Tree Physiology",Trieste,Italy
2771 ,Ang,Rosaceae,Cotinus coggygria,,,0.37 ,23.29 ,,,2.141666661,9.62 ,592.00 ,0.661215941,0.635,902.384731,79.18673104,-9.227999687,4,35°09'N,108°45'E,"Yin, 2019, Forests",Shaanxi Province,China
2525 ,Ang,Rosaceae,Cotoneaster bullatus,,1.59 ,1.09 ,,0.64 ,,2.433333337,5.86 ,847.00 ,15.35548757,1.0344,601.2807223,94.0150966,-7.832000256,5,29°27'N,101°53'E,"Xu, 2020, New Phytologist",Sichuan province,China
2566 ,Ang,Rosaceae,Cotoneaster bullatus,,1.80 ,0.58 ,,0.55 ,,2.299999972,0.78 ,828.00 ,15.35548757,0.9958,691.690106,92.74818783,-13.50800037,4,29°22'N,101°55'E,"Xu, 2020, New Phytologist",Sichuan province,China
2601 ,Ang,Rosaceae,Cotoneaster bullatus,,1.13 ,1.00 ,,0.59 ,,2.324999978,0.75 ,846.00 ,38.61108759,1.0448,647.250795,90.57201924,-13,7,29°34'N,102°00'E,"Xu, 2020, New Phytologist",Sichuan province,China
2452 ,Ang,Rosaceae,Cotoneaster dielsianus,,0.45 ,0.52 ,,0.58 ,,2.308333327,5.61 ,751.00 ,2.957267348,0.6981,607.8590627,99.25253833,-9.423999786,2,29°23'N,101°01'E,"Xu, 2020, New Phytologist",Sichuan province,China
2686 ,Ang,Rosaceae,Cotoneaster dielsianus,,0.63 ,0.29 ,,0.68 ,,1.649999996,12.79 ,928.00 ,6.066549556,0.8259,567.4750116,90.2711391,-1.203999996,9,29°39'N,102°06'E,"Xu, 2020, New Phytologist",Sichuan province,China
2772 ,Ang,Rosaceae,Cotoneaster melanocarpus,,,0.21 ,11.13 ,,,2.141666661,9.62 ,592.00 ,0.661215941,0.635,902.384731,79.18673104,-9.227999687,4,35°09'N,108°45'E,"Yin, 2019, Forests",Shaanxi Province,China
2773 ,Ang,Rhamnaceae,Cotoneaster multiflorus,,,,13.86 ,,,2.141666661,9.62 ,592.00 ,0.661215941,0.635,902.384731,79.18673104,-9.227999687,4,35°09'N,108°45'E,"Yin, 2019, Forests",Shaanxi Province,China
2472 ,Ang,Rosaceae,Cotoneaster tenuipes,,,0.21 ,,,,2.391666641,2.43 ,759.00 ,0.389803522,0.8267,661.8772376,97.80626751,-11.29199982,2,29°33'N,101°23'E,"Xu, 2020, New Phytologist",Sichuan province,China
2325 ,Ang,Dipterocarpaceae,Cotylelobium burckii,-0.45 ,,,,,,1.808333327,27.33 ,3096.00 ,0.808628976,2.0808,45.1874726,24.42523653,22.56800079,192,4°34' N,114°25' E,"Tyree, 1998, Tree Physiology",Badas,Brunei
736 ,Ang,Chrysobalanaceae,Couepia longipendula,-2.59 ,,,,,,1.166666687,26.44 ,2352.00 ,0.788916395,1.4252,44.22227014,42.47501585,21.47200012,81,2°37'S,60°13'W,"Fontes, 2020, New Phytologist",Reserva Biol ogica do Cuieiras (ZF-2),Brazil
2033 ,Ang,Fabaceae,Coursetia arborea,-2.42 ,1.26 ,1.23 ,,,,2.308333337,22.92 ,1162.00 ,0.859320757,0.694,73.08045044,62.82491845,17.07600021,18,10°15' N,67°03' W,"Sobrado, 1997, Acta Ecologica",Estado Miranda,Venezuela
151 ,Ang,Rubiaceae,Coussarea albescens,-4.86 ,,,,,,1.341666689,26.36 ,1934.00 ,0.636951369,1.3225,59.60847558,71.64908622,21.23999977,32,2°31'S,54°35'W,"Barros, 2019, New Phytologist","Manaus, Amazonas",Brazil
2189 ,Ang,Ericaceae ,Craibiodendron scleranthum var. kwangtungense,-2.18 ,0.88 ,0.38 ,,0.49 ,11.50 ,1.87499999,20.60 ,1835.00 ,0.759396395,1.3895,565.6792834,66.92045161,8.623999596,37,23°10' N,112°32' E,"This study; Zhu, 2013, Plant, Cell & Environment; Zhu, 2018, Tree Physiology",Guangdong Province,China
2774 ,Ang,Rosaceae,Crataegus hupehensis,,,0.43 ,18.65 ,,,2.141666661,9.62 ,592.00 ,0.661215941,0.635,902.384731,79.18673104,-9.227999687,4,35°09'N,108°45'E,"Yin, 2019, Forests",Shaanxi Province,China
2775 ,Ang,Rosaceae,Crataegus kansuensis,,,0.60 ,,,,2.141666661,9.62 ,592.00 ,0.661215941,0.635,902.384731,79.18673104,-9.227999687,4,35°09'N,108°45'E,"Yin, 2019, Forests",Shaanxi Province,China
457 ,Ang,Rosaceae,Crataegus laevigata,-8.41 ,,,,,,3.283333341,9.55 ,707.00 ,0.562120773,0.9201,581.9455584,27.5665858,-3.023999929,37,45°43'N,3°03'E,"Choat, 2012, Nature",Clermont-Ferrand,France
1351 ,Ang,Rosaceae,Crataegus maximowiczii,,1.51 ,0.32 ,,0.90 ,3.77 ,1.833333333,3.27 ,661.00 ,0.432660541,0.8044,1257.058799,95.56655616,-21.12800026,5,42°24'N,128°29'E,"Liu, 2019, Science Advances",Jilin Province,China
1982 ,Ang,Rosaceae,Crataegus monogyna,-4.81 ,,,,0.86 ,,3.125,9.76 ,583.00 ,0.605816588,0.7281,745.6629679,28.56675466,-5.191999912,30,48°14'N,16°20'E,"Savi, 2019, Tree Physiology",Vienna,Austria
2190 ,Ang,Hypericaceae,Cratoxylum cochinchinense,-0.83 ,3.28 ,1.12 ,,0.58 ,18.00 ,1.87499999,20.60 ,1835.00 ,0.759396395,1.3895,565.6792834,66.92045161,8.623999596,37,23°10' N,112°32' E,"This study; Zhu, 2013, Plant, Cell & Environment; Zhu, 2018, Tree Physiology",Guangdong Province,China
1637 ,Ang,Boraginaceae,Crescentia alata,,0.14 ,,45.56 ,0.68 ,,2.533333361,25.07 ,999.00 ,NA,0.4434,207.0734595,111.2129666,17.13199997,2,19°29'N,105°02'W,"Mendez-Alonzo, 2013, Trees-Strucyture and Function",the Pacific coast of Jalisco,Mexico
N34,Ang,Bignoniaceae,Crescentia alata,,,,,0.55 ,,3.533333381,26.60 ,1633.00 ,1.163631518,1.0017,80.14568299,93.82169736,21.43599892,2,10°43?31.39?N,85°35?46.99?W,"Vargas, 2021, New Phytologist",Horizontes,Costa Rica
N6,Ang,Celastraceae,Crossopetalum rhacoma,,0.52 ,,,0.84 ,,3.99999994,26.07 ,939.00 ,NA,0.7402,130.6923339,58.51883815,19.67916679,26,17°58?2.17?N,66°53?17.54?W,"Vargas, 2021, New Phytologist",Guanica,Puerto Rico
2366 ,Ang,Euphorbiaceae ,Croton billbergianus,-0.61 ,14.42 ,0.60 ,,,,1.650000006,26.79 ,2330.00 ,0.716664737,1.3739,67.82329313,69.04398102,22.50799942,19,9°10'N,79°07'W,"van der Sande, 2013, Oecologia",Isthmus of Panama,Panama
1234 ,Ang,Euphorbiaceae,Croton blanchetianus,,,,,0.62 ,,1.950000008,26.56 ,879.00 ,1.02707824,0.5112,59.08015702,114.9634108,20.78000069,2,3°47'S,39°16'W,"Lima, 2018, New Phytologist",northeastern Brazil,Brazil
613 ,Ang,Euphorbiaceae,Croton celtidifolius,-2.00 ,,,,0.35 ,13.80 ,2.316666623,12.79 ,1908.00 ,0.576561968,1.778,299.2870573,65.81115372,1.95599997,37,22°42' S,45°25' W,"Eller, 2018, Plant, Cell and environment",SP,Brazil
2921 ,Ang,Euphorbiaceae ,Croton crassifolius,-1.60 ,4.07 ,0.99 ,,0.63 ,6.00 ,1.450000008,19.61 ,1575.00 ,0.7831742,1.2463,355.3021639,76.07293498,9.543999672,18,21°54'N,101°46'E,"Zhu, 2017, Tree Physiology; Tan, 2020, Agricultural and Forest Meteorology",Yunnan province,China
3018 ,Ang,Euphorbiaceae,Croton crassifolius,-1.44 ,,,,,,1.225000014,22.42 ,1640.00 ,0.894353661,0.8598,350.4611648,75.65033519,11.8760004,18,21°55'N,101°16'E,"Zhu, 2018, Tree Physiology; Yan, 2020, Biology Letters",Yuanan province,China
2191 ,Ang,Euphorbiaceae ,Croton lachnocarpus,-2.86 ,1.29 ,0.83 ,,0.51 ,3.00 ,1.87499999,20.60 ,1835.00 ,0.759396395,1.3895,565.6792834,66.92045161,8.623999596,37,23°10' N,112°32' E,"This study; Zhu, 2013, Plant, Cell & Environment; Zhu, 2018, Tree Physiology",Guangdong Province,China
757 ,Ang,Euphorbiaceae,Croton yanhuii,-1.48 ,5.16 ,0.90 ,,0.61 ,,1.450000008,19.61 ,1575.00 ,0.7831742,1.2463,355.3021639,76.07293498,9.543999672,18,21°54' N,101°46' E,"Fu, 2012, Annals of Botany",Yunnan Province,China
2301 ,Ang,Lauraceae,Cryptocarya aristata,-2.00 ,,,,0.54 ,,3.608333329,21.34 ,2196.00 ,0.757955855,1.3226,202.1689634,41.42832963,14.01599979,78,21° 10' S,165° 15' E,"Trueba, 2017, Plant, Cell and Environment",New Caledonia,France (Overseas territories)
2230 ,Ang,Lauraceae,Cryptocarya chinensis,-3.02 ,1.23 ,0.76 ,,0.52 ,12.00 ,1.87499999,20.60 ,1835.00 ,0.759396395,1.3895,565.6792834,66.92045161,8.623999596,37,23°10' N,112°32' E,"This study; Zhu, 2013, Plant, Cell & Environment; Zhu, 2019, Tree Physiology",Guangdong Province,China
2231 ,Ang,Lauraceae,Cryptocarya concinna,-1.74 ,1.34 ,0.88 ,,0.51 ,12.00 ,1.87499999,20.60 ,1835.00 ,0.759396395,1.3895,565.6792834,66.92045161,8.623999596,37,23°10' N,112°32' E,"This study; Zhu, 2013, Plant, Cell & Environment; Zhu, 2019, Tree Physiology",Guangdong Province,China
17 ,Ang,Lauraceae,Cryptocarya laevigata,,2.14 ,0.57 ,,,22.80 ,1.208333343,21.09 ,1997.00 ,0.725864083,1.393,41.63576929,29.39761851,15.43999958,96,1°29'S,120°04'E,"Alexandra, 2014, Flora",Central Sulawesi,Indonesia
2812 ,Ang,Lauraceae,Cryptocarya laevigata,,2.14 ,0.57 ,,,22.80 ,1.166666677,21.09 ,1997.00 ,0.725864083,1.3865,41.63576929,29.39761851,15.43999958,96,1°29'S,120°04'E,"Zach, 2010, Flora",Sulawesi,Indonesia
2288 ,Ang,Lauraceae,Cryptocarya mackinnoniana,,,0.74 ,,,,4.408333341,21.18 ,2634.00 ,0.767544866,1.4659,264.3066765,71.70189156,12.47599983,49,17°07'S,145°37'E,"Togashi, 2015, Ecology and Evolution",Queensland,Australia
2725 ,Gym,Cupressaceae,Cunninghamia lanceolata,,,1.13 ,,,,1.299999992,13.24 ,983.00 ,2.92760473,0.7174,576.9135477,90.39955827,-0.60799998,10,29°26'N,102°10'E,"Xu, 2020, New Phytologist",Sichuan province,China
272 ,Ang,Cunoniaceae,Cunonia pterophylla,,1.03 ,0.36 ,,,,3.900000016,19.33 ,2351.00 ,0.718162138,1.9001,192.9429245,29.3970836,12.20800018,110,22°02' S,166°28' E,"Brodribb & Feild, 2000, Plant, Cell and Environment",New Caledonia,France (Overseas territories)
N35,Ang,Sapindaceae,Cupania guatemalensis,,2.58 ,0.75 ,,0.70 ,,3.533333381,26.60 ,1633.00 ,1.163631518,1.0017,80.14568299,93.82169736,21.43599892,2,10°43?31.39?N,85°35?46.99?W,"Vargas, 2021, New Phytologist",Horizontes,Costa Rica
514 ,Gym,Cupressaceae,Cupressus sempervirens,-10.39 ,,,15.88 ,0.63 ,15.00 ,5.308333397,14.86 ,650.00 ,0.814566681,0.7375,593.0053932,34.87490412,2.684000015,20,43°36' N,3°51' E,"Cochard, 2006, Comptes Rendus Physique",Montpellier,France
281 ,Ang,Dilleniaceae,Curatella americana,,1.25 ,0.93 ,,,,3.325000008,26.46 ,1746.00 ,0.996001165,1.0501,77.51506781,91.484941,21.35199928,1,10°52' N,85°34' W,"Brodribb, 2002, Plant Cell and Environment", the Northern Pacific coast,Costa Rica
2030 ,Ang,Dilleniaceae,Curatella americana,-1.48 ,5.97 ,0.65 ,101.00 ,0.37 ,,2.108333339,22.87 ,1113.00 ,1.014816792,0.7502,58.30105738,72.93595918,16.84399986,12,9°55' N,66°55' W,"Sobrado, 1996, Biologia Plantarum",Estado Aragua,Venezuela
N90,Ang,Dilleniaceae,Curatella americana,,,,,0.54 ,,3.533333381,26.60 ,1633.00 ,1.163631518,1.0017,80.14568299,93.82169736,21.43599892,2,10°43?31.39?N,85°35?46.99?W,"Vargas, 2021, New Phytologist",Santa Elena,Costa Rica
242 ,Ang,Ericaceae,Cyathodes straminea,,,,,0.70 ,,5.674999992,6.25 ,1531.00 ,0.387481756,2.0783,305.9782469,21.03196025,-2.220000029,85,42°40'S,146°37'E,"Blackman, 2014, Annals of Botany; Blackman, 2012, Oecologia; Blackman, 2010, New Phytologist",Tasmania,Australia
1169 ,Ang,Fagaceae,Cyclobalanopsis glauca,-5.09 ,1.62 ,,,0.55 ,,2.208333323,17.35 ,1684.00 ,0.676074042,1.5223,844.751388,58.67976924,1.547999978,45,29°05'N,117°55'E,"Kröber, 2014, PloS one",Jiangxi province,China
1279 ,Ang,Fagaceae,Cyclobalanopsis glauca,,1.39 ,,,0.54 ,,2.383333345,16.19 ,1749.00 ,0.606894284,1.7554,831.410251,57.04453011,1.052000046,44,29°15' N,118°07' E,"Liu, 2016, Ecology",Zhejiang province,China
2264 ,Ang,Fagaceae,Cyclobalanopsis glauca,,1.30 ,0.40 ,,0.62 ,,2.383333345,14.83 ,1141.00 ,0.681450467,1.1928,885.8909326,59.00553992,-2.440000057,20,31°48'N,114°04'E,"This study; Zhu, 2018, Tree Physiology",Henan province,China
2863 ,Ang,Fagaceae,Cyclobalanopsis glauca,,1.62 ,0.14 ,,0.43 ,,3.800000052,17.04 ,1262.00 ,0.591932528,1.3539,825.8536277,42.18081321,2.092000008,45,29°52'N,121°39'E,"Zhao, 2016, Chinese Journal of Plant Ecology",Zhejiang Province,China
3159 ,Ang,Fagaceae,Cyclobalanopsis glauca,,0.89 ,0.30 ,34.01 ,0.62 ,6.10 ,,16.65 ,1219.00 ,0.464880167,#VALUE!,779.7846714,37.61802156,3.539999962,46,29°58'N,122°23'E,"???, 2017, ??????",Zejiang province,China
7 ,Ang,Fagaceae,Cyclobalanopsis glaucoides,-0.68 ,,0.03 ,,,,2.074999998,16.58 ,799.00 ,1.087248448,0.527,232.8928496,104.7746372,4.355999947,6,19°41'N,101°20'W,"Aguilar-Romero, 2017, Tree Physiology",between the Michoacán and Guanajuato states,Mexico
2708 ,Ang,Fagaceae,Cyclobalanopsis glaucoides,,,0.48 ,,,,1.524999996,12.54 ,926.00 ,6.066549556,0.8051,563.7753109,89.68643892,-1.220000029,9,29°39'N,102°08'E,"Xu, 2020, New Phytologist",Sichuan province,China
2726 ,Ang,Fagaceae,Cyclobalanopsis glaucoides,,1.41 ,0.41 ,,0.61 ,,1.299999992,13.24 ,983.00 ,2.92760473,0.7174,576.9135477,90.39955827,-0.60799998,10,29°26'N,102°10'E,"Xu, 2020, New Phytologist",Sichuan province,China
1170 ,Ang,Fagaceae,Cyclobalanopsis myrsinifolia,-4.37 ,0.86 ,,,0.56 ,,2.208333323,17.35 ,1684.00 ,0.676074042,1.5223,844.751388,58.67976924,1.547999978,45,29°05'N,117°55'E,"Kröber, 2014, PloS one",Jiangxi province,China
1280 ,Ang,Fagaceae,Cyclobalanopsis myrsinifolia,,1.06 ,,,0.53 ,,2.383333345,16.19 ,1749.00 ,0.606894284,1.7554,831.410251,57.04453011,1.052000046,44,29°15' N,118°07' E,"Liu, 2016, Ecology",Zhejiang province,China
2864 ,Ang,Fagaceae,Cyclobalanopsis stewardiana,,0.73 ,0.74 ,,0.60 ,,3.800000052,17.04 ,1262.00 ,0.591932528,1.3539,825.8536277,42.18081321,2.092000008,45,29°52'N,121°39'E,"Zhao, 2016, Chinese Journal of Plant Ecology",Zhejiang Province,China
1235 ,Ang,Capparaceae,Cynophalla flexuosa,-2.68 ,,,,0.56 ,,1.950000008,26.56 ,879.00 ,1.02707824,0.5112,59.08015702,114.9634108,20.78000069,2,3°47'S,39°16'W,"Lima, 2018, New Phytologist",northeastern Brazil,Brazil
486 ,Ang,Fabaceae,Cytisus scoparius,-3.62 ,,,,,,2.699999988,11.29 ,598.00 ,0.592509912,0.6645,603.3775522,38.21785488,-2.052000046,27,45°47' N,3°09' E,"Cochard, 2005, Cochard, Physiologia Plantarum",Clermont-Ferrand,France
1786 ,Gym,Podocarpaceae,Dacrydium cupressium,-3.08 ,0.49 ,,10.90 ,0.65 ,,4.708333413,12.52 ,1821.00 ,0.443416003,2.3251,336.3932337,16.60443194,3.10800004,113,37°54' S,176°13' E,"Pittermann, 2006a, 2006b","Te Puke, North Island",New Zealand
1281 ,Ang,Fabaceae,Dalbergia hupeana,,0.14 ,,,0.49 ,,2.383333345,16.19 ,1749.00 ,0.606894284,1.7554,831.410251,57.04453011,1.052000046,44,29°15' N,118°07' E,"Liu, 2016, Ecology",Zhejiang province,China
1986 ,Ang,Fabaceae,Dalbergia miscolobium,,,,,0.61 ,8.30 ,1.816666663,20.44 ,1516.00 ,0.963975451,1.09,123.7480541,79.60995496,11.52799988,8,15°56' S,47°53' W,"Scholz, 2008, Journal of Plant Physiology",south of Brasilia,Brazil
N36,Ang,Fabaceae,Dalbergia retusa,,,,,0.80 ,,3.533333381,26.60 ,1633.00 ,1.163631518,1.0017,80.14568299,93.82169736,21.43599892,2,10°43?31.39?N,85°35?46.99?W,"Vargas, 2021, New Phytologist",Horizontes,Costa Rica
1894 ,Ang,Thymelaeaceae,Daphne gnidium,-3.34 ,0.46 ,0.13 ,,,,2.733333329,16.24 ,465.00 ,1.255760801,0.4115,673.8307813,54.27653412,0.451999992,5,38°14' N,4°12' W,"Quero, 2011, Oecologia",Sierra De Cardena,Spain
2137 ,Ang,Thymelaeaceae,Daphne odora,,0.04 ,0.20 ,,0.56 ,1.43 ,1.708333333,15.31 ,1184.00 ,0.558582058,1.1298,632.1588893,75.233605,1.911999941,18,26°15'N,105°80'E,This study,Guizhou Province,China
2526 ,Ang,Thymelaeaceae,Daphne tangutica,,0.37 ,0.20 ,,0.60 ,,2.433333337,5.86 ,847.00 ,15.35548757,1.0344,601.2807223,94.0150966,-7.832000256,5,29°27'N,101°53'E,"Xu, 2020, New Phytologist",Sichuan province,China
652 ,Ang,Daphniphyllaceae,Daphniphyllum oldhamii,-0.62 ,0.46 ,0.51 ,,,,1.708333333,15.31 ,1184.00 ,0.558582058,1.1298,632.1588893,75.233605,1.911999941,18,26°15' N,105°44' E,"Fan, 2011, Tree Physiology; Fan, 2018, Forest Ecosystems",Guizhou Province,China
1171 ,Ang,Daphniphyllaceae,Daphniphyllum oldhamii,-5.44 ,0.64 ,,,0.45 ,,2.208333323,17.35 ,1684.00 ,0.676074042,1.5223,844.751388,58.67976924,1.547999978,45,29°05'N,117°55'E,"Kröber, 2014, PloS one",Jiangxi province,China
1282 ,Ang,Daphniphyllaceae,Daphniphyllum oldhamii,,0.59 ,,,0.41 ,,2.383333345,16.19 ,1749.00 ,0.606894284,1.7554,831.410251,57.04453011,1.052000046,44,29°15' N,118°07' E,"Liu, 2016, Ecology",Zhejiang province,China
837 ,Ang,Fabaceae,Daviesia latifolia,,1.16 ,0.27 ,14.95 ,0.65 ,,4.083333333,10.05 ,640.00 ,0.468981124,0.5986,365.5327037,17.11005639,-0.815999985,37,42°23' S,147°03' E,"Gleason, 2012, Functional Ecology",Tasmanian Central Highland forests,Australia
864 ,Ang,Fabaceae,Daviesia squarrosa,,0.97 ,0.39 ,16.48 ,0.70 ,1.50 ,2.458333313,16.28 ,874.00 ,0.857961244,0.5743,450.6347406,33.16001174,4,38,32°47' S,150°55' E,"Gleason, 2012, Functional Ecology",Eastern Australia,Australia
2687 ,Ang,Urticaceae,Debregeasia orientalis,,3.16 ,1.54 ,,0.41 ,,1.649999996,12.79 ,928.00 ,6.066549556,0.8259,567.4750116,90.2711391,-1.203999996,9,29°39'N,102°06'E,"Xu, 2020, New Phytologist",Sichuan province,China
2709 ,Ang,Urticaceae,Debregeasia orientalis,,,0.69 ,,,,1.524999996,12.54 ,926.00 ,6.066549556,0.8051,563.7753109,89.68643892,-1.220000029,9,29°39'N,102°08'E,"Xu, 2020, New Phytologist",Sichuan province,China
2727 ,Ang,Urticaceae,Debregeasia orientalis,,4.23 ,0.83 ,,0.29 ,,1.299999992,13.24 ,983.00 ,2.92760473,0.7174,576.9135477,90.39955827,-0.60799998,10,29°26'N,102°10'E,"Xu, 2020, New Phytologist",Sichuan province,China
2848 ,Ang,Myrtaceae,Decaspermum gracilentum,-3.12 ,2.92 ,1.32 ,,0.72 ,,1.575000008,21.79 ,1244.00 ,0.682104923,0.9054,514.7271923,76.36396698,9.815999985,19,22°07'N,106°45'E,"Zhang, 2021, Functional Ecology",Guangxi province,China
2858 ,Ang,Sapindaceae,Delavaya toxocarpa,-1.92 ,3.12 ,0.95 ,,0.59 ,,1.575000008,21.79 ,1244.00 ,0.682104923,0.9054,514.7271923,76.36396698,9.815999985,19,22°07'N,106°45'E,"Zhang, 2021, Functional Ecology; ???, 2019, ??????",Guangxi province,China
724 ,Ang,Araliaceae,Dendropanax latilobus,,0.64 ,0.15 ,,,,3.549999992,18.76 ,2460.00 ,0.679743024,2.1332,77.121891,75.74682369,13.0880003,23,10°12' N,84°42' W,"Feild & Holbrook, 2000, Plant, Cell and Environment",La Reserva Bosque Nuboso de Monteverde,Costa Rica
2849 ,Ang,Annonaceae,Desmos chinensis,-1.41 ,3.65 ,1.07 ,,0.56 ,,1.575000008,21.79 ,1244.00 ,0.682104923,0.9054,514.7271923,76.36396698,9.815999985,19,22°07'N,106°45'E,"Zhang, 2021, Functional Ecology",Guangxi province,China
3172 ,Ang,Annonaceae,Desmos chinensis,-1.41 ,,,,0.52 ,,1.575000008,21.79 ,1244.00 ,0.682104923,0.9054,514.7271923,76.36396698,9.815999985,19,22°07'N,106°45'E,"???, 2019, ??????",Guangxi province,China
3087 ,Ang,Fabaceae,Dicorynia guianensis,-2.38 ,,,,,,2.158333331,25.74 ,2796.00 ,0.649499163,1.8807,45.73945121,49.59006205,21.01600075,68,5°16'N,52°55'W,"Ziegler, 2019, Annals of Forest Science; Marechaux, 2015, Functional Ecology","Guiana Shield, French Guiana",France (overseas territories)
725 ,Ang,Araliaceae,Didymopanax pittieri,,0.65 ,0.13 ,,,,3.549999992,18.76 ,2460.00 ,0.679743024,2.1332,77.121891,75.74682369,13.0880003,23,10°12' N,84°42' W,"Feild & Holbrook, 2000, Plant, Cell and Environment",La Reserva Bosque Nuboso de Monteverde,Costa Rica
N91,Ang,Ebenaceae,Diospyros acapulcensis,,,,,0.69 ,,3.533333381,26.60 ,1633.00 ,1.163631518,1.0017,80.14568299,93.82169736,21.43599892,2,10°43?31.39?N,85°35?46.99?W,"Vargas, 2021, New Phytologist",Santa Elena,Costa Rica
N78,Ang,Ebenaceae,Diospyros anisandra,,1.37 ,1.59 ,,0.94 ,,2.366666665,25.43 ,1087.00 ,1.022873596,0.5479,207.2946945,70.07447924,15.63199997,22,20°5?26.73?N,89°33?47.66?W,"Vargas, 2021, New Phytologist",Kaxil Kiuic,Mexico
2337 ,Ang,Ebenaceae,Diospyros brachiata,-0.42 ,,,,,,1.99999999,27.24 ,3207.00 ,0.836012663,2.0385,46.08495796,23.65472986,22.54400063,198,4°40' N,114°31' E,"Tyree, 1998, Tree Physiology",Andalau,Brunei
2192 ,Ang,Ebenaceae,Diospyros eriantha,-3.29 ,1.97 ,0.48 ,,0.58 ,15.50 ,1.87499999,20.60 ,1835.00 ,0.759396395,1.3895,565.6792834,66.92045161,8.623999596,37,23°10' N,112°32' E,"This study; Zhu, 2013, Plant, Cell & Environment; Zhu, 2018, Tree Physiology",Guangdong Province,China
1283 ,Ang,Ebenaceae,Diospyros glaucifolia,,5.27 ,,,0.48 ,,2.383333345,16.19 ,1749.00 ,0.606894284,1.7554,831.410251,57.04453011,1.052000046,44,29°15' N,118°07' E,"Liu, 2016, Ecology",Zhejiang province,China
2326 ,Ang,Ebenaceae,Diospyros hermaphroditica,-0.60 ,,,,,,1.808333327,27.33 ,3096.00 ,0.808628976,2.0808,45.1874726,24.42523653,22.56800079,192,4°34' N,114°25' E,"Tyree, 1998, Tree Physiology",Badas,Brunei
1172 ,Ang,Ebenaceae,Diospyros japonica,-2.95 ,1.34 ,,,0.56 ,,2.208333323,17.35 ,1684.00 ,0.676074042,1.5223,844.751388,58.67976924,1.547999978,45,29°05'N,117°55'E,"Kröber, 2014, PloS one",Jiangxi province,China
405 ,Ang,Ebenaceae,Diospyros kaki,-5.35 ,2.98 ,0.29 ,55.90 ,0.67 ,,2.791666687,12.90 ,750.00 ,0.833278615,0.7018,1029.416139,109.3542796,-7.93599987,8,35°46'N,117°47'E,"Chen, 2019, 2020, 2021, Tree Physiology","Xintai, Shandong province",China
406 ,Ang,Ebenaceae,Diospyros lotus,-4.10 ,1.94 ,0.30 ,53.20 ,0.59 ,,2.791666687,12.90 ,750.00 ,0.833278615,0.7018,1029.416139,109.3542796,-7.93599987,8,35°46'N,117°47'E,"Chen, 2019, 2020, 2021, Tree Physiology","Xintai, Shandong province",China
2265 ,Ang,Ebenaceae,Diospyros lotus,,3.77 ,0.93 ,,0.58 ,,2.383333345,14.83 ,1141.00 ,0.681450467,1.1928,885.8909326,59.00553992,-2.440000057,20,31°48'N,114°04'E,"This study; Zhu, 2018, Tree Physiology",Henan province,China
2776 ,Ang,Caprifoliaceae,Diospyros lotus,,,0.56 ,26.70 ,,,2.141666661,9.62 ,592.00 ,0.661215941,0.635,902.384731,79.18673104,-9.227999687,4,35°09'N,108°45'E,"Yin, 2019, Forests",Shaanxi Province,China
2338 ,Ang,Ebenaceae,Diospyros mindanaensis,-0.79 ,,,,,,1.99999999,27.24 ,3207.00 ,0.836012663,2.0385,46.08495796,23.65472986,22.54400063,198,4°40' N,114°31' E,"Tyree, 1998, Tree Physiology",Andalau,Brunei
2193 ,Ang,Ebenaceae,Diospyros morrisiana,-0.85 ,3.29 ,0.51 ,,0.48 ,13.00 ,1.87499999,20.60 ,1835.00 ,0.759396395,1.3895,565.6792834,66.92045161,8.623999596,37,23°10' N,112°32' E,"This study; Zhu, 2013, Plant, Cell & Environment; Zhu, 2018, Tree Physiology",Guangdong Province,China
1138 ,Ang,Ebenaceae,Diospyros texana,-6.80 ,,,,,,3.99999998,17.96 ,600.00 ,1.300554698,0.3724,737.0400322,40.15801859,0.483999997,25,30°55' N,99°54' W,"Johnson, 2018, Plant, Cell & Environment",Texas ,USA
3066 ,Ang,Ebenaceae,Diospyros yunnanensis,-3.44 ,1.08 ,0.81 ,,0.60 ,,1.241666675,21.73 ,1241.00 ,0.650657102,0.5667,418.0369268,86.52378798,10.16399956,13,23°27'N,102°10'E,"Zhu, 2018, Tree Physiology; Zhang, 2019, Forests; Yan, 2020, Biology Letters",Yunnan province,China
2567 ,Ang,Caprifoliaceae,Dipelta yunnanensis,,0.36 ,0.85 ,,0.56 ,,2.299999972,0.78 ,828.00 ,15.35548757,0.9958,691.690106,92.74818783,-13.50800037,4,29°22'N,101°55'E,"Xu, 2020, New Phytologist",Sichuan province,China
2194 ,Ang,Rubiaceae,Diplospora dubia,-2.21 ,0.85 ,0.61 ,,0.63 ,,1.87499999,20.60 ,1835.00 ,0.759396395,1.3895,565.6792834,66.92045161,8.623999596,37,23°10' N,112°32' E,"This study; Zhu, 2013, Plant, Cell & Environment; Zhu, 2018, Tree Physiology",Guangdong Province,China
258 ,Ang,Fabaceae,Diplotropis purpurea ,,,,,,16.50 ,2.141666651,25.74 ,2796.00 ,0.649499163,1.8806,45.73945121,49.59006205,21.01600075,68,5°16'N,52°56'W,"Bonal, 2001, Plant Cell and Environment",French Guiana,France (overseas territories)
264 ,Gym,Cupressaceae,Diselma archeri,,0.12 ,0.07 ,,,,5.674999992,6.25 ,1531.00 ,0.387481756,2.0783,305.9782469,21.03196025,-2.220000029,85,42°40'S,146°37'E,"Brodribb & Feild, 2000, Plant, Cell and Environment",Tasmania,Australia
1284 ,Ang,Hamamelidaceae,Distylium myricoides,,0.83 ,,,0.61 ,,2.383333345,16.19 ,1749.00 ,0.606894284,1.7554,831.410251,57.04453011,1.052000046,44,29°15' N,118°07' E,"Liu, 2016, Ecology",Zhejiang province,China
798 ,Ang,Sapindaceae,Dodonaea physocarpa,,1.07 ,0.35 ,24.66 ,0.80 ,1.50 ,2.391666681,26.83 ,687.00 ,2.472404017,0.3277,380.6304795,119.4832856,13.63599968,1,18°43' S,141°50' E,"Gleason, 2012, Functional Ecology",Carpentaria,Australia
904 ,Ang,Sapindaceae,Dodonaea viscosa,,1.27 ,0.23 ,20.90 ,0.84 ,4.00 ,2.758333325,17.54 ,410.00 ,1.496945786,0.2873,613.9776951,14.54176838,1.675999999,26,32°58' S,146°10' E,"Gleason, 2012, Functional Ecology; Blackman, 2014, Annals of Botany; Blackman, 2018, Annals of Botany",New South Wales,Australia
548 ,Ang,Dilleniaceae,Doliocarpus dentatus,-1.65 ,0.70 ,,,0.41 ,,1.974999984,26.20 ,2501.00 ,0.620433427,2.4056,55.1326178,61.10977054,22.31999969,24,9°17' N,79°58' W,"De Guzman, 2020, Tree Physiology",near the Caribbean coast of Panama,Panama
1587 ,Ang,Dilleniaceae,Doliocarpus multiflorus,-2.15 ,2.47 ,0.26 ,,0.62 ,,1.974999984,26.20 ,2501.00 ,0.620433427,2.4056,55.1326178,61.10977054,22.31999969,24,9°17' N,79°58' W,"Medina-Vega, 2021, Journal of Ecology",near the Caribbean coast of Panama,Panama
2289 ,Ang,Atherospermataceae,Doryphora aromatica,,,0.34 ,,,19.00 ,4.408333341,21.18 ,2634.00 ,0.767544866,1.4659,264.3066765,71.70189156,12.47599983,49,17°07'S,145°37'E,"Togashi, 2015, Ecology and Evolution",Queensland,Australia
614 ,Ang,Winteraceae,Drimys brasiliensis,-1.60 ,,,,0.43 ,11.30 ,2.316666623,12.79 ,1908.00 ,0.576561968,1.778,299.2870573,65.81115372,1.95599997,37,22°42' S,45°25' W,"Eller, 2018, Plant, Cell and environment",SP,Brazil
726 ,Ang,Winteraceae,Drimys granadensis,,0.39 ,0.12 ,,,,3.549999992,18.76 ,2460.00 ,0.679743024,2.1332,77.121891,75.74682369,13.0880003,23,10°12' N,84°42' W,"Feild & Holbrook, 2000, Plant, Cell and Environment",La Reserva Bosque Nuboso de Monteverde,Costa Rica
982 ,Ang,Winteraceae,Drimys granadensis,-1.64 ,,,21.20 ,0.45 ,,3.299999992,14.30 ,2298.00 ,0.495302486,2.4645,70.67374248,66.01157258,8.631999969,30,10°06' N,84°07' W,"Hacke, 2007, International Journal of Plant Sciences","Heredia Province, Volcan Barva",Costa Rica
983 ,Ang,Winteraceae,Drimys winteri,-2.30 ,,,,,,3.441666663,14.82 ,142.00 ,0.659891893,0.1358,263.1545045,114.465352,7.322727203,0,30°40' S,71°40' W,"Hacke, 2007, International Journal of Plant Sciences",Coquimbo,Chile
1692 ,Ang,Winteraceae,Drimys winteri,,0.59 ,0.25 ,15.01 ,,,2.566666633,16.04 ,127.00 ,0.68568213,0.1067,304.3601693,124.5331845,6.93200016,0,30°40' S,71°30' W,"Negret, 2013, Oecologia",,Chile
1653 ,Ang,Proteaceae,Dryandra cirisoides,,0.47 ,0.01 ,17.83 ,0.83 ,,3.441666683,16.82 ,359.00 ,1.116587761,0.2473,521.4274796,49.21736532,2.692000151,11,32°19' S,117°52' E,"Mitchell, 2008, Oecologia",Western Australia,Australia
1669 ,Ang,Proteaceae,Dryandra sessilis,-1.93 ,0.60 ,0.02 ,17.95 ,0.77 ,,3.441666683,16.82 ,359.00 ,1.116587761,0.2473,521.4274796,49.21736532,2.692000151,11,32°19' S,117°52' E,"Mitchell, 2008, Oecologia",Western Australia,Australia
1652 ,Ang,Proteaceae,Dryandra vestita,-3.19 ,0.52 ,0.01 ,15.88 ,0.71 ,,3.441666683,16.82 ,359.00 ,1.116587761,0.2473,521.4274796,49.21736532,2.692000151,11,32°19' S,117°52' E,"Mitchell, 2008, Oecologia",Western Australia,Australia
3019 ,Ang,Putranjivaceae,Drypetes indica,-2.30 ,,,,,,1.225000014,22.42 ,1640.00 ,0.894353661,0.8598,350.4611648,75.65033519,11.8760004,18,21°55'N,101°16'E,"Zhu, 2018, Tree Physiology; Yan, 2020, Biology Letters",Yuanan province,China
2830 ,Ang,Lythraceae,Duabanga grandiflora,-1.98 ,3.24 ,,,0.45 ,,1.225000004,20.88 ,1683.00 ,0.85605524,1.0122,338.2657063,78.45212263,10.92399979,17,21°36?N,101°35?E,"Zhang, 2019, Tree Physiology",Yunnan province,China
549 ,Ang,Fabaceae,Dussia munda,-1.80 ,0.50 ,,,0.52 ,,1.974999984,26.20 ,2501.00 ,0.620433427,2.4056,55.1326178,61.10977054,22.31999969,24,9°17' N,79°58' W,"De Guzman, 2020, Tree Physiology",near the Caribbean coast of Panama,Panama
1948 ,Ang,Fabaceae,Dussia munda,,,,,0.53 ,,1.974999984,26.20 ,2501.00 ,0.620433427,2.4056,55.1326178,61.10977054,22.31999969,24,9°17' N,79°58' W,"Santiago, 2004, Oecologia",near the Caribbean coast of Panama,Panama
133 ,Ang,Fabaceae,Dypterix odorata,-4.47 ,,,,,,1.166666687,26.44 ,2352.00 ,0.788916395,1.4227,44.22227014,42.47501585,21.47200012,81,2°37'S,60°13'W,"Barros, 2019, New Phytologist","Manaus, Amazonas",Brazil
673 ,Ang,Meliaceae,Dysoxylum gotadhora,,,,119.10 ,0.50 ,26.50 ,1.266666651,21.56 ,1641.00 ,0.894353661,0.9726,335.0943307,76.6728934,11.23200035,16,21°41' N,101°25' E,"Fan, 2012, Journal of Ecology",Yunnan Province,China
2453 ,Ang,Elaeagnaceae,Elaeagnus bockii,,0.27 ,0.75 ,,0.66 ,,2.308333327,5.61 ,751.00 ,2.957267348,0.6981,607.8590627,99.25253833,-9.423999786,2,29°23'N,101°01'E,"Xu, 2020, New Phytologist",Sichuan province,China
2266 ,Ang,Elaeagnaceae,Elaeagnus pungens,,0.68 ,0.55 ,,0.59 ,,2.383333345,14.83 ,1141.00 ,0.681450467,1.1928,885.8909326,59.00553992,-2.440000057,20,31°48'N,114°04'E,"This study; Zhu, 2018, Tree Physiology",Henan province,China
2688 ,Ang,Elaeagnaceae,Elaeagnus umbellata,,0.18 ,0.66 ,,0.58 ,,1.649999996,12.79 ,928.00 ,6.066549556,0.8259,567.4750116,90.2711391,-1.203999996,9,29°39'N,102°06'E,"Xu, 2020, New Phytologist",Sichuan province,China
2777 ,Ang,Elaeagnaceae,Elaeagnus umbellata ,,,0.39 ,15.31 ,,,2.141666661,9.62 ,592.00 ,0.661215941,0.635,902.384731,79.18673104,-9.227999687,4,35°09'N,108°45'E,"Yin, 2019, Forests",Shaanxi Province,China
2887 ,Ang,Elaeocarpaceae ,Elaeocarpus apiculatus,-1.02 ,2.17 ,0.76 ,,0.43 ,,2.391666651,22.44 ,2177.00 ,0.679918148,1.613,520.8183658,75.162042,11.56799984,28,22°34' N,112°50' E,"Zhu, 2017, Forest Ecology and Management",Guangdong Province,China
2955 ,Ang,Elaeocarpaceae,Elaeocarpus apiculatus,-1.02 ,,,,,,1.866666645,20.60 ,1835.00 ,0.759396395,1.4258,565.6792834,66.92045161,8.623999596,37,23°10'N,112°31'E,"Zhu, 2018, Tree Physiology",Guangdong Province,China
674 ,Ang,Elaeocarpaceae,Elaeocarpus austroyunnanensis,,,,125.50 ,0.73 ,23.27 ,1.266666651,21.56 ,1641.00 ,0.894353661,0.9726,335.0943307,76.6728934,11.23200035,16,21°41' N,101°25' E,"Fan, 2012, Journal of Ecology",Yunnan Province,China
1173 ,Ang,Elaeocarpaceae,Elaeocarpus chinensis,-6.04 ,1.19 ,,,0.44 ,,2.208333323,17.35 ,1684.00 ,0.676074042,1.5223,844.751388,58.67976924,1.547999978,45,29°05'N,117°55'E,"Kröber, 2014, PloS one",Jiangxi province,China
1285 ,Ang,Elaeocarpaceae,Elaeocarpus chinensis,,0.73 ,,,0.50 ,,2.383333345,16.19 ,1749.00 ,0.606894284,1.7554,831.410251,57.04453011,1.052000046,44,29°15' N,118°07' E,"Liu, 2016, Ecology",Zhejiang province,China
1286 ,Ang,Elaeocarpaceae,Elaeocarpus decipiens,,0.92 ,,,0.48 ,,2.383333345,16.19 ,1749.00 ,0.606894284,1.7554,831.410251,57.04453011,1.052000046,44,29°15' N,118°07' E,"Liu, 2016, Ecology",Zhejiang province,China
2956 ,Ang,Elaeocarpaceae,Elaeocarpus dubius,-1.77 ,,,,,,1.866666645,20.60 ,1835.00 ,0.759396395,1.4258,565.6792834,66.92045161,8.623999596,37,23°10'N,112°31'E,"Zhu, 2018, Tree Physiology",Guangdong Province,China
1174 ,Ang,Elaeocarpaceae,Elaeocarpus glabripetalus,-5.84 ,1.20 ,,,0.46 ,,2.208333323,17.35 ,1684.00 ,0.676074042,1.5223,844.751388,58.67976924,1.547999978,45,29°05'N,117°55'E,"Kröber, 2014, PloS one",Jiangxi province,China
1175 ,Ang,Elaeocarpaceae,Elaeocarpus japonicus,-4.63 ,1.07 ,,,0.43 ,,2.208333323,17.35 ,1684.00 ,0.676074042,1.5223,844.751388,58.67976924,1.547999978,45,29°05'N,117°55'E,"Kröber, 2014, PloS one",Jiangxi province,China
1287 ,Ang,Elaeocarpaceae,Elaeocarpus japonicus,,0.68 ,,,0.43 ,,2.383333345,16.19 ,1749.00 ,0.606894284,1.7554,831.410251,57.04453011,1.052000046,44,29°15' N,118°07' E,"Liu, 2016, Ecology",Zhejiang province,China
2957 ,Ang,Elaeocarpaceae,Elaeocarpus japonicus,-3.77 ,,,,,,1.866666645,20.60 ,1835.00 ,0.759396395,1.4258,565.6792834,66.92045161,8.623999596,37,23°10'N,112°31'E,"Zhu, 2018, Tree Physiology",Guangdong Province,China
2002 ,Ang,Proteaceae,Embothrium coccineum,-1.57 ,,,,,,4.458333333,8.32 ,930.00 ,0.540178555,1.0102,436.8447751,57.49700711,-3.263999939,27,41°08'S,71°19'W,"Sergent, 2020, Forest Ecology and Management",Río Negro Province,Argentina
1063 ,Ang,Asteraceae,Encelia californica,-0.79 ,1.44 ,,,0.64 ,0.90 ,3.766666631,16.28 ,392.00 ,1.125048534,0.3894,347.5370192,99.93090982,6.93599987,0,34°03' N,118°42' W,"Jacobsen, 2007b, Plant, Cell and Environment; Jacobsen, 2008, New Phytologist",Southern California,USA
1813 ,Ang,Asteraceae,Encelia farinosa,-6.13 ,0.66 ,,24.86 ,,,3.041666667,18.41 ,391.00 ,1.813401252,0.2265,703.9524282,77.36163668,-0.032000002,5,32°01' N,110°37' W,"Pockman & Sperry, 2000, American Journal of Botany","Pima County, Arizona",USA
152 ,Ang,Humiriaceae,Endopleura uchi,-1.52 ,,,,,,1.341666689,26.36 ,1934.00 ,0.636951369,1.3225,59.60847558,71.64908622,21.23999977,32,2°31'S,54°35'W,"Barros, 2019, New Phytologist","Manaus, Amazonas",Brazil
2195 ,Ang,Juglandaceae ,Engelhardia roxburghiana,-1.15 ,3.20 ,0.50 ,,0.45 ,16.00 ,1.87499999,20.60 ,1835.00 ,0.759396395,1.3895,565.6792834,66.92045161,8.623999596,37,23°10' N,112°32' E,"This study; Zhu, 2013, Plant, Cell & Environment; Zhu, 2018, Tree Physiology",Guangdong Province,China
2160 ,Ang,Juglandaceae ,Engelhardia roxburghiana ,,1.56 ,,,0.43 ,,2.033333292,17.68 ,1677.00 ,0.640949642,1.3692,655.2663136,66.08128464,4.271999836,35,24°30'N,113°12'E,This study,Guangdong province,China
2646 ,Ang,Ericaceae,Enkianthus chinensis,,1.10 ,0.60 ,,0.54 ,,2.074999998,3.00 ,858.00 ,6.066549556,0.9714,635.2643433,90.25313014,-10.72399998,8,29°35'N,102°02'E,"Xu, 2020, New Phytologist",Sichuan province,China
284 ,Ang,Fabaceae,Enterolobium cyclocarpum,-2.73 ,3.50 ,0.79 ,,,,3.325000008,26.46 ,1746.00 ,0.996001165,1.0501,77.51506781,91.484941,21.35199928,1,10°52' N,85°34' W,"Brodribb, 2002, Plant Cell and Environment; Brodribb, 2003, Plant Cell and Environment", the Northern Pacific coast,Costa Rica
N37,Ang,Fabaceae,Enterolobium cyclocarpum,,8.45 ,0.44 ,,0.38 ,,3.533333381,26.60 ,1633.00 ,1.163631518,1.0017,80.14568299,93.82169736,21.43599892,2,10°43?31.39?N,85°35?46.99?W,"Vargas, 2021, New Phytologist",Horizontes,Costa Rica
838 ,Ang,Epacridaceae,Epacris impressa,,0.05 ,0.10 ,13.35 ,0.70 ,,4.083333333,10.05 ,640.00 ,0.468981124,0.5986,365.5327037,17.11005639,-0.815999985,37,42°23' S,147°03' E,"Gleason, 2012, Functional Ecology",Tasmanian Central Highland forests,Australia
852 ,Ang,Epacridaceae,Epacris impressa,,0.38 ,0.16 ,15.79 ,0.72 ,1.50 ,5.108333309,10.74 ,951.00 ,0.428962839,1.0454,288.3112936,17.90963242,2.263999939,58,42°59' S,147°11' E,"Gleason, 2012, Functional Ecology",Tasmanian,Australia
853 ,Ang,Epacridaceae,Epacris lanuginosa,,0.53 ,0.16 ,15.12 ,0.66 ,1.50 ,5.108333309,10.74 ,951.00 ,0.428962839,1.0454,288.3112936,17.90963242,2.263999939,58,42°59' S,147°11' E,"Gleason, 2012, Functional Ecology",Tasmanian,Australia
1716 ,Ang,Fabaceae,Eperua duckeana,-0.89 ,,,,,,1.141666691,26.88 ,2216.00 ,0.839025411,1.3428,52.339996,49.8643603,22.24399948,59,03°08'S,59°53'W,"Oliveire, 2019, New Phytologist",Manaus,Brazil
3085 ,Ang,Fabaceae,Eperua falcata,-3.86 ,,,,,15.40 ,2.158333331,25.74 ,2796.00 ,0.649499163,1.8807,45.73945121,49.59006205,21.01600075,68,5°16'N,52°55'W,"Ziegler, 2019, Annals of Forest Science; Bonal, 2001, Plant Cell and Environment","Guiana Shield, French Guiana",France (overseas territories)
737 ,Ang,Fabaceae,Eperua glabroflora,-1.02 ,,,,,,1.166666687,26.44 ,2352.00 ,0.788916395,1.4252,44.22227014,42.47501585,21.47200012,81,2°37'S,60°13'W,"Fontes, 2020, New Phytologist",Reserva Biol ogica do Cuieiras (ZF-2),Brazil
3088 ,Ang,Fabaceae,Eperua grandiflora,-6.14 ,,,,,,2.158333331,25.74 ,2796.00 ,0.649499163,1.8807,45.73945121,49.59006205,21.01600075,68,5°16'N,52°55'W,"Ziegler, 2019, Annals of Forest Science; Marechaux, 2015, Functional Ecology","Guiana Shield, French Guiana",France (overseas territories)
2038 ,Ang,Fabaceae,Eperua leucantha,,3.92 ,1.16 ,41.41 ,0.49 ,,1.016666661,26.28 ,3400.00 ,0.750267507,1.7274,48.81918989,24.9449351,18.87199974,195,1°54' N,67°03' W,"Sobrado, 2010, Journal of Tropical Ecology", southern Venezuela,Venezuela
675 ,Ang,Euphorbiaceae,Epiprinus siletianus,,,,61.80 ,0.68 ,8.08 ,1.266666651,21.56 ,1641.00 ,0.894353661,0.9726,335.0943307,76.6728934,11.23200035,16,21°41' N,101°25' E,"Fan, 2012, Journal of Ecology",Yunnan Province,China
878 ,Ang,Scrophulariaceae,Eremophila deserti,,0.25 ,0.09 ,16.31 ,0.82 ,1.20 ,2.758333325,17.54 ,410.00 ,1.496945786,0.2873,613.9776951,14.54176838,1.675999999,26,32°58' S,146°10' E,"Gleason, 2012, Functional Ecology; Blackman, 2014, Annals of Botany",New South Wales,Australia
905 ,Ang,Scrophulariaceae,Eremophila glabra,,0.22 ,0.09 ,20.15 ,0.71 ,1.30 ,2.758333325,17.54 ,410.00 ,1.496945786,0.2873,613.9776951,14.54176838,1.675999999,26,32°58' S,146°10' E,"Gleason, 2012, Functional Ecology; Blackman, 2014, Annals of Botany; Blackman, 2018, Annals of Botany",New South Wales,Australia
2298 ,Ang,Ericaceae,Erica arborea,-2.70 ,0.73 ,0.20 ,,,2.00 ,2.858333349,13.54 ,849.00 ,0.662581357,0.8832,652.6431961,30.90367526,0.400000006,32,43°26' N,10°42' E,"Tognetti, 2001, Australian Journal of Plant Physiology",Lajatico,Italy
1045 ,Ang,Ericaceae,Erica cerinthoides,,0.07 ,,19.75 ,0.63 ,1.20 ,3.683333317,14.30 ,602.00 ,1.077447454,0.5989,373.0088434,47.52210499,2.832000017,25,33°56' S,19°31' E,"Jacobsen, 2007a, 2009",Western Cape Province,South Africa
1046 ,Ang,Ericaceae,Erica plukenetti,-2.95 ,0.21 ,,22.29 ,0.65 ,2.00 ,3.683333317,14.30 ,602.00 ,1.077447454,0.5989,373.0088434,47.52210499,2.832000017,25,33°56' S,19°31' E,"Jacobsen, 2007a, 2009",Western Cape Province,South Africa
1047 ,Ang,Ericaceae,Erica vestita,-2.62 ,0.67 ,,,,2.00 ,3.683333317,14.30 ,602.00 ,1.077447454,0.5989,373.0088434,47.52210499,2.832000017,25,33°56' S,19°31' E,"Jacobsen, 2007a, 2009",Western Cape Province,South Africa
1068 ,Ang,Polygonaceae,Eriogonum cinereum,-1.90 ,0.93 ,,32.06 ,0.67 ,0.83 ,3.766666631,16.28 ,392.00 ,1.125048534,0.3894,347.5370192,99.93090982,6.93599987,0,34°03' N,118°42' W,"Jacobsen, 2007b, Plant, Cell and Environment; Jacobsen, 2008, New Phytologist; Hacke, 2009, Plant, Cell and Environment",Southern California,USA
1987 ,Ang,Bombacaceae,Eriotheca pubescens,,3.74 ,,,0.55 ,,1.816666663,20.44 ,1516.00 ,0.963975451,1.09,123.7480541,79.60995496,11.52799988,8,15°56' S,47°53' W,"Scholz, 2008, Journal of Plant Physiology",south of Brasilia,Brazil
153 ,Ang,Vochysiaceae,Erisma unsinatum,-2.13 ,,,,,,1.341666689,26.36 ,1934.00 ,0.636951369,1.3225,59.60847558,71.64908622,21.23999977,32,2°31'S,54°35'W,"Barros, 2019, New Phytologist","Manaus, Amazonas",Brazil
N7,Ang,Rubiaceae,Erithalis fruticosa,,0.61 ,0.69 ,,0.99 ,,3.99999994,26.07 ,939.00 ,NA,0.7402,130.6923339,58.51883815,19.67916679,26,17°58?2.17?N,66°53?17.54?W,"Vargas, 2021, New Phytologist",Guanica,Puerto Rico
2367 ,Ang,Fabaceae,Erythrina costaricensis,-1.17 ,11.94 ,0.55 ,,,,1.650000006,26.79 ,2330.00 ,0.716664737,1.3739,67.82329313,69.04398102,22.50799942,19,9°10'N,79°07'W,"van der Sande, 2013, Oecologia",Isthmus of Panama,Panama
2391 ,Ang,Fabaceae,Erythrophleum africanum,-3.11 ,0.97 ,,24.00 ,,,3.066666683,19.78 ,1236.00 ,1.01444953,0.7264,259.8332745,113.2747069,5.624000072,0,12°49' S,28°22' E,"Vinya, 2013, Oecologia",Kitwe City,Zambia 
799 ,Ang,Fabaceae,Erythrophleum chlorostachys,,2.35 ,,33.58 ,0.72 ,10.00 ,2.391666681,26.83 ,687.00 ,2.472404017,0.3277,380.6304795,119.4832856,13.63599968,1,18°43' S,141°50' E,"Gleason, 2012, Functional Ecology",Carpentaria,Australia
2958 ,Ang,Fabaceae,Erythrophleum fordii,-1.88 ,,,,,,1.866666645,20.60 ,1835.00 ,0.759396395,1.4258,565.6792834,66.92045161,8.623999596,37,23°10'N,112°31'E,"Zhu, 2018, Tree Physiology",Guangdong Province,China
1501 ,Ang,Erythroxylaceae,Erythroxylem daphnites,,0.65 ,0.32 ,,0.75 ,,2.950000008,24.77 ,1143.00 ,0.998740338,0.6171,167.8732009,62.51391847,16.2159996,16,16°07' S,61°43' W,"Markesteijn et al, 2011a, 2011b","Near Conception, Santa Cruz",Bolivia
311 ,Ang,Erythroxylaceae,Erythroxylum suberosum,,,,,0.62 ,1.75 ,1.816666663,20.44 ,1516.00 ,0.963975451,1.09,123.7480541,79.60995496,11.52799988,8,15°56' S,47°53' W,"Bucci, 2008, Brazilian Journal of Plant Physiology; Bucci, 2004, Tree Physiology",33 km south of Brasilia,Brasil
744 ,Ang,Lecythidaceae,Eschweilera bracteosa,-2.04 ,1.61 ,1.66 ,,0.60 ,,1.216666679,26.65 ,2208.00 ,0.877515311,1.378,54.49266593,47.26506448,21.69600105,80,2°09'S,59°00'W,"Fontes, 2020, New Phytologist",Amazon Tall Tower Observatory (ATTO),Brazil
134 ,Ang,Lecythidaceae,Eschweilera coriacea,-1.57 ,,,,,,1.166666687,26.44 ,2352.00 ,0.788916395,1.4227,44.22227014,42.47501585,21.47200012,81,2°37'S,60°13'W,"Barros, 2019, New Phytologist","Manaus, Amazonas",Brazil
738 ,Ang,Lecythidaceae,Eschweilera coriacea,-1.73 ,1.59 ,1.43 ,,0.64 ,,1.166666687,26.44 ,2352.00 ,0.788916395,1.4252,44.22227014,42.47501585,21.47200012,81,2°37'S,60°13'W,"Fontes, 2020, New Phytologist",Reserva Biol ogica do Cuieiras (ZF-2),Brazil
1717 ,Ang,Lecythidaceae,Eschweilera coriacea,-1.72 ,,,,,,1.141666691,26.88 ,2216.00 ,0.839025411,1.3428,52.339996,49.8643603,22.24399948,59,03°08'S,59°53'W,"Oliveire, 2019, New Phytologist",Manaus,Brazil
1925 ,Ang,Lecythidaceae,Eschweilera coriacea,-1.79 ,3.30 ,1.45 ,,0.62 ,,1.724999984,26.11 ,2200.00 ,0.714118781,1.282,47.26106932,58.15009262,20.47200012,48,1°43'S,51°27'W,"Rowland, 2020, New Phytologist",eastern Amazonia,Brazil
3089 ,Ang,Lecythidaceae,Eschweilera coriacea,-3.27 ,,,,,,2.158333331,25.74 ,2796.00 ,0.649499163,1.8807,45.73945121,49.59006205,21.01600075,68,5°16'N,52°55'W,"Ziegler, 2019, Annals of Forest Science; Marechaux, 2015, Functional Ecology","Guiana Shield, French Guiana",France (overseas territories)
135 ,Ang,Lecythidaceae,Eschweilera cyathiformis,-3.05 ,,,,,,1.166666687,26.44 ,2352.00 ,0.788916395,1.4227,44.22227014,42.47501585,21.47200012,81,2°37'S,60°13'W,"Barros, 2019, New Phytologist","Manaus, Amazonas",Brazil
1926 ,Ang,Lecythidaceae,Eschweilera grandiflora,-3.58 ,5.61 ,1.20 ,,0.66 ,,1.724999984,26.11 ,2200.00 ,0.714118781,1.282,47.26106932,58.15009262,20.47200012,48,1°43'S,51°27'W,"Rowland, 2020, New Phytologist",eastern Amazonia,Brazil
1718 ,Ang,Lecythidaceae,Eschweilera pseudodecolorans,-3.25 ,,,,,,1.141666691,26.88 ,2216.00 ,0.839025411,1.3428,52.339996,49.8643603,22.24399948,59,03°08'S,59°53'W,"Oliveire, 2019, New Phytologist",Manaus,Brazil
3070 ,Ang,Lecythidaceae,Eschweilera sagotiana,-2.88 ,,,,,,2.158333331,25.74 ,2796.00 ,0.649499163,1.8807,45.73945121,49.59006205,21.01600075,68,5°16'N,52°55'W,"Ziegler, 2019, Annals of Forest Science","Guiana Shield, French Guiana",France (overseas territories)
136 ,Ang,Lecythidaceae,Eschweilera sp,-2.47 ,,,,,,1.166666687,26.44 ,2352.00 ,0.788916395,1.4227,44.22227014,42.47501585,21.47200012,81,2°37'S,60°13'W,"Barros, 2019, New Phytologist","Manaus, Amazonas",Brazil
1927 ,Ang,Lecythidaceae,Eschweilera sp.,-1.54 ,2.76 ,0.61 ,,0.63 ,,1.724999984,26.11 ,2200.00 ,0.714118781,1.282,47.26106932,58.15009262,20.47200012,48,1°43'S,51°27'W,"Rowland, 2020, New Phytologist",eastern Amazonia,Brazil
745 ,Ang,Lecythidaceae,Eschweilera tenuifolia,-2.10 ,1.08 ,0.88 ,,0.54 ,,1.216666679,26.65 ,2208.00 ,0.877515311,1.378,54.49266593,47.26506448,21.69600105,80,2°09'S,59°00'W,"Fontes, 2020, New Phytologist",Amazon Tall Tower Observatory (ATTO),Brazil
1719 ,Ang,Lecythidaceae,Eschweilera truncata,-2.43 ,,,,,,1.141666691,26.88 ,2216.00 ,0.839025411,1.3428,52.339996,49.8643603,22.24399948,59,03°08'S,59°53'W,"Oliveire, 2019, New Phytologist",Manaus,Brazil
137 ,Ang,Lecythidaceae,Eschweilera wachenheimii,-2.19 ,,,,,,1.166666687,26.44 ,2352.00 ,0.788916395,1.4227,44.22227014,42.47501585,21.47200012,81,2°37'S,60°13'W,"Barros, 2019, New Phytologist","Manaus, Amazonas",Brazil
1638 ,Ang,Rutaceae,Esenbeckia nesiotica,,0.30 ,,27.57 ,1.06 ,,2.533333361,25.07 ,999.00 ,NA,0.4434,207.0734595,111.2129666,17.13199997,2,19°29'N,105°02'W,"Mendez-Alonzo, 2013, Trees-Strucyture and Function",the Pacific coast of Jalisco,Mexico
1668 ,Ang,Myrtaceae,Eucalyptus albida,-0.92 ,2.03 ,0.03 ,27.35 ,0.95 ,,3.441666683,16.82 ,359.00 ,1.116587761,0.2473,521.4274796,49.21736532,2.692000151,11,32°19' S,117°52' E,"Mitchell, 2008, Oecologia",Western Australia,Australia
854 ,Ang,Myrtaceae,Eucalyptus amygdalina,,7.27 ,0.73 ,35.12 ,0.60 ,,5.108333309,10.74 ,951.00 ,0.428962839,1.0454,288.3112936,17.90963242,2.263999939,58,42°59' S,147°11' E,"Gleason, 2012, Functional Ecology",Tasmanian,Australia
440 ,Ang,Myrtaceae,Eucalyptus burgessiana,,2.76 ,0.33 ,,,,2.699999988,11.40 ,1076.00 ,0.615049716,0.8722,433.5529752,21.55849705,0.5,63,33°59'S,150°07'E,"Choat, 2011, New Phytologist",south-eastern Australia,Australia
1710 ,Ang,Myrtaceae,Eucalyptus camaldulensis,,,0.45 ,,0.57 ,,3.200000008,22.40 ,338.00 ,2.419061743,0.1728,580.5811051,76.96892369,6.308000088,5,22°20'S,133°19'E,"O'Grady, 2009, Oecologia",,Australian
1663 ,Ang,Myrtaceae,Eucalyptus capillosa,-3.08 ,1.86 ,0.04 ,28.69 ,0.87 ,,3.441666683,16.82 ,359.00 ,1.116587761,0.2473,521.4274796,49.21736532,2.692000151,11,32°19' S,117°52' E,"Mitchell, 2008, Oecologia",Western Australia,Australia
890 ,Ang,Myrtaceae,Eucalyptus capitellata,,2.86 ,0.69 ,34.19 ,0.63 ,,3.599999984,16.97 ,1253.00 ,0.716941494,1.0326,385.0362387,28.74867037,6.596000195,61,33°41' S,151°09' E,"Gleason, 2012, Functional Ecology; Blackman, 2014, Annals of Botany","New South Wales, Eastern Australia",Australia
253 ,Ang,Myrtaceae,Eucalyptus coccifera,,0.76 ,0.35 ,,0.64 ,,5.674999992,6.25 ,1531.00 ,0.387481756,2.0783,305.9782469,21.03196025,-2.220000029,85,42°40'S,146°37'E,"Blackman, 2014, Annals of Botany; Blackman, 2012, Oecologia; Blackman, 2010, New Phytologist; Brodribb & Feild, 2000, Plant, Cell and Environment",Tasmania,Australia
882 ,Ang,Myrtaceae,Eucalyptus crebra,,2.68 ,0.69 ,30.08 ,0.67 ,18.00 ,2.458333313,16.28 ,874.00 ,0.857961244,0.5743,450.6347406,33.16001174,4,38,32°47' S,150°55' E,"Gleason, 2012, Functional Ecology; Blackman, 2014, Annals of Botany","New South Wales, Eastern Australia",Australia
1920 ,Ang,Myrtaceae,Eucalyptus crebra,-2.06 ,,,,,,2.533333341,23.42 ,709.00 ,1.334543081,0.4326,373.6157653,86.47793665,10.9279995,9,20°06' S,146°53' E,"Rice, 2004, Oecologia","Ravenswood, Queensland",Australia
347 ,Ang,Myrtaceae,Eucalyptus diversicolor,-0.99 ,,,,,,3.549999992,14.81 ,823.00 ,0.704179448,0.7325,371.7875218,71.41190845,4.047999859,15,34°S,116°E,"Burgess & Dawson, 2006, New Phytologist","Pemberton-Manjimup, Western Australia",Australia
829 ,Ang,Myrtaceae,Eucalyptus dumosa,,0.83 ,0.60 ,28.16 ,0.76 ,5.00 ,2.758333325,17.54 ,410.00 ,1.496945786,0.2873,613.9776951,14.54176838,1.675999999,26,32°58' S,146°10' E,"Gleason, 2012, Functional Ecology",,Australia
865 ,Ang,Myrtaceae,Eucalyptus fibrosa,,1.71 ,0.57 ,34.34 ,0.66 ,,2.458333313,16.28 ,874.00 ,0.857961244,0.5743,450.6347406,33.16001174,4,38,32°47' S,150°55' E,"Gleason, 2012, Functional Ecology",Eastern Australia,Australia
3105 ,Ang,Myrtaceae,Eucalyptus globoidea,-1.06 ,1.70 ,0.48 ,,,,3.608333309,13.80 ,1335.00 ,0.597339385,1.3969,384.7633541,24.64203792,3.308000088,61,34°31'S,150°36'E,"Zolfaghar, 2015a, Functional Plant Biology; Zolfaghar, 2015b, Tree Physiology",New South Wales,Australia
596 ,Ang,Myrtaceae,Eucalyptus gomphocelia,,0.80 ,0.68 ,,,,5.316666683,17.87 ,895.00 ,NA,0.6646,378.3196176,84.7563848,8.527999878,12,32°54'S,115°41'E,"Drake, 2011, Tree Physiology",south-western Australia,Australia
594 ,Ang,Myrtaceae,Eucalyptus gomphocephala,-2.48 ,0.73 ,0.73 ,,,,5.316666683,17.87 ,895.00 ,NA,0.6646,378.3196176,84.7563848,8.527999878,12,32°90' S,115°69' E,"Drake, 2006,  PhD Thesis, Edith Cowan University, Perth.",Western Australia,Australia
1325 ,Ang,Myrtaceae,Eucalyptus grandis,-3.37 ,0.67 ,0.39 ,,0.58 ,39.80 ,2.366666635,20.36 ,1765.00 ,0.818603122,1.0864,359.0264792,17.9971639,9.279999733,110,25°37' S,54°20' W,"Liu, 2019, Science Advances",northern Argentina,Argentina 
2378 ,Ang,Myrtaceae,Eucalyptus grandis,-1.31 ,3.55 ,0.24 ,,,,2.466666689,22.08 ,1163.00 ,0.902778841,0.7094,280.8029035,34.14919467,11.90400028,50,28°26' S,32°11' E,"Vander Willigen & Pammenter, 1998, Tree Physiology","Kwa-Zulu, Natal",South Africa
2379 ,Ang,Myrtaceae,Eucalyptus grandis × camaldulensis,-1.76 ,4.78 ,0.30 ,,,,2.466666689,22.08 ,1163.00 ,0.902778841,0.7094,280.8029035,34.14919467,11.90400028,50,28°26' S,32°11' E,"Vander Willigen & Pammenter, 1998, Tree Physiology","Kwa-Zulu, Natal",South Africa
2380 ,Ang,Myrtaceae,Eucalyptus grandis × urophylla,-1.50 ,6.28 ,0.36 ,,,,2.466666689,22.08 ,1163.00 ,0.902778841,0.7094,280.8029035,34.14919467,11.90400028,50,28°26' S,32°11' E,"Vander Willigen & Pammenter, 1998, Tree Physiology","Kwa-Zulu, Natal",South Africa
891 ,Ang,Myrtaceae,Eucalyptus haemastoma,,2.62 ,0.45 ,26.31 ,0.64 ,,3.599999984,16.97 ,1253.00 ,0.716941494,1.0326,385.0362387,28.74867037,6.596000195,61,33°41' S,151°09' E,"Gleason, 2012, Functional Ecology; Blackman, 2014, Annals of Botany","New South Wales, Eastern Australia",Australia
1573 ,Ang,Myrtaceae,Eucalyptus haemostoma ,,8.51 ,0.31 ,,,,3.699999988,17.02 ,1295.00 ,0.716941494,1.0049,378.4709797,28.72733402,6.875999928,63,33°40'S,151°10'E,"McClenahan, 2004, Australlan Journal of Botany",Sydney,Australia
2129 ,Ang,Myrtaceae,Eucalyptus haemostoma ,,2.19 ,0.67 ,,,,3.941666683,16.87 ,1210.00 ,0.688646221,1.197,368.5565893,24.73254494,6.984000206,63,34°06'S,151°03'E,"Taylor & Eamus, 2008, Tree Physiology",,Australia
2131 ,Ang,Myrtaceae,Eucalyptus haemostoma ,,1.46 ,0.65 ,,,,3.149999996,16.88 ,1116.00 ,0.71379885,1.0074,394.1865914,31.70465894,6.052000046,53,33°11'S,151°19'E,"Taylor & Eamus, 2008, Tree Physiology",,Australia
595 ,Ang,Myrtaceae,Eucalyptus marginata,-2.39 ,,,,,,5.316666683,17.87 ,895.00 ,NA,0.6646,378.3196176,84.7563848,8.527999878,12,32°90' S,115°69' E,"Drake, 2006,  PhD Thesis, Edith Cowan University, Perth.",Western Australia,Australia
257 ,Ang,Myrtaceae,Eucalyptus marginata ,,,0.37 ,,,,4.391666611,16.22 ,1192.00 ,0.891264063,0.9274,428.313724,79.21531543,5.15199995,18,32°39'S,116°01'E,"Bleby, 2009, Tree Physiology",southwest Western Australia,Australia
366 ,Ang,Myrtaceae,Eucalyptus miniata ,,,0.44 ,,,,2.441666663,27.09 ,1644.00 ,1.361618387,0.8472,182.9637403,108.6890644,17.53199959,1,12°30'S,131°09'E,"Cernusak, 2006, Plant, Cell and Environment","35 km south-east of Darwin, Northern Territory",Australia
1888 ,Ang,Myrtaceae,Eucalyptus obliqua,,,0.31 ,,,,4.458333294,11.52 ,932.00 ,0.623215275,0.8281,433.2251515,29.61089756,-0.204000011,45,37°22'S,144°07'E,"Pritzkow, 2020, Tree Physiology",southeast Australia,Australia
1889 ,Ang,Myrtaceae,Eucalyptus obliqua,,,0.28 ,,,,4.691666603,11.16 ,1029.00 ,0.623215275,0.9641,433.858445,30.41975036,-0.384000003,48,37°24'S,144°08'E,"Pritzkow, 2020, Tree Physiology",southeast Australia,Australia
1890 ,Ang,Myrtaceae,Eucalyptus obliqua,,,0.27 ,,,,4.475000024,11.78 ,871.00 ,0.586702116,0.7652,404.886162,20.96935343,0.432000011,48,37°37'S,144°09'E,"Pritzkow, 2020, Tree Physiology",southeast Australia,Australia
1891 ,Ang,Myrtaceae,Eucalyptus obliqua,,,0.32 ,,,,4.800000072,10.76 ,1129.00 ,0.623215275,1.1085,432.867002,29.9941083,-0.496000022,52,37°25'S,144°11'E,"Pritzkow, 2020, Tree Physiology",southeast Australia,Australia
1892 ,Ang,Myrtaceae,Eucalyptus obliqua,,,0.26 ,,,,4.674999992,12.88 ,726.00 ,0.625217323,0.6794,366.0768332,18.17941445,2.864000082,47,37°52'S,144°13'E,"Pritzkow, 2020, Tree Physiology",southeast Australia,Australia
839 ,Ang,Myrtaceae,Eucalyptus pauciflora,,9.02 ,0.54 ,37.40 ,0.62 ,,4.083333333,10.05 ,640.00 ,0.468981124,0.5986,365.5327037,17.11005639,-0.815999985,37,42°23' S,147°03' E,"Gleason, 2012, Functional Ecology",Tasmanian Central Highland forests,Australia
3106 ,Ang,Myrtaceae,Eucalyptus piperita,-0.97 ,2.33 ,0.59 ,,,,3.608333309,13.80 ,1335.00 ,0.597339385,1.3969,384.7633541,24.64203792,3.308000088,61,34°31'S,150°36'E,"Zolfaghar, 2015a, Functional Plant Biology; Zolfaghar, 2015b, Tree Physiology",New South Wales,Australia
818 ,Ang,Myrtaceae,Eucalyptus platyphylla,,2.62 ,0.58 ,40.32 ,0.49 ,,4.891666691,23.63 ,2084.00 ,0.865874479,1.3729,289.0695581,88.38712088,14.96000004,29,18°24' S,146°6' E,"Gleason, 2012, Functional Ecology",Queensland,Australia
2125 ,Ang,Myrtaceae,Eucalyptus populnea,,0.31 ,0.42 ,,,,2.800000012,17.33 ,401.00 ,1.500947943,0.3214,625.6142099,9.94693742,1.299999952,29,32°48'S,146°56'E,"Taylor & Eamus, 2008, Tree Physiology",,Australia
874 ,Ang,Myrtaceae,Eucalyptus portuensis,,7.92 ,0.66 ,42.91 ,0.58 ,22.00 ,3.433333337,20.90 ,1400.00 ,1.018901775,0.7223,326.6472719,92.01642804,9.711999893,18,18°18' S,145°30' E,"Gleason, 2012, Functional Ecology; Blackman, 2014, Annals of Botany","Einasleigh, northern queensland",Australia
212 ,Ang,Myrtaceae,Eucalyptus pulchella,,,,,0.68 ,,5.674999992,6.25 ,1531.00 ,0.387481756,2.0783,305.9782469,21.03196025,-2.220000029,85,42°40'S,146°37'E,"Blackman, 2012, Oecologia; Blackman, 2010, New Phytologist",Tasmania,Australia
2026 ,Ang,Myrtaceae,Eucalyptus pulchella,-4.86 ,,,,,,4.416666627,11.58 ,637.00 ,0.463877453,0.6769,324.0222485,15.33784133,2.171999931,35,42°03'S,147°57' E,"Smith-Martin, 2020, Fuctional Ecology; Skelton, 2017, New Phytologist",East coast of Tasmania,Australia
909 ,Ang,Myrtaceae,Eucalyptus punctata,,2.16 ,0.72 ,34.93 ,0.64 ,,2.458333313,16.28 ,874.00 ,0.857961244,0.5743,450.6347406,33.16001174,4,38,32°47' S,150°55' E,"Gleason, 2012, Functional Ecology; Blackman, 2014, Annals of Botany; Blackman, 2018, Annals of Botany","New South Wales, Eastern Australia",Australia
840 ,Ang,Myrtaceae,Eucalyptus rubida,,5.56 ,0.82 ,37.21 ,0.69 ,,4.083333333,10.05 ,640.00 ,0.468981124,0.5986,365.5327037,17.11005639,-0.815999985,37,42°23' S,147°03' E,"Gleason, 2012, Functional Ecology",Tasmanian Central Highland forests,Australia
1664 ,Ang,Myrtaceae,Eucalyptus salmonophloia,,3.06 ,0.11 ,27.32 ,0.79 ,,3.441666683,16.82 ,359.00 ,1.116587761,0.2473,521.4274796,49.21736532,2.692000151,11,32°19' S,117°52' E,"Mitchell, 2008, Oecologia",Western Australia,Australia
2127 ,Ang,Myrtaceae,Eucalyptus sclerophylla,,1.14 ,0.58 ,,,,2.783333341,17.33 ,854.00 ,0.827407817,0.6594,464.9245391,32.79564008,4.119999886,39,33°39'S,150°47'E,"Taylor & Eamus, 2008, Tree Physiology",,Australia
3107 ,Ang,Myrtaceae,Eucalyptus sclerophylla,-1.16 ,2.29 ,0.40 ,,,,3.608333309,13.80 ,1335.00 ,0.597339385,1.3969,384.7633541,24.64203792,3.308000088,61,34°31'S,150°36'E,"Zolfaghar, 2015a, Functional Plant Biology; Zolfaghar, 2015b, Tree Physiology",New South Wales,Australia
441 ,Ang,Myrtaceae,Eucalyptus sieberi,,3.98 ,0.60 ,,,,2.699999988,11.40 ,1076.00 ,0.615049716,0.8722,433.5529752,21.55849705,0.5,63,33°59'S,150°07'E,"Choat, 2011, New Phytologist",south-eastern Australia,Australia
3108 ,Ang,Myrtaceae,Eucalyptus sieberi,-1.01 ,2.77 ,0.26 ,,,,3.608333309,13.80 ,1335.00 ,0.597339385,1.3969,384.7633541,24.64203792,3.308000088,61,34°31'S,150°36'E,"Zolfaghar, 2015a, Functional Plant Biology; Zolfaghar, 2015b, Tree Physiology",New South Wales,Australia
830 ,Ang,Myrtaceae,Eucalyptus socialis,,1.63 ,0.51 ,26.26 ,0.79 ,5.00 ,2.758333325,17.54 ,410.00 ,1.496945786,0.2873,613.9776951,14.54176838,1.675999999,26,32°58' S,146°10' E,"Gleason, 2012, Functional Ecology",,Australia
910 ,Ang,Myrtaceae,Eucalyptus sparsifolia,,3.37 ,0.58 ,38.27 ,0.63 ,10.00 ,2.458333313,16.28 ,874.00 ,0.857961244,0.5743,450.6347406,33.16001174,4,38,32°47' S,150°55' E,"Gleason, 2012, Functional Ecology; Blackman, 2014, Annals of Botany; Blackman, 2018, Annals of Botany","New South Wales, Eastern Australia",Australia
841 ,Ang,Myrtaceae,Eucalyptus tenuiramis,,6.88 ,0.70 ,32.91 ,0.75 ,20.00 ,4.083333333,10.05 ,640.00 ,0.468981124,0.5986,365.5327037,17.11005639,-0.815999985,37,42°23' S,147°03' E,"Gleason, 2012, Functional Ecology",Tasmanian Central Highland forests,Australia
367 ,Ang,Myrtaceae,Eucalyptus tetrodonta ,,,0.57 ,,,,2.441666663,27.09 ,1644.00 ,1.361618387,0.8472,182.9637403,108.6890644,17.53199959,1,12°30'S,131°09'E,"Cernusak, 2006, Plant, Cell and Environment","35 km south-east of Darwin, Northern Territory",Australia
1713 ,Ang,Myrtaceae,Eucalyptus victrix,,,0.53 ,,0.67 ,,3.12500002,23.21 ,277.00 ,2.526789455,0.1695,589.9941601,61.72656309,6.611999989,7,21°54'S,133°51'E,"O'Grady, 2009, Oecologia",,Australian
1048 ,Ang,Ebenaceae,Euclea sp.,-1.73 ,1.29 ,,30.44 ,0.68 ,4.00 ,3.683333317,14.30 ,602.00 ,1.077447454,0.5989,373.0088434,47.52210499,2.832000017,25,33°56' S,19°31' E,"Jacobsen, 2007a, 2009",Western Cape Province,South Africa
2327 ,Ang,Myrtaceae,Eugenia ampullaria,-0.60 ,,,,,,1.808333327,27.33 ,3096.00 ,0.808628976,2.0808,45.1874726,24.42523653,22.56800079,192,4°34' N,114°25' E,"Tyree, 1998, Tree Physiology",Badas,Brunei
2328 ,Ang,Myrtaceae,Eugenia bankensis,-1.26 ,,,,,,1.808333327,27.33 ,3096.00 ,0.808628976,2.0808,45.1874726,24.42523653,22.56800079,192,4°34' N,114°25' E,"Tyree, 1998, Tree Physiology",Badas,Brunei
N8,Ang,Myrtaceae,Eugenia foetida,,0.36 ,2.34 ,,0.77 ,,3.99999994,26.07 ,939.00 ,NA,0.7402,130.6923339,58.51883815,19.67916679,26,17°58?2.17?N,66°53?17.54?W,"Vargas, 2021, New Phytologist",Guanica,Puerto Rico
2329 ,Ang,Myrtaceae,Eugenia muelleri,-0.54 ,,,,,,1.808333327,27.33 ,3096.00 ,0.808628976,2.0808,45.1874726,24.42523653,22.56800079,192,4°34' N,114°25' E,"Tyree, 1998, Tree Physiology",Badas,Brunei
2368 ,Ang,Myrtaceae,Eugenia nesiotica,-1.71 ,10.60 ,,,,,1.650000006,26.79 ,2330.00 ,0.716664737,1.3739,67.82329313,69.04398102,22.50799942,19,9°10'N,79°07'W,"van der Sande, 2013, Oecologia",Isthmus of Panama,Panama
N65,Ang,Myrtaceae,Eugenia procera,,0.70 ,0.35 ,,0.75 ,,0.933333327,27.11 ,2361.00 ,0.967750517,0.9,42.79068225,42.88318898,21.69199944,87,5°3?36?N,74°49?48?W,"Vargas, 2021, New Phytologist",Jabiru,Colombia
N38,Ang,Myrtaceae,Eugenia salamensis,,2.25 ,0.56 ,,0.68 ,,3.533333381,26.60 ,1633.00 ,1.163631518,1.0017,80.14568299,93.82169736,21.43599892,2,10°43?31.39?N,85°35?46.99?W,"Vargas, 2021, New Phytologist",Horizontes,Costa Rica
N9,Ang,Myrtaceae,Eugenia xerophytica,,1.55 ,1.32 ,,0.89 ,,3.99999994,26.07 ,939.00 ,NA,0.7402,130.6923339,58.51883815,19.67916679,26,17°58?2.17?N,66°53?17.54?W,"Vargas, 2021, New Phytologist",Guanica,Puerto Rico
2267 ,Ang,Celastraceae,Euonymus alatus,,1.31 ,0.54 ,,0.61 ,,2.383333345,14.83 ,1141.00 ,0.681450467,1.1928,885.8909326,59.00553992,-2.440000057,20,31°48'N,114°04'E,"This study; Zhu, 2018, Tree Physiology",Henan province,China
460 ,Ang,Celastraceae,Euonymus europaeus,-5.14 ,,,,,,2.699999988,11.29 ,598.00 ,0.592509912,0.6645,603.3775522,38.21785488,-2.052000046,27,45°47'N,3°08'E,"Choat, 2012, Nature",Clermont-Ferrand,France
2602 ,Ang,Celastraceae,Euonymus frigidus,,1.05 ,0.88 ,,0.63 ,,2.324999978,0.75 ,846.00 ,38.61108759,1.0448,647.250795,90.57201924,-13,7,29°34'N,102°00'E,"Xu, 2020, New Phytologist",Sichuan province,China
2959 ,Ang,Celastraceae,Euonymus laxiflorus,-2.51 ,,,,,,1.866666645,20.60 ,1835.00 ,0.759396395,1.4258,565.6792834,66.92045161,8.623999596,37,23°10'N,112°31'E,"Zhu, 2018, Tree Physiology",Guangdong Province,China
2778 ,Ang,Rosaceae,Euonymus maackii,,,0.73 ,14.01 ,,,2.141666661,9.62 ,592.00 ,0.661215941,0.635,902.384731,79.18673104,-9.227999687,4,35°09'N,108°45'E,"Yin, 2019, Forests",Shaanxi Province,China
1288 ,Ang,Celastraceae,Euonymus oblongifolius,,0.39 ,,,0.57 ,,2.383333345,16.19 ,1749.00 ,0.606894284,1.7554,831.410251,57.04453011,1.052000046,44,29°15' N,118°07' E,"Liu, 2016, Ecology",Zhejiang province,China
2583 ,Ang,Celastraceae,Euonymus semenovii,,,1.25 ,,,,2.458333294,0.75 ,846.00 ,38.61108759,1.0824,647.250795,90.57201924,-13,7,29°34'N,101°59'E,"Xu, 2020, New Phytologist",Sichuan province,China
2647 ,Ang,Celastraceae,Euonymus semenovii,,1.34 ,0.95 ,,0.61 ,,2.074999998,3.00 ,858.00 ,6.066549556,0.9714,635.2643433,90.25313014,-10.72399998,8,29°35'N,102°02'E,"Xu, 2020, New Phytologist",Sichuan province,China
323 ,Ang,Euphorbiaceae,Euphorbia collina,,,,,,0.15 ,6.283333381,9.38 ,136.00 ,0.64518605,0.1852,473.02423,46.29868929,-2.947999954,4,46°31' S,71°03' W,"Bucci, 2009, Oecologia",northwest Santa Cruz,Argentina
705 ,Ang,Eupomatiaceae,Eupomatia laurina,,1.12 ,1.28 ,,,,2.708333333,26.29 ,2977.00 ,NA,2.331,43.33440365,34.52594325,21.56999969,117,5°08' S,145°41' E,"Feild & Balun, 2008, New Phytologist",20 km north of Madang,Papua New Guinea
2454 ,Ang,Eupteleaceae,Euptelea pleiosperma,,3.79 ,0.84 ,,0.42 ,,2.308333327,5.61 ,751.00 ,2.957267348,0.6981,607.8590627,99.25253833,-9.423999786,2,29°23'N,101°01'E,"Xu, 2020, New Phytologist",Sichuan province,China
2666 ,Ang,Eupteleaceae,Euptelea pleiosperma,,1.28 ,1.18 ,,0.48 ,,1.908333331,7.08 ,884.00 ,6.066549556,0.9004,638.6576091,89.54447083,-7.079999924,8,29°35'N,102°03'E,"Xu, 2020, New Phytologist",Sichuan province,China
2728 ,Ang,Eupteleaceae,Euptelea pleiosperma,,2.58 ,1.23 ,,0.45 ,,1.299999992,13.24 ,983.00 ,2.92760473,0.7174,576.9135477,90.39955827,-0.60799998,10,29°26'N,102°10'E,"Xu, 2020, New Phytologist",Sichuan province,China
2888 ,Ang,Pentaphylacaceae,Eurya chinensis,-1.40 ,0.79 ,0.57 ,,0.50 ,2.00 ,2.391666651,22.44 ,2177.00 ,0.679918148,1.613,520.8183658,75.162042,11.56799984,28,22°34' N,112°50' E,"Zhu, 2017, Forest Ecology and Management",Guangdong Province,China
2960 ,Ang,Pentaphylacaceae,Eurya chinensis,-1.40 ,,,,,,1.866666645,20.60 ,1835.00 ,0.759396395,1.4258,565.6792834,66.92045161,8.623999596,37,23°10'N,112°31'E,"Zhu, 2018, Tree Physiology",Guangdong Province,China
3160 ,Ang,Pentaphylacaceae,Eurya japonica,,0.14 ,0.07 ,19.60 ,0.48 ,2.30 ,,16.65 ,1219.00 ,0.464880167,#VALUE!,779.7846714,37.61802156,3.539999962,46,29°58'N,122°23'E,"???, 2017, ??????",Zejiang province,China
2865 ,Ang,Pentaphylacaceae,Eurya loquaiana,,0.30 ,0.56 ,,0.46 ,,3.800000052,17.04 ,1262.00 ,0.591932528,1.3539,825.8536277,42.18081321,2.092000008,45,29°52'N,121°39'E,"Zhao, 2016, Chinese Journal of Plant Ecology",Zhejiang Province,China
2196 ,Ang,Pentaphylacaceae,Eurya macartneyi,-5.02 ,0.48 ,0.42 ,,0.71 ,6.50 ,1.87499999,20.60 ,1835.00 ,0.759396395,1.3895,565.6792834,66.92045161,8.623999596,37,23°10' N,112°32' E,"This study; Zhu, 2013, Plant, Cell & Environment; Zhu, 2018, Tree Physiology",Guangdong Province,China
1289 ,Ang,Pentaphylacaceae,Eurya muricata,,0.51 ,,,0.58 ,,2.383333345,16.19 ,1749.00 ,0.606894284,1.7554,831.410251,57.04453011,1.052000046,44,29°15' N,118°07' E,"Liu, 2016, Ecology",Zhejiang province,China
2866 ,Ang,Pentaphylacaceae,Eurya muricata,,0.54 ,0.05 ,,0.62 ,,3.800000052,17.04 ,1262.00 ,0.591932528,1.3539,825.8536277,42.18081321,2.092000008,45,29°52'N,121°39'E,"Zhao, 2016, Chinese Journal of Plant Ecology",Zhejiang Province,China
2867 ,Ang,Pentaphylacaceae,Eurya Rubiginosa,,0.51 ,0.21 ,,0.54 ,,3.800000052,17.04 ,1262.00 ,0.591932528,1.3539,825.8536277,42.18081321,2.092000008,45,29°52'N,121°39'E,"Zhao, 2016, Chinese Journal of Plant Ecology",Zhejiang Province,China
2268 ,Ang,Staphyleaceae,Euscaphis japonica,,1.65 ,0.73 ,,0.56 ,,2.383333345,14.83 ,1141.00 ,0.681450467,1.1928,885.8909326,59.00553992,-2.440000057,20,31°48'N,114°04'E,"This study; Zhu, 2018, Tree Physiology",Henan province,China
3173 ,Ang,Malvaceae,Excentrodendron hsienmu,-2.19 ,,,,0.73 ,,1.575000008,21.79 ,1244.00 ,0.682104923,0.9054,514.7271923,76.36396698,9.815999985,19,22°07'N,106°45'E,"???, 2019, ??????",Guangxi province,China
2850 ,Ang,Malvaceae,Excentrodendron tonkinense,-2.19 ,2.79 ,0.95 ,,0.71 ,,1.575000008,21.79 ,1244.00 ,0.682104923,0.9054,514.7271923,76.36396698,9.815999985,19,22°07'N,106°45'E,"Zhang, 2021, Functional Ecology",Guangxi province,China
842 ,Ang,Santalaceae,Exocarpos cupressiformis,,3.58 ,0.52 ,23.47 ,0.65 ,6.00 ,4.083333333,10.05 ,640.00 ,0.468981124,0.5986,365.5327037,17.11005639,-0.815999985,37,42°23' S,147°03' E,"Gleason, 2012, Functional Ecology",Tasmanian Central Highland forests,Australia
855 ,Ang,Santalaceae,Exocarpos cupressiformis,,2.09 ,0.41 ,33.23 ,0.61 ,7.00 ,5.108333309,10.74 ,951.00 ,0.428962839,1.0454,288.3112936,17.90963242,2.263999939,58,42°59' S,147°11' E,"Gleason, 2012, Functional Ecology",Tasmanian,Australia
883 ,Ang,Santalaceae,Exocarpos cupressiformis,,2.03 ,0.33 ,37.76 ,0.70 ,6.00 ,2.458333313,16.28 ,874.00 ,0.857961244,0.5743,450.6347406,33.16001174,4,38,32°47' S,150°55' E,"Gleason, 2012, Functional Ecology; Blackman, 2014, Annals of Botany","New South Wales, Eastern Australia",Australia
N10,Ang,Rubiaceae,Exostema caribbeaum,,0.45 ,0.61 ,,0.90 ,,3.99999994,26.07 ,939.00 ,NA,0.7402,130.6923339,58.51883815,19.67916679,26,17°58?2.17?N,66°53?17.54?W,"Vargas, 2021, New Phytologist",Guanica,Puerto Rico
N97,Ang,Rubiaceae,Exostema mexicanum,,,,,0.75 ,,3.533333381,26.60 ,1633.00 ,1.163631518,1.0017,80.14568299,93.82169736,21.43599892,2,10°43?31.39?N,85°35?46.99?W,"Vargas, 2021, New Phytologist",Santa Rosa,Costa Rica
196 ,Ang,Fagaceae,Fagus grandifolia,-4.55 ,0.84 ,,,,,3.416666647,9.91 ,1306.00 ,0.53273008,1.3623,729.7813014,11.61978521,-6.15199995,87,36°06'N,81°58'W,"Berry, 2015, Tree Physiology",North Carolina,USA
127 ,Ang,Fagaceae,Fagus sylvatica,-2.80 ,2.53 ,,,,17.00 ,1.658333302,7.36 ,1142.00 ,0.37659679,1.0462,661.6041351,38.95812571,-6.084000111,53,47°17'N,11°12'E,"Bär, 2018, New Phytologist",Innsbruck,Austria
372 ,Ang,Fagaceae,Fagus sylvatica,-2.80 ,0.35 ,,,,,4.308333337,6.49 ,1071.00 ,0.465447179,1.253,558.9409171,13.88060171,-3.960000038,71,45°36' N,2°49' E,"Charra-Vaskou, 2012, Annals of Forest Science","Guery, Auvergne",France
376 ,Ang,Fagaceae,Fagus sylvatica,-2.76 ,0.58 ,,,,,2.74999998,10.29 ,655.00 ,0.592509912,0.6826,582.5256024,32.04087501,-2.528000116,32,45°46' N,3°05' E,"Charra-Vaskou, 2012, Annals of Forest Science","Royat, Auvergne",France
384 ,Ang,Fagaceae,Fagus sylvatica,-2.91 ,0.26 ,,,,,1.691666643,7.83 ,1029.00 ,0.366518153,1.077,660.2526953,39.80209236,-5.599999905,48,47°16' N,11°22' E,"Charra-Vaskou, 2012, Annals of Forest Science","Innsbruck, Tyrol",Austria
386 ,Ang,Fagaceae,Fagus sylvatica,-2.50 ,0.51 ,,,,,2.325000008,7.93 ,1114.00 ,0.37659679,1.4115,678.9842886,39.00599919,-6.059999943,52,47°20' N,11°33' E,"Charra-Vaskou, 2012, Annals of Forest Science","Hinterhornalm, Tyrol",Austria
482 ,Ang,Fagaceae,Fagus sylvatica,-3.14 ,0.41 ,,17.66 ,,25.00 ,3.199999988,9.67 ,775.00 ,0.500635756,0.9623,630.7069029,11.28856702,-4.06799984,51,48°45' N,6°20' E,"Cochard, 1999, Plant, Cell and Environment",Clermont-Ferrand,France
487 ,Ang,Fagaceae,Fagus sylvatica,-3.16 ,,,,,20.00 ,2.699999988,11.29 ,598.00 ,0.592509912,0.6645,603.3775522,38.21785488,-2.052000046,27,45°47' N,3°09' E,"Cochard, 2005, Cochard, Physiologia Plantarum",Clermont-Ferrand,France
574 ,Ang,Fagaceae,Fagus sylvatica,-3.80 ,,,,,,2.591666659,9.23 ,988.00 ,0.444126799,1.5049,647.6486462,15.63213473,-4.047999859,63,47°28'N,7°30'E,"Dietrich, 2019, Journal of Ecology; Dietrich, 2018, Scientific Reports",Basel,Switzerland
598 ,Ang,Fagaceae,Fagus sylvatica,-2.81 ,,,,,,3.825000008,7.50 ,914.00 ,0.465447179,1.0989,571.9217279,17.45492224,-4.099999905,55,45° 45' N,2° 56' E,"Dusotoit-Coucaud, 2014, Physiolgia Plantrarum",Central France,France
1983 ,Ang,Fagaceae,Fagus sylvatica,-3.20 ,,,,0.80 ,,3.125,9.76 ,583.00 ,0.605816588,0.7281,745.6629679,28.56675466,-5.191999912,30,48°14'N,16°20'E,"Savi, 2019, Tree Physiology",Vienna,Austria
1992 ,Ang,Fagaceae,Fagus sylvatica,-3.35 ,2.17 ,0.31 ,20.06 ,0.66 ,28.93 ,4.258333325,8.47 ,797.00 ,0.426138166,1.0529,609.9683858,14.33190706,-4.547999859,50,53°10'N,9°57'E,"Schuldt, 2016, New Phytologist",Sellhorn,Germany
1993 ,Ang,Fagaceae,Fagus sylvatica,-3.41 ,1.64 ,0.14 ,18.85 ,0.64 ,22.27 ,3.933333317,8.40 ,791.00 ,0.437440256,0.9625,626.2453659,14.67607742,-4.86400032,51,52°50'N,10°19'E,"Schuldt, 2016, New Phytologist",Unterlüß,Germany
1994 ,Ang,Fagaceae,Fagus sylvatica,-3.48 ,1.34 ,0.27 ,19.15 ,0.64 ,24.20 ,3.566666683,8.53 ,672.00 ,0.437365952,0.9096,624.7390769,15.22102748,-4.71999979,42,53°09'N,10°52'E,"Schuldt, 2016, New Phytologist",Göhrde,Germany
1995 ,Ang,Fagaceae,Fagus sylvatica,-3.65 ,1.70 ,0.27 ,18.43 ,0.63 ,29.71 ,3.616666635,8.90 ,584.00 ,0.49259477,0.8078,657.3583088,16.91827098,-4.872000217,36,52°37'N,11°15'E,"Schuldt, 2016, New Phytologist",Klötze,Germany
1996 ,Ang,Fagaceae,Fagus sylvatica,-3.68 ,1.63 ,0.32 ,18.76 ,0.66 ,25.82 ,3.708333353,9.06 ,577.00 ,0.501685459,0.7894,661.3689666,18.64145364,-4.664000034,35,52°22'N,11°16'E,"Schuldt, 2016, New Phytologist",Calörde,Germany
2088 ,Ang,Fagaceae,Fagus sylvatica,-3.13 ,,,,,,3.783333321,9.69 ,553.00 ,0.756573061,0.8599,593.7458589,27.02453654,-3.960000038,31,41°48'N,01°49'W,"Stojnic, 2018, Tree Physiology",Moncayo,Spain
2089 ,Ang,Fagaceae,Fagus sylvatica,-3.55 ,,,,,,2.75,12.88 ,1164.00 ,0.608433899,0.8363,538.6034837,14.53532266,1.432000041,70,43°45'N,00°13'E,"Stojnic, 2018, Tree Physiology",Laveyron,France
2090 ,Ang,Fagaceae,Fagus sylvatica,-3.00 ,,,,,,2.350000004,12.84 ,953.00 ,0.622110334,0.8045,558.4791997,16.89676803,-0.184,54,44°23'N,00°18'E,"Stojnic, 2018, Tree Physiology",Ciron,France
2091 ,Ang,Fagaceae,Fagus sylvatica,-3.02 ,,,,,,4.299999992,13.59 ,815.00 ,0.628768724,1.0805,598.9487156,21.94023088,1.080000043,41,41°45'N,02°28'E,"Stojnic, 2018, Tree Physiology",Montseny,Spain
2092 ,Ang,Fagaceae,Fagus sylvatica,-3.11 ,,,,,,4.099999944,9.47 ,896.00 ,0.388918122,1.194,558.9122347,14.65529109,-2.512000084,54,52°17'N,05°49'E,"Stojnic, 2018, Tree Physiology",Elspeet,The Netherlands
2093 ,Ang,Fagaceae,Fagus sylvatica,-3.02 ,,,,,,3.649999996,9.48 ,806.00 ,0.416451473,1.1093,563.7384296,14.34401247,-2.900000095,49,51°56'N,06°44'E,"Stojnic, 2018, Tree Physiology",Aarnink,The Netherlands
2094 ,Ang,Fagaceae,Fagus sylvatica,-2.84 ,,,,,,5.758333286,8.21 ,680.00 ,0.279433698,1.2617,591.4853496,22.29745841,-2.911111116,37,55°28'N,09°39'E,"Stojnic, 2018, Tree Physiology",Stenderup Midtskov,Denmark
2095 ,Ang,Fagaceae,Fagus sylvatica,-2.99 ,,,,,,4.091666639,8.65 ,761.00 ,0.416161179,1.0534,614.3652671,14.58466263,-4.203999996,45,53°21'N,09°56'E,"Stojnic, 2018, Tree Physiology",Sellhorn,Germany
2096 ,Ang,Fagaceae,Fagus sylvatica,-3.28 ,,,,,,3.891666691,10.01 ,660.00 ,0.546938841,0.9048,612.6524335,54.69598894,-1.536000013,10,37°57'N,14°51'E,"Stojnic, 2018, Tree Physiology",Monti Nebrodi,Italy
2097 ,Ang,Fagaceae,Fagus sylvatica,-3.52 ,,,,,,1.675000012,10.85 ,986.00 ,0.626539269,1.0522,735.4294667,16.29274315,-5.763999939,58,44°46'N,17°16'E,"Stojnic, 2018, Tree Physiology",Banja Luka,Bosnia
2098 ,Ang,Fagaceae,Fagus sylvatica,-3.10 ,,,,,,3.649999976,8.43 ,522.00 ,0.509986488,0.7363,755.0349771,35.70520956,-6.924000263,23,52°41'N,17°40'E,"Stojnic, 2018, Tree Physiology",Jamy,Poland
2099 ,Ang,Fagaceae,Fagus sylvatica,-3.21 ,,,,,,2.716666679,10.39 ,670.00 ,0.644603565,0.777,740.1358148,27.13261971,-4.524000168,37,45°09'N,19°38'E,"Stojnic, 2018, Tree Physiology",Fruska Gora,Serbia
2100 ,Ang,Fagaceae,Fagus sylvatica,-3.22 ,,,,,,2.725000004,9.14 ,731.00 ,0.59535341,0.87,737.8374426,24.13744532,-6.311999798,43,44°46'N,21°41'E,"Stojnic, 2018, Tree Physiology",Valea Baronului,Romania
2101 ,Ang,Fagaceae,Fagus sylvatica,-3.20 ,,,,,,3.091666659,9.30 ,541.00 ,0.636091368,0.6355,856.9306544,38.85593566,-7.900000095,26,46°30'N,27°40'E,"Stojnic, 2018, Tree Physiology",Vaslui Arsita,Romania
273 ,Gym,Podocarpaceae,Falcatifolium taxoides,,0.30 ,0.37 ,,,,3.900000016,19.33 ,2351.00 ,0.718162138,1.9001,192.9429245,29.3970836,12.20800018,110,22°02' S,166°28' E,"Brodribb & Feild, 2000, Plant, Cell and Environment",New Caledonia,France (Overseas territories)
2369 ,Ang,Rubiaceae,Faramea occidentalis,-4.29 ,1.91 ,0.55 ,,,,1.650000006,26.79 ,2330.00 ,0.716664737,1.3739,67.82329313,69.04398102,22.50799942,19,9°10'N,79°07'W,"van der Sande, 2013, Oecologia",Isthmus of Panama,Panama
647 ,Ang,Moraceae,Ficus benguetensis,-0.66 ,1.64 ,0.76 ,,,,1.533333331,17.19 ,1259.00 ,0.599097986,1.063,606.2322877,78.61021309,4.047999859,17,25°42' N,105°35' E,"Fan, 2011, Tree Physiology; Fan, 2018, Forest Ecosystems",Guizhou Province,China
1258 ,Ang,Moraceae,Ficus burkei,-1.12 ,,,,,,2.99999998,17.07 ,417.00 ,1.296086607,0.3235,471.5872751,94.41524756,3.832000017,1,34°08' N,118°17' W,"Litvak, 2012, Tree Physiology",Southern California,USA
1965 ,Ang,Moraceae,Ficus carica,-2.40 ,,,,0.52 ,,2.224999984,13.22 ,1284.00 ,0.550608952,1.2953,680.3336276,20.82444629,0.263999999,70,45°38'N,13°48''E,"Savi, 2019, Tree Physiology",Trieste,Italy
3109 ,Ang,Moraceae,Ficus citrifolia,-1.65 ,,,,,,1.608333349,26.51 ,2440.00 ,0.651162324,1.8771,63.25839735,64.44993932,22.71999931,16,9°10' N,79°51' W,"Zotz, 1994, New Phytologist; Lopez, 2005, Tree Physiology",Barro Colorado Island (BCI),Panama
392 ,Ang,Moraceae,Ficus concinna,-1.43 ,3.95 ,,,,,1.450000008,19.61 ,1575.00 ,0.7831742,1.2463,355.3021639,76.07293498,9.543999672,18,21°54' N,101°46' E,"Chen, 2017, Functional Ecology",Ynanan Provience,China
2197 ,Ang,Moraceae,Ficus esquiroliana,,3.31 ,1.64 ,,0.40 ,9.00 ,1.87499999,20.60 ,1835.00 ,0.759396395,1.3895,565.6792834,66.92045161,8.623999596,37,23°10' N,112°32' E,"This study; Zhu, 2013, Plant, Cell & Environment; Zhu, 2018, Tree Physiology",Guangdong Province,China
2198 ,Ang,Moraceae,Ficus fistulosa,-0.80 ,2.22 ,1.43 ,,0.39 ,15.00 ,1.87499999,20.60 ,1835.00 ,0.759396395,1.3895,565.6792834,66.92045161,8.623999596,37,23°10' N,112°32' E,"This study; Zhu, 2013, Plant, Cell & Environment; Zhu, 2018, Tree Physiology",Guangdong Province,China
676 ,Ang,Moraceae,Ficus fulva,,,,164.00 ,0.48 ,17.00 ,1.266666651,21.56 ,1641.00 ,0.894353661,0.9726,335.0943307,76.6728934,11.23200035,16,21°41' N,101°25' E,"Fan, 2012, Journal of Ecology",Yunnan Province,China
2269 ,Ang,Moraceae,Ficus heteromorpha,,1.43 ,1.36 ,,0.75 ,,2.383333345,14.83 ,1141.00 ,0.681450467,1.1928,885.8909326,59.00553992,-2.440000057,20,31°48'N,114°04'E,"This study; Zhu, 2018, Tree Physiology",Henan province,China
2199 ,Ang,Moraceae,Ficus hispida,-1.06 ,5.51 ,1.02 ,,0.35 ,5.00 ,1.87499999,20.60 ,1835.00 ,0.759396395,1.3895,565.6792834,66.92045161,8.623999596,37,23°10' N,112°32' E,"This study; Zhu, 2013, Plant, Cell & Environment; Zhu, 2018, Tree Physiology",Guangdong Province,China
1960 ,Ang,Moraceae,Ficus insipida,-1.78 ,,,,0.32 ,28.00 ,1.608333349,26.51 ,2440.00 ,0.651162324,1.8694,63.25839735,64.44993932,22.71999931,16,9°10' N,79°51' W,"Santiago, 2004, Oecologia; Meinzer, 2003, Plant Cell and Environment; Meinzer, 2008, Oecologia",the edge of Panama City,Panama
2961 ,Ang,Moraceae,Ficus nervosa,-1.55 ,,,,,,1.866666645,20.60 ,1835.00 ,0.759396395,1.4258,565.6792834,66.92045161,8.623999596,37,23°10'N,112°31'E,"Zhu, 2018, Tree Physiology",Guangdong Province,China
3149 ,Ang,Moraceae,Ficus orthoneura,-1.85 ,0.27 ,0.38 ,53.44 ,,,1.450000008,19.61 ,1575.00 ,0.7831742,1.2463,355.3021639,76.07293498,9.543999672,18,21°54'N,101°46'E,"???, 2012, ??????",Yunnan Province,China
3020 ,Ang,Moraceae,Ficus pisocarpa,-0.80 ,,,,,,1.225000014,22.42 ,1640.00 ,0.894353661,0.8598,350.4611648,75.65033519,11.8760004,18,21°55'N,101°16'E,"Zhu, 2018, Tree Physiology; Yan, 2020, Biology Letters",Yuanan province,China
3150 ,Ang,Moraceae,Ficus pisocarpa,-0.81 ,8.56 ,0.67 ,90.70 ,0.53 ,13.00 ,1.450000008,19.61 ,1575.00 ,0.7831742,1.2463,355.3021639,76.07293498,9.543999672,18,21°54'N,101°46'E,"???, 2012, ??????; Fu, 2012, Annals of Botany; Tan, 2020, Agricultural and Forest Meteorology",Yunnan province,China
2831 ,Ang,Moraceae,Ficus sagittata,-1.98 ,1.45 ,,,0.39 ,,1.225000004,20.88 ,1683.00 ,0.85605524,1.0122,338.2657063,78.45212263,10.92399979,17,21°36?N,101°35?E,"Zhang, 2019, Tree Physiology",Yunnan province,China
2689 ,Ang,Moraceae,Ficus tikoua,,,0.49 ,,,,1.649999996,12.79 ,928.00 ,6.066549556,0.8259,567.4750116,90.2711391,-1.203999996,9,29°39'N,102°06'E,"Xu, 2020, New Phytologist",Sichuan province,China
2962 ,Ang,Moraceae,Ficus variegata,-1.19 ,,,,,,1.866666645,20.60 ,1835.00 ,0.759396395,1.4258,565.6792834,66.92045161,8.623999596,37,23°10'N,112°31'E,"Zhu, 2018, Tree Physiology",Guangdong Province,China
2200 ,Ang,Moraceae,Ficus variolosa,-1.30 ,4.08 ,0.82 ,,0.53 ,10.00 ,1.87499999,20.60 ,1835.00 ,0.759396395,1.3895,565.6792834,66.92045161,8.623999596,37,23°10' N,112°32' E,"This study; Zhu, 2013, Plant, Cell & Environment; Zhu, 2018, Tree Physiology",Guangdong Province,China
2832 ,Ang,Annonaceae,Fissistigma maclurei,-2.12 ,0.52 ,,,0.38 ,,1.225000004,20.88 ,1683.00 ,0.85605524,1.0122,338.2657063,78.45212263,10.92399979,17,21°36?N,101°35?E,"Zhang, 2019, Tree Physiology",Yunnan province,China
2355 ,Gym,Cupressaceae,Fitzroya cupressoides,-5.11 ,,,,0.60 ,,4.158333282,7.39 ,1914.00 ,0.30363221,2.677,280.2550094,54.13720427,-0.819999993,49,40°10'S,73°26'W,"Urrutia-Jalabert, 2018, Forest Ecology and Management",the Coastal Range of southern Chile,Chile
2356 ,Gym,Cupressaceae,Fitzroya cupressoides,-3.71 ,,,,0.54 ,,3.416666667,10.53 ,1749.00 ,0.298823362,2.265,293.9305028,37.51655909,1.692000031,85,41°26'S,73°07'W,"Urrutia-Jalabert, 2018, Forest Ecology and Management",the Central Depression,Chile
629 ,Ang,Fabaceae,Flemingia philippinensis,-0.91 ,2.52 ,0.58 ,,,,1.533333331,17.19 ,1259.00 ,0.599097986,1.063,606.2322877,78.61021309,4.047999859,17,25°42' N,105°35' E,"Fan, 2011, Tree Physiology",Guizhou Province,China
2290 ,Ang,Rutaceae,Flindersia brayleyana,,,0.68 ,,,,4.408333341,21.18 ,2634.00 ,0.767544866,1.4659,264.3066765,71.70189156,12.47599983,49,17°07'S,145°37'E,"Togashi, 2015, Ecology and Evolution",Queensland,Australia
2779 ,Ang,Fagaceae,Forsythia suspensa,,,0.37 ,12.70 ,,,2.141666661,9.62 ,592.00 ,0.661215941,0.635,902.384731,79.18673104,-9.227999687,4,35°09'N,108°45'E,"Yin, 2019, Forests",Shaanxi Province,China
1814 ,Ang,Fouquieriaceae,Fouquieria splendens,-1.37 ,1.64 ,,26.84 ,,,3.041666667,18.41 ,391.00 ,1.813401252,0.2265,703.9524282,77.36163668,-0.032000002,5,32°01' N,110°37' W,"Pockman & Sperry, 2000, American Journal of Botany","Pima County, Arizona",USA
423 ,Ang,Oleaceae,Fraxinus americana,-1.92 ,,,,,15.00 ,4.491666694,10.33 ,1130.00 ,0.570794672,1.172,920.3776682,7.899463382,-8.677272797,83,42°21' N,71°5' W,"Choat, 2004,  Journal of Experimental","Harvard University, Boston",USA
407 ,Ang,Oleaceae,Fraxinus chinensis,-4.40 ,4.13 ,0.25 ,44.50 ,0.59 ,,2.791666687,12.90 ,750.00 ,0.833278615,0.7018,1029.416139,109.3542796,-7.93599987,8,35°46'N,117°47'E,"Chen, 2019, 2020, 2021, Tree Physiology","Xintai, Shandong province",China
3191 ,Ang,Oleaceae,Fraxinus chinensis,,4.71 ,,,,,1.608333329,13.31 ,647.00 ,0.686999546,0.5277,948.9971862,72.73185173,-6.144000053,5,34°14´N,108°06´E,"???, 2012, ????",Shanxi province,China
481 ,Ang,Oleaceae,Fraxinus excelsior,-3.24 ,,,,,18.00 ,3.199999988,9.67 ,775.00 ,0.500635756,0.9623,630.7069029,11.28856702,-4.06799984,51,48°45' N,6°20' E,"Cochard, 1997, Journal of Experimental Botany","Clermont-Ferrand, near Nancy",France
488 ,Ang,Oleaceae,Fraxinus excelsior,-3.84 ,,,,,,2.699999988,11.29 ,598.00 ,0.592509912,0.6645,603.3775522,38.21785488,-2.052000046,27,45°47' N,3°09' E,"Cochard, 2005, Cochard, Physiologia Plantarum",Clermont-Ferrand,France
1290 ,Ang,Oleaceae,Fraxinus insularis,,1.85 ,,,0.50 ,,2.383333345,16.19 ,1749.00 ,0.606894284,1.7554,831.410251,57.04453011,1.052000046,44,29°15' N,118°07' E,"Liu, 2016, Ecology",Zhejiang province,China
2752 ,Ang,Oleaceae,Fraxinus mandshurica,-4.83 ,6.93 ,1.65 ,60.79 ,0.56 ,11.50 ,1.841666669,3.27 ,661.00 ,0.432660541,0.799,1257.058799,95.56655616,-21.12800026,5,42°24´N,128°28´E,"Yang, 2020, Forests; Song, 2018, Forest Ecology and Management; Liu, 2015, Tree Physiology; Liu, 2019, Science Advances; Yang, 2019, Tree Physiology",Jilin Province,China
3124 ,Ang,Oleaceae,Fraxinus mandshurica,,3.72 ,1.44 ,,,,3.516666671,2.79 ,594.00 ,0.46329067,0.8569,1416.032805,107.0789385,-24.60400009,3,45°24´N,127°40´E,"??, 2017, ??????; Jin, 2016, Functional Plant Biology",Heilongjiang province ,China
1966 ,Ang,Oleaceae,Fraxinus ornus,-3.48 ,,,,0.63 ,,2.224999984,13.22 ,1284.00 ,0.550608952,1.2953,680.3336276,20.82444629,0.263999999,70,45°38'N,13°48''E,"Savi, 2019, Tree Physiology",Trieste,Italy
2294 ,Ang,Oleaceae,Fraxinus ornus,-2.20 ,0.71 ,,,,,1.724999974,13.87 ,723.00 ,0.713035551,0.7475,667.3842169,29.8469586,-0.376000017,28,43°17' N,11°35' E,"Tognetti, 1999, Tree Physiology",Siena,Italy
1815 ,Ang,Oleaceae,Fraxinus velutina,-0.85 ,3.21 ,,29.15 ,,,3.041666667,18.41 ,391.00 ,1.813401252,0.2265,703.9524282,77.36163668,-0.032000002,5,32°01' N,110°37' W,"Pockman & Sperry, 2000, American Journal of Botany","Pima County, Arizona",USA
2075 ,Ang,Himantandraceae,Galbulimima baccata,-1.30 ,,,,,,4.891666671,23.06 ,2321.00 ,0.803484582,1.4918,242.5731229,76.64829345,15.18000031,39,16°49' S,145°38' E,"Sperry, 2007, International Journal of Plant Sciences",Queensland,Australia
1502 ,Ang,Petiveriaceae,Gallesia integrifolia,,2.50 ,0.88 ,,0.38 ,,2.950000008,24.77 ,1143.00 ,0.998740338,0.6171,167.8732009,62.51391847,16.2159996,16,16°07' S,61°43' W,"Markesteijn et al, 2011a, 2011b","Near Conception, Santa Cruz",Bolivia
677 ,Ang,Clusiaceae,Garcinia cowa,,,,100.80 ,0.55 ,22.82 ,1.266666651,21.56 ,1641.00 ,0.894353661,0.9726,335.0943307,76.6728934,11.23200035,16,21°41' N,101°25' E,"Fan, 2012, Journal of Ecology",Yunnan Province,China
2889 ,Ang,Clusiaceae ,Garcinia oblongifolia,-1.42 ,1.52 ,0.54 ,,0.60 ,,2.391666651,22.44 ,2177.00 ,0.679918148,1.613,520.8183658,75.162042,11.56799984,28,22°34' N,112°50' E,"Zhu, 2017, Forest Ecology and Management",Guangdong Province,China
2963 ,Ang,Clusiaceae,Garcinia oblongifolia,-1.42 ,,,,,,1.866666645,20.60 ,1835.00 ,0.759396395,1.4258,565.6792834,66.92045161,8.623999596,37,23°10'N,112°31'E,"Zhu, 2018, Tree Physiology",Guangdong Province,China
678 ,Ang,Clusiaceae,Garcinia xanthochymus,,,,163.20 ,0.79 ,18.30 ,1.266666651,21.56 ,1641.00 ,0.894353661,0.9726,335.0943307,76.6728934,11.23200035,16,21°41' N,101°25' E,"Fan, 2012, Journal of Ecology",Yunnan Province,China
2890 ,Ang,Rubiaceae,Gardenia jasminoides,-0.83 ,1.04 ,,,0.63 ,,2.391666651,22.44 ,2177.00 ,0.679918148,1.613,520.8183658,75.162042,11.56799984,28,22°34' N,112°50' E,"Zhu, 2017, Forest Ecology and Management",Guangdong Province,China
2964 ,Ang,Rubiaceae,Gardenia jasminoides,-1.87 ,,,,,,1.866666645,20.60 ,1835.00 ,0.759396395,1.4258,565.6792834,66.92045161,8.623999596,37,23°10'N,112°31'E,"Zhu, 2018, Tree Physiology",Guangdong Province,China
800 ,Ang,Rubiaceae,Gardenia vilhelmii,,2.71 ,0.47 ,21.16 ,0.64 ,4.00 ,2.391666681,26.83 ,687.00 ,2.472404017,0.3277,380.6304795,119.4832856,13.63599968,1,18°43' S,141°50' E,"Gleason, 2012, Functional Ecology",Carpentaria,Australia
201 ,Ang,Garryaceae,Garrya elliptica,-6.50 ,1.58 ,0.22 ,,,,3.62500002,15.59 ,480.00 ,0.788134638,0.5247,338.7349418,98.72914819,5.920000076,0,34°30' N,119°49' W,"Bhaskar, 2007, New Phytologist","Santa Barbara, California",USA
207 ,Ang,Garryaceae,Garrya ovata,-6.60 ,2.75 ,0.42 ,,,,2.074999968,16.95 ,555.00 ,1.307651315,0.3205,188.7757412,87.79243127,8.236000061,7,18°15' N,97°26' W,"Bhaskar, 2007, New Phytologist",Tehuacan Valey,Mexico
1083 ,Ang,Garryaceae,Garrya veatchii,-6.02 ,1.47 ,,28.40 ,0.67 ,,3.633333345,16.29 ,426.00 ,1.125048534,0.4043,426.7080897,99.9189354,5.268000126,1,34°06' N,118°39' W,"Jacobsen, 2007c, Ecological Monographs",Southern California,USA
679 ,Ang,Burseraceae,Garuga floribunda,,,,96.90 ,0.69 ,28.50 ,1.266666651,21.56 ,1641.00 ,0.894353661,0.9726,335.0943307,76.6728934,11.23200035,16,21°41' N,101°25' E,"Fan, 2012, Journal of Ecology",Yunnan Province,China
897 ,Ang,Fabaceae,Gastrolobium grandiflorum,,5.54 ,0.31 ,29.11 ,0.70 ,1.30 ,3.433333337,20.90 ,1400.00 ,1.018901775,0.7223,326.6472719,92.01642804,9.711999893,18,18°18' S,145°30' E,"Gleason, 2012, Functional Ecology; Blackman, 2014, Annals of Botany; Blackman, 2018, Annals of Botany","Einasleigh, northern queensland",Australia
243 ,Ang,Ericaceae,Gaultheria hispida,,,,,0.54 ,,5.674999992,6.25 ,1531.00 ,0.387481756,2.0783,305.9782469,21.03196025,-2.220000029,85,42°40'S,146°37'E,"Blackman, 2014, Annals of Botany; Blackman, 2012, Oecologia; Blackman, 2010, New Phytologist",Tasmania,Australia
360 ,Ang,Ericaceae,Gaultheria shallon,,,0.73 ,,,,3.933333357,11.59 ,1129.00 ,NA,1.1164,251.5002013,83.13214918,2.641176462,4,39°23'N,123°49'W,"Cary & Pittermann, 2018, American Journal of Botany",,USA
906 ,Ang,Rutaceae,Geijera parviflora,,0.71 ,0.40 ,21.96 ,0.87 ,10.00 ,2.758333325,17.54 ,410.00 ,1.496945786,0.2873,613.9776951,14.54176838,1.675999999,26,32°58' S,146°10' E,"Gleason, 2012, Functional Ecology; Blackman, 2014, Annals of Botany; Blackman, 2018, Annals of Botany",New South Wales,Australia
N39,Ang,Rubiaceae,Genipa americana,,,,,0.73 ,,3.533333381,26.60 ,1633.00 ,1.163631518,1.0017,80.14568299,93.82169736,21.43599892,2,10°43?31.39?N,85°35?46.99?W,"Vargas, 2021, New Phytologist",Horizontes,Costa Rica
340 ,Ang,Proteaceae,Gevuina avellana,,0.90 ,0.14 ,,,,3.066666663,9.59 ,1098.00 ,0.515819285,1.1,452.7799744,60.04093608,-2.808000088,37,42°05' S,71°37' W,"Bucci, 2019, Plant, Cell & Environment",Chubut,Argentina
2291 ,Ang,Cunoniaceae,Gillbeea adenopetala,,,0.72 ,,,,4.408333341,21.18 ,2634.00 ,0.767544866,1.4659,264.3066765,71.70189156,12.47599983,49,17°07'S,145°37'E,"Togashi, 2015, Ecology and Evolution",Queensland,Australia
2232 ,Ang,Cannabaceae,Gironniera subaequalis,-2.98 ,4.12 ,0.86 ,,0.52 ,,1.87499999,20.60 ,1835.00 ,0.759396395,1.3895,565.6792834,66.92045161,8.623999596,37,23°10' N,112°32' E,"This study; Zhu, 2013, Plant, Cell & Environment; Zhu, 2019, Tree Physiology",Guangdong Province,China
408 ,Ang,Fabaceae,Gleditsia sinensis,-4.36 ,1.89 ,0.28 ,,0.81 ,,2.791666687,12.90 ,750.00 ,0.833278615,0.7018,1029.416139,109.3542796,-7.93599987,8,35°46'N,117°47'E,"Chen, 2019, 2020, 2021, Tree Physiology","Xintai, Shandong province",China
300 ,Ang,Fabaceae,Gliricidia sepium,,3.65 ,1.49 ,,,,3.325000008,26.46 ,1746.00 ,0.996001165,1.0501,77.51506781,91.484941,21.35199928,1,10°52' N,85°34' W,"Brodribb, 2005, New Phytologist; Brodribb & Holbrook, 2004, New Phytologist; Brodribb, 2002, Plant Cell and Environment; Brodribb & Holbrook, 2003, Plant Physiology", the Northern Pacific coast,Costa Rica
1639 ,Ang,Fabaceae,Gliricidia sepium,,6.99 ,,86.88 ,0.64 ,,2.533333361,25.07 ,999.00 ,NA,0.4434,207.0734595,111.2129666,17.13199997,2,19°29'N,105°02'W,"Mendez-Alonzo, 2013, Trees-Strucyture and Function",the Pacific coast of Jalisco,Mexico
N40,Ang,Fabaceae,Gliricidia sepium,,,,,0.78 ,,3.533333381,26.60 ,1633.00 ,1.163631518,1.0017,80.14568299,93.82169736,21.43599892,2,10°43?31.39?N,85°35?46.99?W,"Vargas, 2021, New Phytologist",Horizontes,Costa Rica
2201 ,Ang,Phyllanthaceae,Glochidion eriocarpum,-1.23 ,1.70 ,0.62 ,,0.47 ,3.00 ,1.87499999,20.60 ,1835.00 ,0.759396395,1.3895,565.6792834,66.92045161,8.623999596,37,23°10' N,112°32' E,"This study; Zhu, 2013, Plant, Cell & Environment; Zhu, 2018, Tree Physiology",Guangdong Province,China
1574 ,Ang,Phyllanthaceae,Glochidion ferdinandi,,6.11 ,0.29 ,,,,3.699999988,17.02 ,1295.00 ,0.716941494,1.0049,378.4709797,28.72733402,6.875999928,63,33°40'S,151°10'E,"McClenahan, 2004, Australlan Journal of Botany",Sydney,Australia
2965 ,Ang,Phyllanthaceae,Glochidion wrightii,-1.66 ,,,,,,1.866666645,20.60 ,1835.00 ,0.759396395,1.4258,565.6792834,66.92045161,8.623999596,37,23°10'N,112°31'E,"Zhu, 2018, Tree Physiology",Guangdong Province,China
680 ,Ang,Verbenaceae,Gmelina arborea,,,,207.00 ,0.55 ,14.60 ,1.266666651,21.56 ,1641.00 ,0.894353661,0.9726,335.0943307,76.6728934,11.23200035,16,21°41' N,101°25' E,"Fan, 2012, Journal of Ecology",Yunnan Province,China
2932 ,Gym,Gnetaceae,Gnetum brunonianum,-2.40 ,,,,,,1.225000014,22.42 ,1640.00 ,0.894353661,0.8598,350.4611648,75.65033519,11.8760004,18,21°55'N,101°16'E,"Zhu, 2018, Tree Physiology",Yuanan province,China
706 ,Gym,Gnetaceae,Gnetum costatum,,1.12 ,0.83 ,,,,2.708333333,26.29 ,2977.00 ,NA,2.331,43.33440365,34.52594325,21.56999969,117,5°08' S,145°41' E,"Feild & Balun, 2008, New Phytologist",20 km north of Madang,Papua New Guinea
707 ,Gym,Gnetaceae,Gnetum gnemon,,1.10 ,0.83 ,,,,2.708333333,26.29 ,2977.00 ,NA,2.331,43.33440365,34.52594325,21.56999969,117,5°08' S,145°41' E,"Feild & Balun, 2008, New Phytologist",20 km north of Madang,Papua New Guinea
2933 ,Gym,Gnetaceae,Gnetum gnemon,-1.70 ,,,,,,1.225000014,22.42 ,1640.00 ,0.894353661,0.8598,350.4611648,75.65033519,11.8760004,18,21°55'N,101°16'E,"Zhu, 2018, Tree Physiology",Yuanan province,China
708 ,Gym,Gnetaceae,Gnetum latifolium,,1.65 ,1.54 ,,,,2.708333333,26.29 ,2977.00 ,NA,2.331,43.33440365,34.52594325,21.56999969,117,5°08' S,145°41' E,"Feild & Balun, 2008, New Phytologist",20 km north of Madang,Papua New Guinea
2934 ,Gym,Gnetaceae,Gnetum montanum,-1.40 ,,,,,,1.225000014,22.42 ,1640.00 ,0.894353661,0.8598,350.4611648,75.65033519,11.8760004,18,21°55'N,101°16'E,"Zhu, 2018, Tree Physiology",Yuanan province,China
709 ,Gym,Gnetaceae,Gnetum sp.,,1.80 ,1.49 ,,,,2.708333333,26.29 ,2977.00 ,NA,2.331,43.33440365,34.52594325,21.56999969,117,5°08' S,145°41' E,"Feild & Balun, 2008, New Phytologist",20 km north of Madang,Papua New Guinea
710 ,Ang,Icacinaceae,Gonocaryum sp.,,4.60 ,1.18 ,,,,2.708333333,26.29 ,2977.00 ,NA,2.331,43.33440365,34.52594325,21.56999969,117,5°08' S,145°41' E,"Feild & Balun, 2008, New Phytologist",20 km north of Madang,Papua New Guinea
138 ,Ang,Goupiaceae,Goupia glabra,-2.20 ,,,,,,1.166666687,26.44 ,2352.00 ,0.788916395,1.4227,44.22227014,42.47501585,21.47200012,81,2°37'S,60°13'W,"Barros, 2019, New Phytologist","Manaus, Amazonas",Brazil
3071 ,Ang,Goupiaceae,Goupia glabra,-4.99 ,,,,,,2.158333331,25.74 ,2796.00 ,0.649499163,1.8807,45.73945121,49.59006205,21.01600075,68,5°16'N,52°55'W,"Ziegler, 2019, Annals of Forest Science","Guiana Shield, French Guiana",France (overseas territories)
971 ,Ang,Amaranthaceae,Grayia spinosa,-5.25 ,,,16.00 ,0.87 ,,3.266666671,10.85 ,173.00 ,1.324076769,0.1546,1001.58103,17.80877686,-11.69999981,11,40°12' N,112°56' W,"Hacke, 2000a, Basic and Applied Ecology","near Dugway, Utah",USA
916 ,Ang,Proteaceae,Grevillea buxifolia,,1.28 ,0.32 ,19.08 ,0.69 ,1.60 ,3.599999984,16.97 ,1253.00 ,0.716941494,1.0326,385.0362387,28.74867037,6.596000195,61,33°41' S,151°09' E,"Gleason, 2012, Functional Ecology; Blackman, 2014, Annals of Botany; Blackman, 2018, Annals of Botany","New South Wales, Eastern Australia",Australia
898 ,Ang,Proteaceae,Grevillea glauca,,11.42 ,0.58 ,34.38 ,0.64 ,8.00 ,3.433333337,20.90 ,1400.00 ,1.018901775,0.7223,326.6472719,92.01642804,9.711999893,18,18°18' S,145°30' E,"Gleason, 2012, Functional Ecology; Blackman, 2014, Annals of Botany; Blackman, 2018, Annals of Botany","Einasleigh, northern queensland",Australia
911 ,Ang,Proteaceae,Grevillea mucronulata,,0.95 ,1.03 ,21.87 ,0.68 ,2.00 ,2.458333313,16.28 ,874.00 ,0.857961244,0.5743,450.6347406,33.16001174,4,38,32°47' S,150°55' E,"Gleason, 2012, Functional Ecology; Blackman, 2014, Annals of Botany; Blackman, 2018, Annals of Botany","New South Wales, Eastern Australia",Australia
801 ,Ang,Proteaceae,Grevillea parallela,,6.07 ,0.50 ,32.35 ,0.67 ,7.00 ,2.391666681,26.83 ,687.00 ,2.472404017,0.3277,380.6304795,119.4832856,13.63599968,1,18°43' S,141°50' E,"Gleason, 2012, Functional Ecology",Carpentaria,Australia
875 ,Ang,Proteaceae,Grevillea parallela,,3.34 ,0.59 ,38.56 ,0.63 ,7.00 ,3.433333337,20.90 ,1400.00 ,1.018901775,0.7223,326.6472719,92.01642804,9.711999893,18,18°18' S,145°30' E,"Gleason, 2012, Functional Ecology; Blackman, 2014, Annals of Botany","Einasleigh, northern queensland",Australia
1665 ,Ang,Proteaceae,Grevillea patentiloba,,0.54 ,0.01 ,13.83 ,0.98 ,,3.441666683,16.82 ,359.00 ,1.116587761,0.2473,521.4274796,49.21736532,2.692000151,11,32°19' S,117°52' E,"Mitchell, 2008, Oecologia",Western Australia,Australia
802 ,Ang,Proteaceae,Grevillea striata,,2.31 ,0.37 ,25.93 ,0.66 ,7.00 ,2.391666681,26.83 ,687.00 ,2.472404017,0.3277,380.6304795,119.4832856,13.63599968,1,18°43' S,141°50' E,"Gleason, 2012, Functional Ecology",Carpentaria,Australia
2729 ,Ang,Tiliaceae,Grewia biloba,,0.21 ,1.08 ,,0.27 ,,1.299999992,13.24 ,983.00 ,2.92760473,0.7174,576.9135477,90.39955827,-0.60799998,10,29°26'N,102°10'E,"Xu, 2020, New Phytologist",Sichuan province,China
2780 ,Ang,Tiliaceae,Grewia biloba,,,0.66 ,20.54 ,,,2.141666661,9.62 ,592.00 ,0.661215941,0.635,902.384731,79.18673104,-9.227999687,4,35°09'N,108°45'E,"Yin, 2019, Forests",Shaanxi Province,China
956 ,Ang,Nyctaginaceae,Guapira aereolata,,8.10 ,0.44 ,,0.53 ,,1.816666663,20.44 ,1516.00 ,0.963975451,1.09,123.7480541,79.60995496,11.52799988,8,15°56' S,47°53' W,"Gotsch, 2010, Oecologia; Scholz, 2008, Journal of Plant Physiology",south of Brasilia,Brazil
957 ,Ang,Nyctaginaceae,Guapira noxia,,3.69 ,0.35 ,,0.49 ,,1.816666663,20.44 ,1516.00 ,0.963975451,1.09,123.7480541,79.60995496,11.52799988,8,15°56' S,47°53' W,"Gotsch, 2010, Oecologia; Scholz, 2008, Journal of Plant Physiology",south of Brasilia,Brazil
1988 ,Ang,Meliaceae,Guarea guidonia,,7.70 ,0.27 ,,0.47 ,,1.816666663,20.44 ,1516.00 ,0.963975451,1.09,123.7480541,79.60995496,11.52799988,8,15°56' S,47°53' W,"Scholz, 2008, Journal of Plant Physiology",south of Brasilia,Brazil
1588 ,Ang,Annonaceae,Guatteria dumetorum,-1.73 ,6.25 ,0.31 ,,0.45 ,,1.974999984,26.20 ,2501.00 ,0.620433427,2.4056,55.1326178,61.10977054,22.31999969,24,9°17' N,79°58' W,"Medina-Vega, 2021, Journal of Ecology",near the Caribbean coast of Panama,Panama
1949 ,Ang,Annonaceae,Guatteria dumetorum,,,,,0.42 ,,1.974999984,26.20 ,2501.00 ,0.620433427,2.4056,55.1326178,61.10977054,22.31999969,24,9°17' N,79°58' W,"Santiago, 2004, Oecologia",near the Caribbean coast of Panama,Panama
1720 ,Ang,Anonnaceae,Guatteria megalophylla,-2.21 ,,,,,,1.141666691,26.88 ,2216.00 ,0.839025411,1.3428,52.339996,49.8643603,22.24399948,59,03°08'S,59°53'W,"Oliveire, 2019, New Phytologist",Manaus,Brazil
1721 ,Ang,Anonnaceae,Guatteria olivacea,-2.58 ,,,,,,1.141666691,26.88 ,2216.00 ,0.839025411,1.3428,52.339996,49.8643603,22.24399948,59,03°08'S,59°53'W,"Oliveire, 2019, New Phytologist",Manaus,Brazil
1609 ,Ang,Sterculiaceae,Guazuma ulmifolia,-1.94 ,4.67 ,0.32 ,,0.36 ,,1.916666647,26.94 ,2169.00 ,0.756386424,1.2534,65.14634424,68.85282668,22.84545517,16,9°00'N,79°33'W,"Medina-Vega, 2021, Journal of Ecology",near Panama City,Panama
N41,Ang,Malvaceae,Guazuma ulmifolia,,4.53 ,1.05 ,,0.74 ,,3.533333381,26.60 ,1633.00 ,1.163631518,1.0017,80.14568299,93.82169736,21.43599892,2,10°43?31.39?N,85°35?46.99?W,"Vargas, 2021, New Phytologist",Horizontes,Costa Rica
N11,Ang,Rubiaceae,Guettarda krugii,,0.84 ,,,0.79 ,,3.99999994,26.07 ,939.00 ,NA,0.7402,130.6923339,58.51883815,19.67916679,26,17°58?2.17?N,66°53?17.54?W,"Vargas, 2021, New Phytologist",Guanica,Puerto Rico
N98,Ang,Rubiaceae,Guettarda machrosperma,,,,,0.65 ,,3.533333381,26.60 ,1633.00 ,1.163631518,1.0017,80.14568299,93.82169736,21.43599892,2,10°43?31.39?N,85°35?46.99?W,"Vargas, 2021, New Phytologist",Santa Rosa,Costa Rica
139 ,Ang,Lecitidaceae,Gustavia elliptica,-2.75 ,,,,,,1.166666687,26.44 ,2352.00 ,0.788916395,1.4227,44.22227014,42.47501585,21.47200012,81,2°37'S,60°13'W,"Barros, 2019, New Phytologist","Manaus, Amazonas",Brazil
3090 ,Ang,Lecythidaceae,Gustavia hexapetala,-7.63 ,,,,,,2.158333331,25.74 ,2796.00 ,0.649499163,1.8807,45.73945121,49.59006205,21.01600075,68,5°16'N,52°55'W,"Ziegler, 2019, Annals of Forest Science; Marechaux, 2015, Functional Ecology","Guiana Shield, French Guiana",France (overseas territories)
2370 ,Ang,Lecythidaceae,Gustavia superba,-0.75 ,1.97 ,0.36 ,,,,1.650000006,26.79 ,2330.00 ,0.716664737,1.3739,67.82329313,69.04398102,22.50799942,19,9°10'N,79°07'W,"van der Sande, 2013, Oecologia",Isthmus of Panama,Panama
1096 ,Ang,Asteraceae,Gutierrezia microcephala,,,,,0.65 ,0.78 ,3.841666718,17.80 ,125.00 ,1.931995772,0.0829,770.9042762,72.94623604,0.100000001,1,35°20' N,117°59' W,"Jacobsen, 2008, New Phytologist",Southern California,USA
N12,Ang,Euphorbiaceae,Gymnanthes lucida,,0.44 ,0.84 ,,0.96 ,,3.99999994,26.07 ,939.00 ,NA,0.7402,130.6923339,58.51883815,19.67916679,26,17°58?2.17?N,66°53?17.54?W,"Vargas, 2021, New Phytologist",Guanica,Puerto Rico
N79,Ang,Polygonaceae,Gymnopodium floribundum,,1.28 ,2.85 ,,0.79 ,,2.366666665,25.43 ,1087.00 ,1.022873596,0.5479,207.2946945,70.07447924,15.63199997,22,20°5?26.73?N,89°33?47.66?W,"Vargas, 2021, New Phytologist",Kaxil Kiuic,Mexico
1661 ,Ang,Proteaceae,Hakea cygna,,0.12 ,0.03 ,17.75 ,0.75 ,,3.441666683,16.82 ,359.00 ,1.116587761,0.2473,521.4274796,49.21736532,2.692000151,11,32°19' S,117°52' E,"Mitchell, 2008, Oecologia",Western Australia,Australia
442 ,Ang,Proteaceae,Hakea dactyloides,,0.74 ,0.15 ,,,,2.699999988,11.40 ,1076.00 ,0.615049716,0.8722,433.5529752,21.55849705,0.5,63,33°59'S,150°07'E,"Choat, 2011, New Phytologist",south-eastern Australia,Australia
1382 ,Ang,Proteaceae,Hakea dactyloides,-4.75 ,1.24 ,,,,,2.916666647,12.64 ,1260.00 ,0.638554779,1.1206,434.3431825,33.46065632,1,58,33° 35' S,150° 22' E,"López, 2018, Tree Physiology",New South Wales,Australia
1393 ,Ang,Proteaceae,Hakea dactyloides,-4.95 ,1.49 ,0.39 ,,0.66 ,,3.741666655,12.57 ,847.00 ,0.585175799,0.9014,397.5059044,16.93696377,2.492000103,47,35°33'S,149°57'E,"Lopez, 2020, New Phytologist",Monga,Australia
1394 ,Ang,Proteaceae,Hakea dactyloides,-4.64 ,1.23 ,0.29 ,,0.59 ,,2.983333329,12.64 ,1260.00 ,0.638554779,1.1556,434.3431825,33.46065632,1,58,33°34'S,150°22'E,"Lopez, 2020, New Phytologist",Blue Mountains,Australia
1395 ,Ang,Proteaceae,Hakea dactyloides,-4.41 ,1.44 ,0.37 ,,0.64 ,,3.091666639,13.28 ,1114.00 ,0.604412221,1.0269,442.9261441,20.35208618,0.879999995,56,34°37'S,150°25'E,"Lopez, 2020, New Phytologist",Meryla,Australia
1396 ,Ang,Proteaceae,Hakea dactyloides,-4.75 ,1.34 ,0.35 ,,0.59 ,,3.541666647,18.47 ,1393.00 ,0.72849245,1.2748,358.049335,45.16417661,8.675999641,36,30°02'S,153°01'E,"Lopez, 2020, New Phytologist",Coffs Harbour,Australia
892 ,Ang,Proteaceae,Hakea gibbosa,,,,18.71 ,0.60 ,,3.599999984,16.97 ,1253.00 ,0.716941494,1.0326,385.0362387,28.74867037,6.596000195,61,33°41' S,151°09' E,"Gleason, 2012, Functional Ecology; Blackman, 2014, Annals of Botany","New South Wales, Eastern Australia",Australia
1381 ,Ang,Proteaceae,Hakea leucoptera,-6.54 ,0.81 ,,,,,2.958333373,16.58 ,482.00 ,1.346225742,0.346,586.8382806,16.91971304,1.84799993,29,34° 11' S,146° 16' E,"López, 2018, Tree Physiology",New South Wales,Australia
1383 ,Ang,Proteaceae,Hakea leucoptera,-6.73 ,0.37 ,0.07 ,,0.73 ,,3.5,17.50 ,266.00 ,1.35694015,0.1715,509.0996279,25.09093896,2.747999907,11,34°03'S,140°43'E,"Lopez, 2020, New Phytologist",Calperum,Australia
1384 ,Ang,Proteaceae,Hakea leucoptera,-6.66 ,0.28 ,0.05 ,,0.73 ,,3.266666671,17.08 ,300.00 ,1.342088273,0.206,531.032805,15.12010371,2.687999964,16,34°17'S,142°14'E,"Lopez, 2020, New Phytologist",Mildura,Australia
1385 ,Ang,Proteaceae,Hakea leucoptera,-6.88 ,0.37 ,0.07 ,,0.69 ,,2.983333329,19.83 ,248.00 ,1.985799742,0.1714,624.9785972,21.5883538,3.523999929,16,31°28'S,143°17'E,"Lopez, 2020, New Phytologist",Opal,Australia
1386 ,Ang,Proteaceae,Hakea leucoptera,-6.87 ,0.34 ,0.05 ,,0.71 ,,2.783333341,19.77 ,250.00 ,1.960691838,0.1798,625.1030938,19.31710478,3.092000008,14,31°08'S,144°07'E,"Lopez, 2020, New Phytologist",Wilcannia,Australia
1387 ,Ang,Proteaceae,Hakea leucoptera,-6.90 ,0.36 ,0.08 ,,0.70 ,,2.766666651,19.34 ,279.00 ,1.84817044,0.209,610.8739211,19.59009505,4.251999855,17,31°26'S,144°54'E,"Lopez, 2020, New Phytologist",Tilpa,Australia
1388 ,Ang,Proteaceae,Hakea leucoptera,-6.67 ,0.38 ,0.05 ,,0.68 ,,2.599999984,20.35 ,362.00 ,2.013730893,0.2169,624.8215396,23.7690541,4.587999821,20,30°06'S,145°37'E,"Lopez, 2020, New Phytologist",Toorale,Australia
1389 ,Ang,Proteaceae,Hakea leucoptera,-7.07 ,0.83 ,0.12 ,,0.65 ,,3.049999992,16.58 ,482.00 ,1.346225742,0.3147,586.8382806,16.91971304,1.84799993,29,34°13'S,146°16'E,"Lopez, 2020, New Phytologist",Binya,Australia
1390 ,Ang,Proteaceae,Hakea leucoptera,-7.29 ,0.77 ,0.13 ,,0.69 ,,2.716666659,18.49 ,531.00 ,1.602885403,0.3508,595.9695523,30.36161694,3.395999908,31,30°31'S,148°46'E,"Lopez, 2020, New Phytologist",Pilliga,Australia
1391 ,Ang,Proteaceae,Hakea leucoptera,-6.83 ,0.72 ,0.13 ,,0.65 ,,2.791666667,18.23 ,602.00 ,1.60795537,0.3828,587.169609,32.3277688,3.072000027,33,30°48'S,148°55'E,"Lopez, 2020, New Phytologist",Kenebri,Australia
1392 ,Ang,Proteaceae,Hakea leucoptera,-6.89 ,0.80 ,0.15 ,,0.64 ,,2.958333373,15.85 ,800.00 ,1.267007404,0.5242,559.1311206,33.1852358,1.243999958,46,31°09'S,149°22'E,"Lopez, 2020, New Phytologist",Dandry,Australia
244 ,Ang,Proteaceae,Hakea lissosperma,,,,,0.66 ,,5.674999992,6.25 ,1531.00 ,0.387481756,2.0783,305.9782469,21.03196025,-2.220000029,85,42°40'S,146°37'E,"Blackman, 2014, Annals of Botany; Blackman, 2012, Oecologia; Blackman, 2010, New Phytologist",Tasmania,Australia
213 ,Ang,Proteaceae,Hakea microcarpa,,,,,0.66 ,,5.674999992,6.25 ,1531.00 ,0.387481756,2.0783,305.9782469,21.03196025,-2.220000029,85,42°40'S,146°37'E,"Blackman, 2012, Oecologia; Blackman, 2010, New Phytologist",Tasmania,Australia
893 ,Ang,Proteaceae,Hakea sericea,,2.65 ,0.23 ,,,,3.599999984,16.97 ,1253.00 ,0.716941494,1.0326,385.0362387,28.74867037,6.596000195,61,33°41' S,151°09' E,"Gleason, 2012, Functional Ecology; Blackman, 2014, Annals of Botany","New South Wales, Eastern Australia",Australia
1659 ,Ang,Proteaceae,Hakea subsulcata,,0.73 ,0.03 ,16.13 ,0.87 ,,3.441666683,16.82 ,359.00 ,1.116587761,0.2473,521.4274796,49.21736532,2.692000151,11,32°19' S,117°52' E,"Mitchell, 2008, Oecologia",Western Australia,Australia
917 ,Ang,Proteaceae,Hakea teretifolia,,,0.25 ,18.23 ,0.60 ,,3.599999984,16.97 ,1253.00 ,0.716941494,1.0326,385.0362387,28.74867037,6.596000195,61,33°41' S,151°09' E,"Gleason, 2012, Functional Ecology; Blackman, 2014, Annals of Botany; Blackman, 2018, Annals of Botany","New South Wales, Eastern Australia",Australia
3054 ,Ang,Rubiaceae,Haldina cordifolia,-2.00 ,,,,,,1.241666675,21.73 ,1241.00 ,0.650657102,0.5667,418.0369268,86.52378798,10.16399956,13,23°27'N,102°10'E,"Zhu, 2018, Tree Physiology; Yan, 2020, Biology Letters",Yunnan province,China
393 ,Ang,Sapindaceae,Harpullia cupanioides,-2.51 ,2.20 ,,,,,1.450000008,19.61 ,1575.00 ,0.7831742,1.2463,355.3021639,76.07293498,9.543999672,18,21°54' N,101°46' E,"Chen, 2017, Functional Ecology",Ynanan Provience,China
681 ,Ang,Sapindaceae,Harpullia cupanioides,,,,90.20 ,0.81 ,22.68 ,1.266666651,21.56 ,1641.00 ,0.894353661,0.9726,335.0943307,76.6728934,11.23200035,16,21°41' N,101°25' E,"Fan, 2012, Journal of Ecology",Yunnan Province,China
3021 ,Ang,Sapindaceae,Harpullia cupanoides,-1.33 ,,,,,,1.225000014,22.42 ,1640.00 ,0.894353661,0.8598,350.4611648,75.65033519,11.8760004,18,21°55'N,101°16'E,"Zhu, 2018, Tree Physiology; Yan, 2020, Biology Letters",Yuanan province,China
1069 ,Ang,Asteraceae,Hazardia squarrosa,-1.37 ,0.64 ,,32.21 ,0.56 ,0.80 ,3.766666631,16.28 ,392.00 ,1.125048534,0.3894,347.5370192,99.93090982,6.93599987,0,34°03' N,118°42' W,"Jacobsen, 2007b, Plant, Cell and Environment; Jacobsen, 2008, New Phytologist; Hacke, 2009, Plant, Cell and Environment",Southern California,USA
1699 ,Ang,Araliaceae,Hedera helix,-1.81 ,,,,,,1.599999984,8.57 ,979.00 ,0.366518153,1.0239,674.2515165,40.48312633,-5.248000145,46,47°16' N,11°24' E,"Nolf, 2015b, New Phytologist",Innsbruck,Austria
1967 ,Ang,Araliaceae,Hedera helix,-2.26 ,,,,0.62 ,,2.224999984,13.22 ,1284.00 ,0.550608952,1.2953,680.3336276,20.82444629,0.263999999,70,45°38'N,13°48''E,"Savi, 2019, Tree Physiology",Trieste,Italy
2303 ,Ang,Monimiaceae,Hedycarya cupulata,-3.20 ,0.10 ,,,0.54 ,,3.608333329,21.34 ,2196.00 ,0.757955855,1.3226,202.1689634,41.42832963,14.01599979,78,21° 10' S,165° 15' E,"Trueba, 2017, Plant, Cell and Environment; Trueba, 2019, Journal of Experimental Botany",New Caledonia,France (Overseas territories)
2304 ,Ang,Monimiaceae,Hedycarya parviflora,-3.10 ,0.23 ,,,0.59 ,,3.608333329,21.34 ,2196.00 ,0.757955855,1.3226,202.1689634,41.42832963,14.01599979,78,21° 10' S,165° 15' E,"Trueba, 2017, Plant, Cell and Environment; Trueba, 2019, Journal of Experimental Botany",New Caledonia,France (Overseas territories)
2069 ,Ang,Chloranthaceae,Hedyosmum goudotianum,-1.74 ,,,,,,3.74999994,18.76 ,2460.00 ,0.679743024,2.2515,77.121891,75.74682369,13.0880003,23,10°19' N,84°47' W,"Sperry, 2007, International Journal of Plant Sciences",Puntarenas Province,Costa Rica
2070 ,Ang,Chloranthaceae,Hedyosmum mexicanum,-0.79 ,,,,,,2.891666651,21.06 ,2585.00 ,0.495302486,1.6135,58.56069826,74.3911719,15.33599949,24,10°01' N,84°07' W,"Sperry, 2007, International Journal of Plant Sciences",Heredia Province,Costa Rica
1589 ,Ang,Olacaceae,Heisteria scandens,-0.51 ,3.24 ,0.57 ,,0.68 ,,1.974999984,26.20 ,2501.00 ,0.620433427,2.4056,55.1326178,61.10977054,22.31999969,24,9°17' N,79°58' W,"Medina-Vega, 2021, Journal of Ecology",near the Caribbean coast of Panama,Panama
1722 ,Ang,Moraceae,Helianthostylis sprucei,-4.04 ,,,,,,1.141666691,26.88 ,2216.00 ,0.839025411,1.3428,52.339996,49.8643603,22.24399948,59,03°08'S,59°53'W,"Oliveire, 2019, New Phytologist",Manaus,Brazil
2202 ,Ang,Proteaceae,Helicia reticulata,-3.55 ,0.90 ,0.56 ,,0.68 ,10.00 ,1.87499999,20.60 ,1835.00 ,0.759396395,1.3895,565.6792834,66.92045161,8.623999596,37,23°10' N,112°32' E,"This study; Zhu, 2013, Plant, Cell & Environment; Zhu, 2018, Tree Physiology",Guangdong Province,China
1236 ,Ang,Malvaceae,Helicteres heptandra,,,,,0.57 ,,1.950000008,26.56 ,879.00 ,1.02707824,0.5112,59.08015702,114.9634108,20.78000069,2,3°47'S,39°16'W,"Lima, 2018, New Phytologist",northeastern Brazil,Brazil
1626 ,Ang,Malvaceae,Heliocarpus pallidus,,2.64 ,,59.84 ,0.55 ,,2.533333361,25.07 ,999.00 ,NA,0.4434,207.0734595,111.2129666,17.13199997,2,19°29'N,105°02'W,"Mendez-Alonzo, 2013, Trees-Structure and Function",the Pacific coast of Jalisco,Mexico
2341 ,Ang,Malvaceae,Heritiera sumatrana,-1.69 ,,,,,,1.99999999,27.24 ,3207.00 ,0.836012663,2.0385,46.08495796,23.65472986,22.54400063,198,4°40' N,114°31' E,"Tyree, 1998, Tree Physiology",Andalau,Brunei
362 ,Gym,Cupressaceae,Hesperocyparis pygmaea,-7.10 ,0.45 ,0.17 ,11.20 ,,15.80 ,3.933333357,11.59 ,1129.00 ,NA,1.1164,251.5002013,83.13214918,2.641176462,4,39°23'N,123°49'W,"Cary & Pittermann, 2018, American Journal of Botany; Cary, 2020, New Phytologist",,USA
1092 ,Ang,Rosaceae,Heteromeles arbutifolia,-6.32 ,2.26 ,,26.41 ,0.61 ,,3.633333345,16.29 ,426.00 ,1.125048534,0.4043,426.7080897,99.9189354,5.268000126,1,34°06' N,118°39' W,"Jacobsen, 2007c, Ecological Monographs; Jarbeau, 1995, Plant, Cell and Environment",Southern California,USA
1100 ,Ang,Rosaceae,Heteromeles arbutifolia,-4.37 ,0.89 ,,21.40 ,0.70 ,,3.416666627,14.47 ,374.00 ,1.453334251,0.2615,669.9579101,94.28395293,-0.555999994,2,34°40' N,118°26' W,"Jacobsen, 2016, Plant, Cell and Environment",California,USA
1789 ,Ang,Rosaceae,Heteromeles arbutifolia,-2.80 ,0.85 ,0.30 ,,0.61 ,,2.800000012,17.37 ,335.00 ,1.184487994,0.2555,500.2328626,87.24346036,3.43599987,2,33°29' N,117°09' W,"Pivovaroff, 2014, New Phytologist",Southern California,USA
1904 ,Ang,Rosaceae,Heteromeles arbutifolia,-4.19 ,,,,,,3.566666702,16.15 ,341.00 ,0.682563246,0.3127,321.3511065,99.04029823,7.554166794,1,33°24'N,118°24'W,"Ramirez, 2020, Conservation Physiology",California,USA
1914 ,Ang,Rosaceae,Heteromeles arbutifolia,-5.96 ,,,,,,3.033333361,15.72 ,443.00 ,1.235994051,0.4577,514.632028,90.34097219,2.019999981,2,33°39'N,117°24'W,"Ramirez, 2020, Conservation Physiology",California,USA
711 ,Ang,Malvaceae,Hibiscus sp.,,9.20 ,1.33 ,,,,2.708333333,26.29 ,2977.00 ,NA,2.331,43.33440365,34.52594325,21.56999969,117,5°08' S,145°41' E,"Feild & Balun, 2008, New Phytologist",20 km north of Madang,Papua New Guinea
1108 ,Ang,Malvaceae,Hibiscus tiliaceus,-2.74 ,0.89 ,1.59 ,121.43 ,0.49 ,,2.833333353,22.64 ,2301.00 ,0.587819246,1.8989,541.3383096,89.03357105,11.68000031,33,21° 34? N,108° 08? E,"Jiang, 2017, Tree Physiology",Guangxi province,China
2941 ,Ang,Malvaceae,Hibiscus tiliaceus,-2.74 ,,,,,,3.216666639,24.54 ,1745.00 ,0.697412468,1.3928,390.1725221,69.8213515,15.09599972,24,19°38'N,110°47'E,"Zhu, 2018, Tree Physiology",Hainan province,China
1333 ,Ang,Elaeagnaceae,Hippophae rhamnoides,,1.67 ,0.49 ,,0.62 ,3.00 ,2.691666663,-0.05 ,665.00 ,0.355473692,0.8908,726.8398641,87.44356515,-16.45999908,2,34°19'N,102°44'E,"Liu, 2019, Science Advances",,China
2243 ,Ang,Elaeagnaceae,Hippophae rhamnoides,,1.67 ,0.53 ,,0.62 ,,2.24999996,2.97 ,569.00 ,0.37155782,0.6592,787.7826325,89.13040335,-15.11999989,1,34°59'N,102°54'E,"This study; Zhu, 2018, Tree Physiology",Gansu province,China
2486 ,Ang,Elaeagnaceae,Hippophae rhamnoides,,,0.37 ,,,,2.691666643,2.55 ,774.00 ,6.982331523,0.9977,653.3985796,96.99491164,-11.75199986,2,29°28'N,101°32'E,"Xu, 2020, New Phytologist",Sichuan province,China
2497 ,Ang,Elaeagnaceae,Hippophae rhamnoides,,,0.61 ,,,,2.816666643,2.32 ,776.00 ,6.982331523,1.0537,659.7644595,96.74401021,-12.15600014,2,29°27'N,101°36'E,"Xu, 2020, New Phytologist",Sichuan province,China
3189 ,Ang,Elaeagnaceae,Hippophae rhamnoides ssp. sinensis,,,,,,3.00 ,3.408333361,-7.95 ,440.00 ,7.490148154,0.5885,947.286219,103.4645022,-27.09199905,2,38°9' N,100°24' E,"???, 2019, ????",??,China
2781 ,Ang,Elaeagnaceae,Hippophae rhamnoides  ,,,0.36 ,14.10 ,,,2.141666661,9.62 ,592.00 ,0.661215941,0.635,902.384731,79.18673104,-9.227999687,4,35°09'N,108°45'E,"Yin, 2019, Forests",Shaanxi Province,China
566 ,Ang,Fabaceae,Holocalyx balansae,,,,,0.83 ,,2.425000012,20.61 ,1758.00 ,0.818603122,1.0689,358.7544802,17.00330333,9.584000587,107,25°42'S,54°29'W,"di Francescantonio, 2020, Fuctional Plant Biology",Misiones province,Argentina
1359 ,Ang,Fabaceae,Holocalyx balansae,-1.04 ,1.98 ,0.45 ,,0.79 ,22.90 ,2.366666635,20.36 ,1765.00 ,0.818603122,1.0864,359.0264792,17.9971639,9.279999733,110,25°37' S,54°20' W,"Liu, 2019, Science Advances; Carrasco, 2013, Acta Horticultrae",northern Argentina,Argentina 
2418 ,Ang,Rosaceae,Holodiscus dumosus,-3.53 ,,,23.00 ,,,3.12499998,7.42 ,494.00 ,1.007528871,0.5303,842.2885333,18.36524204,-9.472000122,27,40°15' N,111°37' W,"Wheeler, 2005, Plant, Cell and Environment","Salt Lake City, Utah (UT)",USA
712 ,Ang,Euphorbiaceae,Homalanthus novoguinensis,,3.87 ,0.91 ,,,,2.708333333,26.29 ,2977.00 ,NA,2.331,43.33440365,34.52594325,21.56999969,117,5°08' S,145°41' E,"Feild & Balun, 2008, New Phytologist",20 km north of Madang,Papua New Guinea
2966 ,Ang,Flacourtiaceae,Homalium cochinchinense,-3.16 ,,,,,,1.866666645,20.60 ,1835.00 ,0.759396395,1.4258,565.6792834,66.92045161,8.623999596,37,23°10'N,112°31'E,"Zhu, 2018, Tree Physiology",Guangdong Province,China
2330 ,Ang,Flacourtiaceae,Homalium moultonii,-6.30 ,,,,,,1.808333327,27.33 ,3096.00 ,0.808628976,2.0808,45.1874726,24.42523653,22.56800079,192,4°34' N,114°25' E,"Tyree, 1998, Tree Physiology",Badas,Brunei
1024 ,Ang,Dipterocarpaceae,Hopea ferrea,,0.87 ,0.94 ,13.30 ,1.01 ,25.00 ,1.291666667,25.44 ,1130.00 ,1.047529165,0.7709,185.8427323,76.9457581,16.31999969,3,14°29'N,101°55'E,"Ishida, 2010, Tree Physiology",,Thailand
682 ,Ang,Myristicaceae,Horsfieldia kingii,,,,122.50 ,0.54 ,15.83 ,1.266666651,21.56 ,1641.00 ,0.894353661,0.9726,335.0943307,76.6728934,11.23200035,16,21°41' N,101°25' E,"Fan, 2012, Journal of Ecology",Yunnan Province,China
713 ,Ang,Myristicaceae,Horsfieldia sp.,,1.45 ,0.74 ,,,,2.708333333,26.29 ,2977.00 ,NA,2.331,43.33440365,34.52594325,21.56999969,117,5°08' S,145°41' E,"Feild & Balun, 2008, New Phytologist",20 km north of Madang,Papua New Guinea
1950 ,Ang,Hernandiaceae,Humiriastrum diguense,,,,,0.58 ,,1.974999984,26.20 ,2501.00 ,0.620433427,2.4056,55.1326178,61.10977054,22.31999969,24,9°17' N,79°58' W,"Santiago, 2004, Oecologia",near the Caribbean coast of Panama,Panama
1379 ,Ang,Violaceae,Hybanthus prunifolius,-2.60 ,0.11 ,0.11 ,,,,1.608333349,26.51 ,2440.00 ,0.651162324,1.8771,63.25839735,64.44993932,22.71999931,16,9°10' N,79°51' W,"Lopez, 2005, Tree Physiology",Barro Colorado Island (BCI),Panama
2455 ,Ang,Hydrangeaceae,Hydrangea anomala,,0.25 ,0.73 ,,0.42 ,,2.308333327,5.61 ,751.00 ,2.957267348,0.6981,607.8590627,99.25253833,-9.423999786,2,29°23'N,101°01'E,"Xu, 2020, New Phytologist",Sichuan province,China
2648 ,Ang,Hydrangeaceae,Hydrangea robusta,,0.44 ,1.61 ,,0.61 ,,2.074999998,3.00 ,858.00 ,6.066549556,0.9714,635.2643433,90.25313014,-10.72399998,8,29°35'N,102°02'E,"Xu, 2020, New Phytologist",Sichuan province,China
2690 ,Ang,Hydrangeaceae,Hydrangea strigosa,,1.27 ,0.63 ,,0.55 ,,1.649999996,12.79 ,928.00 ,6.066549556,0.8259,567.4750116,90.2711391,-1.203999996,9,29°39'N,102°06'E,"Xu, 2020, New Phytologist",Sichuan province,China
2730 ,Ang,Hydrangeaceae,Hydrangea xanthoneura,,0.88 ,0.82 ,,0.42 ,,1.299999992,13.24 ,983.00 ,2.92760473,0.7174,576.9135477,90.39955827,-0.60799998,10,29°26'N,102°10'E,"Xu, 2020, New Phytologist",Sichuan province,China
1503 ,Ang,Fabaceae,Hymenaea courbalil,,6.30 ,0.69 ,,0.58 ,,2.950000008,24.77 ,1143.00 ,0.998740338,0.6171,167.8732009,62.51391847,16.2159996,16,16°07' S,61°43' W,"Markesteijn et al, 2011a, 2011b","Near Conception, Santa Cruz",Bolivia
285 ,Ang,Fabaceae,Hymenaea courbaril,-3.00 ,2.40 ,0.93 ,,,,3.325000008,26.46 ,1746.00 ,0.996001165,1.0501,77.51506781,91.484941,21.35199928,1,10°52' N,85°34' W,"Brodribb, 2002, Plant Cell and Environment; Brodribb, 2003, Plant Cell and Environment", the Northern Pacific coast,Costa Rica
N42,Ang,Fabaceae,Hymenaea courbaril,,6.42 ,0.30 ,,0.84 ,,3.533333381,26.60 ,1633.00 ,1.163631518,1.0017,80.14568299,93.82169736,21.43599892,2,10°43?31.39?N,85°35?46.99?W,"Vargas, 2021, New Phytologist",Horizontes,Costa Rica
1000 ,Ang,Fabaceae,Hymenaea martiana,-2.80 ,2.94 ,0.68 ,,0.56 ,,1.816666663,20.44 ,1516.00 ,0.963975451,1.09,123.7480541,79.60995496,11.52799988,8,15°56' S,47°53' W,"Hao, 2008, Oecologia",35 km south of Brasilia,Brasil
1001 ,Ang,Fabaceae,Hymenaea stignocarpa,-3.17 ,3.59 ,0.56 ,,0.72 ,,1.816666663,20.44 ,1516.00 ,0.963975451,1.09,123.7480541,79.60995496,11.52799988,8,15°56' S,47°53' W,"Hao, 2008, Oecologia",35 km south of Brasilia,Brasil
1075 ,Ang,Asteraceae,Hymenoclea salsola,-1.89 ,1.60 ,,28.65 ,0.69 ,0.75 ,3.841666718,17.80 ,125.00 ,1.931995772,0.0829,770.9042762,72.94623604,0.100000001,1,35°20' N,117°59' W,"Jacobsen, 2007b, Plant, Cell and Environment; Jacobsen, 2008, New Phytologist; Hacke, 2009, Plant, Cell and Environment",Southern California,USA
2851 ,Ang,Hypericaceae,Hypericum monogynum,-1.60 ,3.54 ,1.31 ,,0.59 ,,1.575000008,21.79 ,1244.00 ,0.682104923,0.9054,514.7271923,76.36396698,9.815999985,19,22°07'N,106°45'E,"Zhang, 2021, Functional Ecology",Guangxi province,China
1176 ,Ang,Salicaceae,Idesia polycarpa,-4.47 ,2.01 ,,,0.57 ,,2.208333323,17.35 ,1684.00 ,0.676074042,1.5223,844.751388,58.67976924,1.547999978,45,29°05'N,117°55'E,"Kröber, 2014, PloS one",Jiangxi province,China
2077 ,Ang,Calycanthaceae,Idiospermum australiense,-0.62 ,,,,,,4.774999936,24.86 ,2201.00 ,NA,1.511,236.9006522,93.74345135,17.32727242,26,16°53' S,145°45' E,"Sperry, 2007, International Journal of Plant Sciences",Queensland,Australia
1530 ,Ang,Aquifoliaceae,Ilex aquifolium,-6.60 ,0.17 ,0.21 ,8.42 ,,5.00 ,3.466666679,12.32 ,601.00 ,0.758594782,0.6892,623.9790215,30.20544711,-1.419999957,19,41°13' N,0°55' E,"Martinez-Vilalta, 2002, Oecologia",Prades,Spain
2891 ,Ang,Aquifoliaceae,Ilex asprella,-1.82 ,1.20 ,,,0.55 ,,2.391666651,22.44 ,2177.00 ,0.679918148,1.613,520.8183658,75.162042,11.56799984,28,22°34' N,112°50' E,"Zhu, 2017, Forest Ecology and Management",Guangdong Province,China
2967 ,Ang,Aquifoliaceae,Ilex asprella,-1.82 ,,,,,,1.866666645,20.60 ,1835.00 ,0.759396395,1.4258,565.6792834,66.92045161,8.623999596,37,23°10'N,112°31'E,"Zhu, 2018, Tree Physiology",Guangdong Province,China
2968 ,Ang,Aquifoliaceae,Ilex chapaensis,-4.08 ,,,,,,1.866666645,20.60 ,1835.00 ,0.759396395,1.4258,565.6792834,66.92045161,8.623999596,37,23°10'N,112°31'E,"Zhu, 2018, Tree Physiology",Guangdong Province,China
636 ,Ang,Aquifoliaceae,Ilex chinensis,-2.84 ,0.29 ,0.53 ,,,,1.708333333,15.31 ,1184.00 ,0.558582058,1.1298,632.1588893,75.233605,1.911999941,18,26°15' N,105°44' E,"Fan, 2011, Tree Physiology",Guizhou Province,China
1291 ,Ang,Aquifoliaceae,Ilex chinensis,,1.09 ,,,0.55 ,,2.383333345,16.19 ,1749.00 ,0.606894284,1.7554,831.410251,57.04453011,1.052000046,44,29°15' N,118°07' E,"Liu, 2016, Ecology",Zhejiang province,China
2969 ,Ang,Aquifoliaceae,Ilex cochinchinensis,-3.94 ,,,,,,1.866666645,20.60 ,1835.00 ,0.759396395,1.4258,565.6792834,66.92045161,8.623999596,37,23°10'N,112°31'E,"Zhu, 2018, Tree Physiology",Guangdong Province,China
2138 ,Ang,Aquifoliaceae,Ilex corallina,,0.35 ,0.51 ,,0.63 ,,1.708333333,15.31 ,1184.00 ,0.558582058,1.1298,632.1588893,75.233605,1.911999941,18,26°15'N,105°80'E,This study,Guizhou Province,China
2731 ,Ang,Aquifoliaceae,Ilex corallina,,0.99 ,0.62 ,,0.94 ,,1.299999992,13.24 ,983.00 ,2.92760473,0.7174,576.9135477,90.39955827,-0.60799998,10,29°26'N,102°10'E,"Xu, 2020, New Phytologist",Sichuan province,China
1292 ,Ang,Aquifoliaceae,Ilex elmerriliana,,0.50 ,,,0.57 ,,2.383333345,16.19 ,1749.00 ,0.606894284,1.7554,831.410251,57.04453011,1.052000046,44,29°15' N,118°07' E,"Liu, 2016, Ecology",Zhejiang province,China
2667 ,Ang,Aquifoliaceae,Ilex fragilis,,0.79 ,1.20 ,,0.48 ,,1.908333331,7.08 ,884.00 ,6.066549556,0.9004,638.6576091,89.54447083,-7.079999924,8,29°35'N,102°03'E,"Xu, 2020, New Phytologist",Sichuan province,China
2649 ,Ang,Aquifoliaceae,Ilex macrocarpa,,0.97 ,0.69 ,,0.43 ,,2.074999998,3.00 ,858.00 ,6.066549556,0.9714,635.2643433,90.25313014,-10.72399998,8,29°35'N,102°02'E,"Xu, 2020, New Phytologist",Sichuan province,China
2544 ,Ang,Aquifoliaceae,Ilex pernyi,,0.45 ,0.34 ,,0.58 ,,2.091666649,3.70 ,847.00 ,15.35548757,0.9333,618.9011041,93.37889157,-9.944000244,5,29°25'N,101°55'E,"Xu, 2020, New Phytologist",Sichuan province,China
2668 ,Ang,Aquifoliaceae,Ilex pernyi,,0.17 ,0.30 ,,0.61 ,,1.908333331,7.08 ,884.00 ,6.066549556,0.9004,638.6576091,89.54447083,-7.079999924,8,29°35'N,102°03'E,"Xu, 2020, New Phytologist",Sichuan province,China
2970 ,Ang,Aquifoliaceae,Ilex triflora,-1.28 ,,,,,,1.866666645,20.60 ,1835.00 ,0.759396395,1.4258,565.6792834,66.92045161,8.623999596,37,23°10'N,112°31'E,"Zhu, 2018, Tree Physiology",Guangdong Province,China
116 ,Ang,Aquifoliaceae,Ilex verticillata,-4.63 ,,,21.01 ,,,3.833333294,10.63 ,931.00 ,0.535576411,0.8863,1007.499523,25.89485173,-10.4119997,42,40°25'N,86°54'W,"Avila, 2021, Physiologia Plantarum","West Lafayette, Indiana",USA
2650 ,Ang,Aquifoliaceae,Ilex yunnanensis,,0.45 ,0.74 ,,0.92 ,,2.074999998,3.00 ,858.00 ,6.066549556,0.9714,635.2643433,90.25313014,-10.72399998,8,29°35'N,102°02'E,"Xu, 2020, New Phytologist",Sichuan province,China
2669 ,Ang,Aquifoliaceae,Ilex yunnanensis,,0.48 ,0.38 ,,0.45 ,,1.908333331,7.08 ,884.00 ,6.066549556,0.9004,638.6576091,89.54447083,-7.079999924,8,29°35'N,102°03'E,"Xu, 2020, New Phytologist",Sichuan province,China
2073 ,Ang,Illiciaceae,Illicium anisatum,-3.66 ,,,,,,2.199999968,15.16 ,1644.00 ,0.622843934,1.5799,859.4437727,44.76787474,-0.624000013,58,35° N,135°46' E,"Sperry, 2007, International Journal of Plant Sciences",Kyoto,Japan
2068 ,Ang,Illiciaceae,Illicium floridanum,-3.28 ,,,,,,3.083333333,20.91 ,1606.00 ,0.808569721,1.1316,617.9046303,16.67665193,7.039999962,79,29°57' N,90°04' W,"Sperry, 2007, International Journal of Plant Sciences",Louisiana,USA
2691 ,Ang,Fabaceae,Indigofera szechuensis,,1.44 ,1.23 ,,0.72 ,,1.649999996,12.79 ,928.00 ,6.066549556,0.8259,567.4750116,90.2711391,-1.203999996,9,29°39'N,102°06'E,"Xu, 2020, New Phytologist",Sichuan province,China
1928 ,Ang,Fabaceae,Inga alba,-3.62 ,8.07 ,0.55 ,,0.66 ,,1.724999984,26.11 ,2200.00 ,0.714118781,1.282,47.26106932,58.15009262,20.47200012,48,1°43'S,51°27'W,"Rowland, 2020, New Phytologist",eastern Amazonia,Brazil
1929 ,Ang,Fabaceae,Inga capitata,,7.76 ,0.53 ,,,,1.724999984,26.11 ,2200.00 ,0.714118781,1.282,47.26106932,58.15009262,20.47200012,48,1°43'S,51°27'W,"Rowland, 2020, New Phytologist",eastern Amazonia,Brazil
1930 ,Ang,Fabaceae,Inga gracilifolia,-2.02 ,4.20 ,1.57 ,,0.77 ,,1.724999984,26.11 ,2200.00 ,0.714118781,1.282,47.26106932,58.15009262,20.47200012,48,1°43'S,51°27'W,"Rowland, 2020, New Phytologist",eastern Amazonia,Brazil
1931 ,Ang,Fabaceae,Inga rubiginosa,-1.60 ,1.22 ,1.50 ,,0.75 ,,1.724999984,26.11 ,2200.00 ,0.714118781,1.282,47.26106932,58.15009262,20.47200012,48,1°43'S,51°27'W,"Rowland, 2020, New Phytologist",eastern Amazonia,Brazil
1932 ,Ang,Fabaceae,Inga rubiginosa,,8.87 ,1.21 ,,0.64 ,,1.724999984,26.11 ,2200.00 ,0.714118781,1.282,47.26106932,58.15009262,20.47200012,48,1°43'S,51°27'W,"Rowland, 2020, New Phytologist",eastern Amazonia,Brazil
1933 ,Ang,Fabaceae,Inga sp.,,7.05 ,1.95 ,,0.72 ,,1.724999984,26.11 ,2200.00 ,0.714118781,1.282,47.26106932,58.15009262,20.47200012,48,1°43'S,51°27'W,"Rowland, 2020, New Phytologist",eastern Amazonia,Brazil
2371 ,Ang,Fabaceae,Inga vera,-3.90 ,3.33 ,0.65 ,,,,1.650000006,26.79 ,2330.00 ,0.716664737,1.3739,67.82329313,69.04398102,22.50799942,19,9°10'N,79°07'W,"van der Sande, 2013, Oecologia",Isthmus of Panama,Panama
1723 ,Ang,Myristicaceae,Iryanthera juruensis,-0.67 ,,,,,,1.141666691,26.88 ,2216.00 ,0.839025411,1.3428,52.339996,49.8643603,22.24399948,59,03°08'S,59°53'W,"Oliveire, 2019, New Phytologist",Manaus,Brazil
3072 ,Ang,Myristicaceae,Iryanthera sagotiana,-3.69 ,,,,,,2.158333331,25.74 ,2796.00 ,0.649499163,1.8807,45.73945121,49.59006205,21.01600075,68,5°16'N,52°55'W,"Ziegler, 2019, Annals of Forest Science","Guiana Shield, French Guiana",France (overseas territories)
1724 ,Ang,Myristicaceae,Iryanthera ulei,-0.56 ,,,,,,1.141666691,26.88 ,2216.00 ,0.839025411,1.3428,52.339996,49.8643603,22.24399948,59,03°08'S,59°53'W,"Oliveire, 2019, New Phytologist",Manaus,Brazil
2392 ,Ang,Fabaceae,Isoberlinia angolensis,-1.95 ,1.33 ,,26.00 ,,,3.066666683,19.78 ,1236.00 ,1.01444953,0.7264,259.8332745,113.2747069,5.624000072,0,12°49' S,28°22' E,"Vinya, 2013, Oecologia",Kitwe City,Zambia 
1076 ,Ang,Capparaceae,Isomeris arborea,-2.35 ,0.34 ,,17.73 ,0.61 ,1.00 ,3.841666718,17.80 ,125.00 ,1.931995772,0.0829,770.9042762,72.94623604,0.100000001,1,35°20' N,117°59' W,"Jacobsen, 2007b, Plant, Cell and Environment; Jacobsen, 2008, New Phytologist; Hacke, 2009, Plant, Cell and Environment",Southern California,USA
2331 ,Ang,Sapotaceae,Isonandra lanceolata,-0.48 ,,,,,,1.808333327,27.33 ,3096.00 ,0.808628976,2.0808,45.1874726,24.42523653,22.56800079,192,4°34' N,114°25' E,"Tyree, 1998, Tree Physiology",Badas,Brunei
443 ,Ang,Proteaceae,Isopogon anemonifolius,,0.23 ,0.09 ,,,,2.699999988,11.40 ,1076.00 ,0.615049716,0.8722,433.5529752,21.55849705,0.5,63,33°59'S,150°07'E,"Choat, 2011, New Phytologist",south-eastern Australia,Australia
1655 ,Ang,Proteaceae,Isopogon axillaris,,0.51 ,0.01 ,16.14 ,0.81 ,,3.441666683,16.82 ,359.00 ,1.116587761,0.2473,521.4274796,49.21736532,2.692000151,11,32°19' S,117°52' E,"Mitchell, 2008, Oecologia",Western Australia,Australia
1654 ,Ang,Proteaceae,Isopogon gardneri,-3.75 ,0.65 ,0.10 ,15.02 ,0.92 ,,3.441666683,16.82 ,359.00 ,1.116587761,0.2473,521.4274796,49.21736532,2.692000151,11,32°19' S,117°52' E,"Mitchell, 2008, Oecologia",Western Australia,Australia
653 ,Ang,Iteaceae,Itea chinensis,-2.54 ,0.45 ,0.32 ,,,,1.708333333,15.31 ,1184.00 ,0.558582058,1.1298,632.1588893,75.233605,1.911999941,18,26°15' N,105°44' E,"Fan, 2011, Tree Physiology; Fan, 2018, Forest Ecosystems",Guizhou Province,China
2139 ,Ang,Iteaceae,Itea yunnanensis,,0.29 ,0.38 ,,0.65 ,,1.708333333,15.31 ,1184.00 ,0.558582058,1.1298,632.1588893,75.233605,1.911999941,18,26°15'N,105°80'E,This study,Guizhou Province,China
2971 ,Ang,Rubiaceae,Ixora chinensis,-1.48 ,,,,,,1.866666645,20.60 ,1835.00 ,0.759396395,1.4258,565.6792834,66.92045161,8.623999596,37,23°10'N,112°31'E,"Zhu, 2018, Tree Physiology",Guangdong Province,China
819 ,Ang,Rubiaceae,Ixora timorensis,,2.40 ,0.90 ,28.52 ,0.52 ,6.00 ,4.891666691,23.63 ,2084.00 ,0.865874479,1.3729,289.0695581,88.38712088,14.96000004,29,18°24' S,146°6' E,"Gleason, 2012, Functional Ecology",Queensland,Australia
1155 ,Ang,Bignoniaceae,Jacaranda mimosifolia,,1.90 ,,101.00 ,,5.00 ,3.016666691,19.72 ,692.00 ,0.900344312,0.4632,115.555556,73.90494713,12.73600006,11,1°19' S,36°55' E,"Kondoh, 2006, Tree Physiology","Tiva, Kitiui Prefecture",Kenya
884 ,Ang,Fabaceae,Jacksonia scoparia,,1.13 ,0.28 ,25.85 ,0.68 ,3.00 ,2.458333313,16.28 ,874.00 ,0.857961244,0.5743,450.6347406,33.16001174,4,38,32°47' S,150°55' E,"Gleason, 2012, Functional Ecology; Blackman, 2014, Annals of Botany","New South Wales, Eastern Australia",Australia
1640 ,Ang,Euphorbiaceae,Jatropha bullockii,,,,68.39 ,0.27 ,,2.533333361,25.07 ,999.00 ,NA,0.4434,207.0734595,111.2129666,17.13199997,2,19°29'N,105°02'W,"Mendez-Alonzo, 2013, Trees-Strucyture and Function",the Pacific coast of Jalisco,Mexico
1111 ,Ang,Juglandaceae,Juglans ailantifolia,-1.91 ,,,66.20 ,,,2.37500002,12.62 ,965.00 ,0.625251096,0.8941,551.6174442,19.66217053,0.096000001,53,44° 44'  N,0° 17' E,"Jinagool, 2018, Hortscience",Southwestern France,France
1112 ,Ang,Juglandaceae,Juglans cinerea,-1.89 ,,,62.03 ,,,2.37500002,12.62 ,965.00 ,0.625251096,0.8941,551.6174442,19.66217053,0.096000001,53,44° 44'  N,0° 17' E,"Jinagool, 2018, Hortscience",Southwestern France,France
1113 ,Ang,Juglandaceae,Juglans hindsii,-2.16 ,,,67.20 ,,,2.37500002,12.62 ,965.00 ,0.625251096,0.8941,551.6174442,19.66217053,0.096000001,53,44° 44'  N,0° 17' E,"Jinagool, 2018, Hortscience",Southwestern France,France
1114 ,Ang,Juglandaceae,Juglans mandshurica,-1.99 ,,,66.34 ,,,2.37500002,12.62 ,965.00 ,0.625251096,0.8941,551.6174442,19.66217053,0.096000001,53,44° 44'  N,0° 17' E,"Jinagool, 2018, Hortscience",Southwestern France,France
1265 ,Ang,Juglandaceae,Juglans mandshurica,-2.60 ,10.97 ,2.39 ,60.99 ,0.41 ,7.43 ,1.841666669,3.27 ,661.00 ,0.432660541,0.799,1257.058799,95.56655616,-21.12800026,5,42°24'N,128°28'E,"Liu, 2015, Tree Physiology; Liu, 2019, Science Advances; Song, 2018, Forest Ecology and Management; Yang, 2019, Tree Physiology",Jilin province,China
2456 ,Ang,Juglandaceae,Juglans mandshurica,,2.03 ,1.80 ,,0.31 ,,2.308333327,5.61 ,751.00 ,2.957267348,0.6981,607.8590627,99.25253833,-9.423999786,2,29°23'N,101°01'E,"Xu, 2020, New Phytologist",Sichuan province,China
2732 ,Ang,Juglandaceae,Juglans mandshurica,,0.70 ,1.75 ,,0.33 ,,1.299999992,13.24 ,983.00 ,2.92760473,0.7174,576.9135477,90.39955827,-0.60799998,10,29°26'N,102°10'E,"Xu, 2020, New Phytologist",Sichuan province,China
3125 ,Ang,Juglandaceae,Juglans mandshurica,,5.37 ,1.96 ,,,,3.516666671,2.79 ,594.00 ,0.46329067,0.8569,1416.032805,107.0789385,-24.60400009,3,45°24´N,127°40´E,"??, 2017, ??????; Jin, 2016, Functional Plant Biology",Heilongjiang province ,China
1115 ,Ang,Juglandaceae,Juglans microcarpa,-1.99 ,,,60.95 ,,,2.37500002,12.62 ,965.00 ,0.625251096,0.8941,551.6174442,19.66217053,0.096000001,53,44° 44'  N,0° 17' E,"Jinagool, 2018, Hortscience",Southwestern France,France
1116 ,Ang,Juglandaceae,Juglans nigra,-2.04 ,,,63.38 ,,,2.37500002,12.62 ,965.00 ,0.625251096,0.8941,551.6174442,19.66217053,0.096000001,53,44° 44'  N,0° 17' E,"Jinagool, 2018, Hortscience",Southwestern France,France
409 ,Ang,Juglandaceae,Juglans regia,-2.30 ,3.71 ,0.57 ,52.05 ,0.45 ,,2.791666687,12.90 ,750.00 ,0.833278615,0.7018,1029.416139,109.3542796,-7.93599987,8,35°46'N,117°47'E,"Chen, 2019, 2020, 2021, Tree Physiology","Xintai, Shandong province",China
496 ,Ang,Juglandaceae,Juglans regia,-2.22 ,,,,,10.00 ,2.699999988,11.29 ,598.00 ,0.592509912,0.6645,603.3775522,38.21785488,-2.052000046,27,45°47' N,3°09' E,"Cochard, 2005, Cochard, Physiologia Plantarum; Cochard, 2002, Plant Physiology",Clermont-Ferrand,France
1117 ,Ang,Juglandaceae,Juglans regia,-2.00 ,,,66.17 ,,,2.37500002,12.62 ,965.00 ,0.625251096,0.8941,551.6174442,19.66217053,0.096000001,53,44° 44'  N,0° 17' E,"Jinagool, 2018, Hortscience",Southwestern France,France
2393 ,Ang,Fabaceae,Julbernardia paniculata,-2.24 ,1.15 ,,27.00 ,,,3.066666683,19.78 ,1236.00 ,1.01444953,0.7264,259.8332745,113.2747069,5.624000072,0,12°49' S,28°22' E,"Vinya, 2013, Oecologia",Kitwe City,Zambia 
2431 ,Gym,Cupressaceae,Juniperus arizonica,-13.80 ,0.22 ,,,0.62 ,,3.483333309,16.09 ,272.00 ,1.802457282,0.1586,764.9405196,79.75092423,-2.676000118,4,35°10' N,107°36' W,"Willson, 2008, American Journal of Botany",New Mexico,USA
1135 ,Gym,Cupressaceae,Juniperus ashei,-13.10 ,0.13 ,,,,5.10 ,3.883333286,18.49 ,684.00 ,1.197539008,0.4573,760.107241,32.5724789,1.268000007,32,31°19' N,98°35' W,"Johnson, 2016, Tree physiology; Johnson, 2018, Functional Ecology","Bend, TX",USA
1582 ,Gym,Cupressaceae,Juniperus ashei,-13.41 ,0.20 ,,,,,3.99999998,17.96 ,600.00 ,1.300554698,0.3702,737.0400322,40.15801859,0.483999997,25,30°55' N,99°54' W,"McElrone, 2004, New Phytologist",Texas ,USA
2434 ,Gym,Cupressaceae,Juniperus ashei,-13.10 ,0.36 ,,,0.64 ,,3.583333313,19.83 ,836.00 ,1.122055891,0.5729,707.6184251,34.02830914,4.115999699,47,30°22' N,97°45' W,"Willson, 2008, American Journal of Botany","Austin, Texas",USA
2439 ,Gym,Cupressaceae,Juniperus barbadensis,-12.80 ,0.39 ,,,0.58 ,,4.583333353,25.98 ,2095.00 ,NA,1.4907,85.76645863,43.10984962,21.8235302,84,13°50' N,61°03' W,"Willson, 2008, American Journal of Botany",Petit Piton,St. Lucia
533 ,Gym,Cupressaceae,Juniperus chinensis,-6.54 ,,,8.47 ,,7.32 ,2.199999988,10.34 ,439.00 ,0.837276485,0.4003,1058.052428,105.8021687,-12.22000027,3,37°26?N,112°32?E,"Dai, 2020, Plant Physiology and Biochemistry",Shanxi provience,China
190 ,Gym, Cupressaceae ,Juniperus communis,-6.24 ,0.52 ,0.24 ,,,3.00 ,1.866666675,7.87 ,1118.00 ,0.369855718,1.1405,676.3905651,38.39554791,-6.239999771,57,47°19' N,11°06' E,"Beikircher, 2008, Plant, Cell and Environment","Telfs, Tyrol",Austria
513 ,Gym,Cupressaceae,Juniperus communis,-6.37 ,,,17.36 ,0.57 ,3.00 ,4.833333373,10.34 ,834.00 ,0.609331423,0.8196,612.7969217,25.04368791,-3.555999994,35,43°57' N,3°13' E,"Cochard, 2006, Comptes Rendus Physique",Larzac,France
1555 ,Gym,Cupressaceae,Juniperus communis,-5.66 ,0.13 ,,8.18 ,0.58 ,0.50 ,3.25,2.43 ,1107.00 ,0.426773122,2.75,594.6975675,31.45891948,-8.616000175,55,47°11' N,11°19' E,"Mayr, 2006, Ecology",Tyrol,Austria
1560 ,Gym,Cupressaceae,Juniperus communis,-6.43 ,0.37 ,,6.82 ,0.68 ,2.00 ,1.691666643,7.83 ,1029.00 ,0.366518153,1.0239,660.2526953,39.80209236,-5.599999905,48,47°16' N,11°22' E,"Mayr, 2006, Ecology",Tyrol,Austria
1700 ,Gym,Cupressaceae,Juniperus communis,-5.96 ,,,,,,1.599999984,8.57 ,979.00 ,0.366518153,1.0239,674.2515165,40.48312633,-5.248000145,46,47°16' N,11°24' E,"Nolf, 2015b, New Phytologist",Innsbruck,Austria
2299 ,Gym,Cupressaceae,Juniperus communis,-3.60 ,0.25 ,0.21 ,10.29 ,,2.00 ,2.858333349,13.54 ,849.00 ,0.662581357,0.8832,652.6431961,30.90367526,0.400000006,32,43°26' N,10°42' E,"Tognetti, 2001, Australian Journal of Plant Physiology",Lajatico,Italy
2354 ,Gym,Cupressaceae,Juniperus communis,-6.77 ,0.56 ,,,,0.50 ,1.825000018,7.83 ,1029.00 ,0.366518153,1.1501,660.2526953,39.80209236,-5.599999905,48,47°17' N,11°22' E,"Unterholzner, 2020, Tree Physiology",north of Innsbruck,Austria
2440 ,Gym,Cupressaceae,Juniperus deppeana,-8.30 ,0.23 ,0.13 ,8.75 ,0.54 ,,3.349999984,8.61 ,489.00 ,0.95644914,0.416,781.5262683,39.63626142,-12.18400002,10,35°10' N,111°31' W,"Willson, 2008, American Journal of Botany; Willson & Jackson, 2006, Physiologia Plantarum",Arizona,USA
2433 ,Gym,Cupressaceae,Juniperus flaccida,-7.80 ,0.50 ,,,0.61 ,,4.208333353,15.93 ,465.00 ,1.783948992,0.3483,556.9019549,75.90593583,1.200000048,9,29°16' N,103°16' W,"Willson, 2008, American Journal of Botany",Texas,USA
2437 ,Gym,Cupressaceae,Juniperus lucayana,-8.30 ,0.71 ,,,0.63 ,,2.649999976,19.39 ,2129.00 ,0.551043735,1.9444,120.9541928,39.23943137,13.77600002,94,18°04' N,76°40' W,"Willson, 2008, American Journal of Botany",,Jamaica
769 ,Gym,Cupressaceae,Juniperus monosperma,-10.87 ,,,,,,3.716666698,9.40 ,439.00 ,0.761959222,0.3718,827.2080462,51.78640568,-10.89599991,20,35°49' N,106°18' W,"Garcia-Forner, 2016, Plant, Cell and Environment","Los Alamos County, New Mexico",USA
1816 ,Gym,Cupressaceae,Juniperus monosperma,-11.80 ,0.23 ,,8.65 ,,,3.041666667,18.41 ,391.00 ,1.813401252,0.2265,703.9524282,77.36163668,-0.032000002,5,32°01' N,110°37' W,"Pockman & Sperry, 2000, American Journal of Botany","Pima County, Arizona",USA
2441 ,Gym,Cupressaceae,Juniperus monosperma,-9.96 ,0.27 ,0.18 ,,0.62 ,,3.349999984,8.61 ,489.00 ,0.95644914,0.416,781.5262683,39.63626142,-12.18400002,10,35°10' N,111°31' W,"Willson, 2008, American Journal of Botany; Willson & Jackson, 2006, Physiologia Plantarum",Arizona,USA
2429 ,Gym,Cupressaceae,Juniperus occidentalis,-9.00 ,0.28 ,,,0.60 ,,3.308333278,8.47 ,253.00 ,0.827952873,0.2094,690.6508227,40.84419375,-10.04800034,11,44°06' N,121°08' W,"Willson, 2008, American Journal of Botany",Oregon,USA
505 ,Gym,Cupressaceae,Juniperus osteosperma,-8.69 ,,,,0.60 ,3.00 ,2.37500001,12.58 ,245.00 ,1.477138164,0.1776,1002.597252,24.90382912,-10.82800007,9,38°35' N,109°32' W,"Cochard, 2006, Comptes Rendus Physique",Utah,USA
1248 ,Gym,Cupressaceae,Juniperus osteosperma,-6.92 ,,,9.71 ,,,3.299999992,7.04 ,540.00 ,1.124677751,0.6018,832.0381902,18.81522567,-9.291999817,30,40°38' N,111°47' W,"Linton, 1998, Functional Ecology",Utah,USA
1770 ,Gym,Cupressaceae,Juniperus osteosperma,-7.81 ,0.12 ,,9.77 ,0.59 ,,3.391666631,17.17 ,215.00 ,1.833410714,0.1418,857.4336781,35.88618829,-3.099999905,5,37°04' N,113°58' W,"Pittermann, 2006a, 2006b","St. George, Utah",USA
2442 ,Gym,Cupressaceae,Juniperus osteosperma,-9.96 ,0.40 ,0.11 ,18.61 ,0.65 ,,3.349999984,8.61 ,489.00 ,0.95644914,0.416,781.5262683,39.63626142,-12.18400002,10,35°10' N,111°31' W,"Willson, 2008, American Journal of Botany; Willson & Jackson, 2006, Physiologia Plantarum",Arizona,USA
1531 ,Gym,Cupressaceae,Juniperus oxycedrus,,0.33 ,0.30 ,6.93 ,,3.00 ,3.466666679,12.32 ,601.00 ,0.758594782,0.6892,623.9790215,30.20544711,-1.419999957,19,41°13' N,0°55' E,"Martinez-Vilalta, 2002, Oecologia",Prades,Spain
2432 ,Gym,Cupressaceae,Juniperus pinchotii,-14.10 ,0.19 ,,,0.60 ,,4.833333333,14.15 ,429.00 ,1.580763938,0.1184,692.41807,76.26222437,-2.440000057,11,31°53' N,104°48' W,"Willson, 2008, American Journal of Botany",Texas,USA
2487 ,Gym,Cupressaceae,Juniperus pingii,,,0.43 ,,,,2.691666643,2.55 ,774.00 ,6.982331523,0.9977,653.3985796,96.99491164,-11.75199986,2,29°28'N,101°32'E,"Xu, 2020, New Phytologist",Sichuan province,China
2488 ,Gym,Cupressaceae,Juniperus pingii var. wilsonii,,,0.28 ,,,,2.691666643,2.55 ,774.00 ,6.982331523,0.9977,653.3985796,96.99491164,-11.75199986,2,29°28'N,101°32'E,"Xu, 2020, New Phytologist",Sichuan province,China
2498 ,Gym,Cupressaceae,Juniperus pingii var. wilsonii,,,0.21 ,,,,2.816666643,2.32 ,776.00 ,6.982331523,1.0537,659.7644595,96.74401021,-12.15600014,2,29°27'N,101°36'E,"Xu, 2020, New Phytologist",Sichuan province,China
2507 ,Gym,Cupressaceae,Juniperus pingii var. wilsonii,,,0.17 ,,,,2.924999992,0.31 ,780.00 ,3.611983221,1.1344,674.6779187,95.99849388,-13.99600029,2,29°31'N,101°40'E,"Xu, 2020, New Phytologist",Sichuan province,China
2618 ,Gym,Cupressaceae,Juniperus pingii var. wilsonii,,,0.14 ,,,,3.25000002,0.42 ,782.00 ,7.326257104,1.3644,679.4209524,92.66621245,-13.25599957,3,29°54'N,102°00'E,"Xu, 2020, New Phytologist",Sichuan province,China
503 ,Gym,Cupressaceae,Juniperus scopulorum,-9.84 ,,,15.37 ,0.59 ,4.00 ,3.983333309,4.45 ,453.00 ,0.540253571,0.5409,785.9340437,45.15793871,-12.29199982,22,47°36' N,112°46' W,"Cochard, 2006, Comptes Rendus Physique",Montana,USA
1772 ,Gym,Cupressaceae,Juniperus scopulorum,-7.20 ,0.45 ,,9.81 ,0.53 ,,2.883333306,9.56 ,382.00 ,1.10150936,0.3237,929.3563627,23.29802952,-14.27200031,20,40°03' N,111°47' W,"Pittermann, 2006a, 2006b",nothern Utah,USA
2059 ,Gym,Cupressaceae,Juniperus scopulorum,-7.38 ,,,,,,3.416666627,5.11 ,495.00 ,0.788358225,0.6225,809.0536305,15.40942263,-12.47599983,30,40°45' N,111°36' W,"Sperry & Sullivan, 1992, Plant Physiology",Utah,USA
2428 ,Gym,Cupressaceae,Juniperus scopulorum,-6.50 ,0.28 ,0.17 ,,0.58 ,,3.349999984,8.61 ,489.00 ,0.95644914,0.416,781.5262683,39.63626142,-12.18400002,10,35°10' N,111°31' W,"Willson & Jackson, 2006, Physiologia Plantarum",Arizona,USA
2436 ,Gym,Cupressaceae,Juniperus scopulorum,-9.00 ,0.12 ,,,0.62 ,,3.24999998,13.37 ,1050.00 ,0.754883472,0.9065,878.3648626,11.81661812,-4.731999874,69,38°54' N,77°02' W,"Willson, 2008, American Journal of Botany",Washington ,USA
1408 ,Gym,Cupressaceae,Juniperus virginiana,-7.12 ,0.25 ,0.18 ,7.42 ,0.63 ,,2.424999982,14.90 ,1150.00 ,0.80813385,0.9145,796.7224354,11.37109856,-2.828000069,79,36°01' N,78°59' W,"Maherali, 2006, Plant, Cell and Environment",North Carolina,USA
2438 ,Gym,Cupressaceae,Juniperus virginiana,-5.80 ,0.30 ,,,0.62 ,,4.341666639,17.42 ,1456.00 ,NA,1.1989,693.6117126,23.89162879,3.200000048,75,34°42' N,76°40' W,"Willson, 2008, American Journal of Botany",North Carolina,USA
2435 ,Gym,Cupressaceae,Juniperus virginiana var. silicicola,-6.60 ,0.51 ,,,0.59 ,,2.408333331,14.98 ,1169.00 ,0.832321853,0.9151,794.2423621,10.95610358,-2.587999821,80,35°57' N,79°04' W,"Willson, 2008, American Journal of Botany",North Carolina,USA
2140 ,Ang,Araliaceae,Kalopanax septemlobus,,0.59 ,0.63 ,,0.61 ,,1.708333333,15.31 ,1184.00 ,0.558582058,1.1298,632.1588893,75.233605,1.911999941,18,26°15'N,105°80'E,This study,Guizhou Province,China
1109 ,Ang,Rhizophoraceae,Kandelia obovata,-7.14 ,0.83 ,0.45 ,71.38 ,0.70 ,,2.833333353,22.64 ,2301.00 ,0.587819246,1.8989,541.3383096,89.03357105,11.68000031,33,21° 34? N,108° 08? E,"Jiang, 2017, Tree Physiology",Guangxi province,China
2942 ,Ang,Rhizophoraceae,Kandelia obovata,-7.14 ,,,,,,3.216666639,24.54 ,1745.00 ,0.697412468,1.3928,390.1725221,69.8213515,15.09599972,24,19°38'N,110°47'E,"Zhu, 2018, Tree Physiology",Hainan province,China
1790 ,Ang,Plantaginaceae,Keckiella antirrhinoides,-4.37 ,0.92 ,0.10 ,,0.65 ,,2.800000012,17.37 ,335.00 ,1.184487994,0.2555,500.2328626,87.24346036,3.43599987,2,33°29' N,117°09' W,"Pivovaroff, 2014, New Phytologist",Southern California,USA
2305 ,Ang,Monimiaceae,Kibaropsis caledonica,-2.40 ,0.26 ,,,0.68 ,,3.608333329,21.34 ,2196.00 ,0.757955855,1.3226,202.1689634,41.42832963,14.01599979,78,21° 10' S,165° 15' E,"Trueba, 2017, Plant, Cell and Environment; Trueba, 2019, Journal of Experimental Botany",New Caledonia,France (Overseas territories)
312 ,Ang,Clusiaceae,Kielmeyera coriacea,-1.91 ,,,,0.48 ,2.27 ,1.816666663,20.44 ,1516.00 ,0.963975451,1.09,123.7480541,79.60995496,11.52799988,8,15°56' S,47°53' W,"Bucci, 2008, Brazilian Journal of Plant Physiology; Bucci, 2004, Tree Physiology; Domec, 2006a, Plant Cell and Environment; Scholz, 2007, Plant Cell and Environment",south of Brasilia,Brazil
714 ,Ang,Malvaceae,Kleinhovia hospita,,8.20 ,1.67 ,,,,2.708333333,26.29 ,2977.00 ,NA,2.331,43.33440365,34.52594325,21.56999969,117,5°08' S,145°41' E,"Feild & Balun, 2008, New Phytologist",20 km north of Madang,Papua New Guinea
1177 ,Ang,Sapindaceae,Koelreuteria bipinnata,-1.67 ,2.30 ,,,0.52 ,,2.208333323,17.35 ,1684.00 ,0.676074042,1.5223,844.751388,58.67976924,1.547999978,45,29°05'N,117°55'E,"Kröber, 2014, PloS one",Jiangxi province,China
410 ,Ang,Sapindaceae,Koelreuteria paniculata,-2.56 ,3.84 ,0.57 ,51.40 ,0.72 ,,2.791666687,12.90 ,750.00 ,0.833278615,0.7018,1029.416139,109.3542796,-7.93599987,8,35°46'N,117°47'E,"Chen, 2019, 2020, 2021, Tree Physiology","Xintai, Shandong province",China
2782 ,Ang,Rosaceae,Koelreuteria paniculata,,,,20.50 ,,,2.141666661,9.62 ,592.00 ,0.661215941,0.635,902.384731,79.18673104,-9.227999687,4,35°09'N,108°45'E,"Yin, 2019, Forests",Shaanxi Province,China
N13,Ang,Rhamnaceae,Krugiodendron ferreum,,0.75 ,1.20 ,,1.04 ,,3.99999994,26.07 ,939.00 ,NA,0.7402,130.6923339,58.51883815,19.67916679,26,17°58?2.17?N,66°53?17.54?W,"Vargas, 2021, New Phytologist",Guanica,Puerto Rico
1237 ,Ang,Lythraceae,Lafoensia pacari,-3.63 ,,,,0.62 ,,1.950000008,26.56 ,879.00 ,1.02707824,0.5112,59.08015702,114.9634108,20.78000069,2,3°47'S,39°16'W,"Lima, 2018, New Phytologist",northeastern Brazil,Brazil
758 ,Ang,Lythraceae,Lagerstroemia tomentosa,-1.29 ,6.18 ,0.82 ,,0.66 ,,1.450000008,19.61 ,1575.00 ,0.7831742,1.2463,355.3021639,76.07293498,9.543999672,18,21°54' N,101°46' E,"Fu, 2012, Annals of Botany",Yunnan Province,China
2922 ,Ang,Lythraceae,Lagerstroemia tomentosa,-1.40 ,7.74 ,0.90 ,,0.61 ,10.00 ,1.450000008,19.61 ,1575.00 ,0.7831742,1.2463,355.3021639,76.07293498,9.543999672,18,21°54'N,101°46'E,"Zhu, 2017, Tree Physiology; Tan, 2020, Agricultural and Forest Meteorology",Yunnan province,China
3023 ,Ang,Lythraceae,Lagerstroemia tomentosa,-1.24 ,,,,,,1.225000014,22.42 ,1640.00 ,0.894353661,0.8598,350.4611648,75.65033519,11.8760004,18,21°55'N,101°16'E,"Zhu, 2018, Tree Physiology; Yan, 2020, Biology Letters",Yuanan province,China
918 ,Ang,Proteaceae,Lambertia formosa,,2.23 ,0.32 ,23.39 ,0.64 ,,3.599999984,16.97 ,1253.00 ,0.716941494,1.0326,385.0362387,28.74867037,6.596000195,61,33°41' S,151°09' E,"Gleason, 2012, Functional Ecology; Blackman, 2014, Annals of Botany; Blackman, 2018, Annals of Botany","New South Wales, Eastern Australia",Australia
2820 ,Ang,Anacardiaceae,Lannea coromandelica,-1.75 ,6.59 ,0.76 ,,0.34 ,,1.241666675,21.73 ,1241.00 ,0.650657102,0.5667,418.0369268,86.52378798,10.16399956,13,23°27'N,102°10'E,"Zhang, 2019, Forests; Zhang, 2017, Frontiers in Plant Science; Yan, 2020, Biology Letters",Yunnan province,China
373 ,Gym,Pinaceae,Larix decidua,-3.51 ,0.14 ,,,,,4.308333337,6.49 ,1071.00 ,0.465447179,1.253,558.9409171,13.88060171,-3.960000038,71,45°36' N,2°49' E,"Charra-Vaskou, 2012, Annals of Forest Science","Guery, Auvergne",France
377 ,Gym,Pinaceae,Larix decidua,-3.02 ,0.26 ,,,,,2.74999998,10.29 ,655.00 ,0.592509912,0.6826,582.5256024,32.04087501,-2.528000116,32,45°46' N,3°05' E,"Charra-Vaskou, 2012, Annals of Forest Science","Royat, Auvergne",France
380 ,Gym,Pinaceae,Larix decidua,-3.61 ,,,,,,3.25,2.43 ,1107.00 ,0.426773122,2.0321,594.6975675,31.45891948,-8.616000175,55,47° 11' N,11° 19' E,"Charra-Vaskou, 2012, Annals of Forest Science","Birgitz Köpfl, Tyrol",Austria
382 ,Gym,Pinaceae,Larix decidua,-2.85 ,0.09 ,,,,,1.783333331,7.51 ,1052.00 ,0.426773122,1.1508,661.6462602,40.91735578,-5.920000076,48,47°13' N,11°22' E,"Charra-Vaskou, 2012, Annals of Forest Science","Natters, Tyrol",Austria
571 ,Gym,Pinaceae,Larix decidua,-3.60 ,,,,,,2.591666659,9.23 ,988.00 ,0.444126799,1.5049,647.6486462,15.63213473,-4.047999859,63,47°28'N,7°30'E,"Dietrich, 2019, Journal of Ecology",Basel,Switzerland
1553 ,Gym,Pinaceae,Larix decidua,-3.66 ,0.53 ,,9.61 ,0.59 ,20.00 ,1.850000014,7.00 ,1053.00 ,0.426773122,1.1464,657.3563397,40.68022721,-6.21600008,48,47°14' N,11°18' E,"Mayr, 2006, Ecology",Tyrol,Austria
1556 ,Gym,Pinaceae,Larix decidua,-3.39 ,0.33 ,,9.60 ,0.58 ,5.00 ,3.25,2.43 ,1107.00 ,0.426773122,2.75,594.6975675,31.45891948,-8.616000175,55,47°11' N,11°19' E,"Mayr, 2006, Ecology",Tyrol,Austria
3128 ,Gym,Pinaceae,Larix gmelinii,-2.10 ,2.37 ,0.77 ,,,,3.516666671,2.79 ,594.00 ,0.46329067,0.8569,1416.032805,107.0789385,-24.60400009,3,45°24´N,127°40´E,"??, 2017, ??????; Jin, 2016, Functional Plant Biology; Jin, 2018, Tree Physiology",Heilongjiang province ,China
2404 ,Gym,Pinaceae,Larix laricina,,0.10 ,0.42 ,,,,2.083333304,4.38 ,623.00 ,0.440778781,0.7914,893.3477051,24.3006326,-15.5880003,33,53°45' N,122°42' W,"Wang, 2005,  Can. J. For. Res.","Prince George, British Columbia",Canada
120 ,Gym,Pinaceae,Larix occidentalis,-5.88 ,1.00 ,,,,,2.616666655,7.17 ,733.00 ,0.646922595,0.7616,736.4493701,36.03984239,-9.675999641,26,46°50? N,116°43' W,"Baker, 2019, AoB Plants","Princeton, Idaho",USA
498 ,Gym,Pinaceae,Larix occidentalis,-4.21 ,,,,0.53 ,25.00 ,2.633333365,3.81 ,375.00 ,0.581937043,0.5313,779.2544469,27.42118881,-14.01599979,22,46°38' N,114°35' W,"Cochard, 2006, Comptes Rendus Physique",Idaho,USA
1760 ,Gym,Pinaceae,Larix occidentalis,-4.31 ,0.28 ,0.24 ,,,,2.566666683,6.99 ,369.00 ,0.704702676,0.3601,865.4122486,25.45058358,-12.54800034,21,46°55' N,114°05' W,"Piñol & Sala, 2000, Functional Ecology","Missoula, MT",USA
2499 ,Gym,Pinaceae,Larix potaninii var. australis,,,0.34 ,,,,2.816666643,2.32 ,776.00 ,6.982331523,1.0537,659.7644595,96.74401021,-12.15600014,2,29°27'N,101°36'E,"Xu, 2020, New Phytologist",Sichuan province,China
2527 ,Gym,Pinaceae,Larix potaninii var. australis,,,0.41 ,,,,2.433333337,5.86 ,847.00 ,15.35548757,1.0344,601.2807223,94.0150966,-7.832000256,5,29°27'N,101°53'E,"Xu, 2020, New Phytologist",Sichuan province,China
2545 ,Gym,Pinaceae,Larix potaninii var. australis,,,0.36 ,,,,2.091666649,3.70 ,847.00 ,15.35548757,0.9333,618.9011041,93.37889157,-9.944000244,5,29°25'N,101°55'E,"Xu, 2020, New Phytologist",Sichuan province,China
2568 ,Gym,Pinaceae,Larix potaninii var. australis,,,0.57 ,,,,2.299999972,0.78 ,828.00 ,15.35548757,0.9958,691.690106,92.74818783,-13.50800037,4,29°22'N,101°55'E,"Xu, 2020, New Phytologist",Sichuan province,China
1077 ,Ang,Zygophyllaceae,Larrea tridentata,-3.00 ,0.63 ,,32.79 ,0.85 ,2.30 ,3.841666718,17.80 ,125.00 ,1.931995772,0.0829,770.9042762,72.94623604,0.100000001,1,35°20' N,117°59' W,"Jacobsen, 2007b, Plant, Cell and Environment; Jacobsen, 2008, New Phytologist; Hacke, 2009, Plant, Cell and Environment",Southern California,USA
1817 ,Ang,Zygophyllaceae,Larrea tridentata,-1.77 ,0.78 ,,22.16 ,,,3.041666667,18.41 ,391.00 ,1.813401252,0.2265,703.9524282,77.36163668,-0.032000002,5,32°01' N,110°37' W,"Pockman & Sperry, 2000, American Journal of Botany","Pima County, Arizona",USA
2972 ,Ang,Rubiaceae,Lasianthus chinensis,-3.30 ,,,,,,1.866666645,20.60 ,1835.00 ,0.759396395,1.4258,565.6792834,66.92045161,8.623999596,37,23°10'N,112°31'E,"Zhu, 2018, Tree Physiology",Guangdong Province,China
759 ,Ang,Euphorbiaceae,Lasiococca comberi,-1.66 ,2.65 ,1.03 ,,0.67 ,,1.450000008,19.61 ,1575.00 ,0.7831742,1.2463,355.3021639,76.07293498,9.543999672,18,21°54' N,101°46' E,"Fu, 2012, Annals of Botany",Yunnan Province,China
2923 ,Ang,Euphorbiaceae,Lasiococca comberi,-2.00 ,2.12 ,1.01 ,,0.69 ,11.00 ,1.450000008,19.61 ,1575.00 ,0.7831742,1.2463,355.3021639,76.07293498,9.543999672,18,21°54'N,101°46'E,"Zhu, 2017, Tree Physiology; Tan, 2020, Agricultural and Forest Meteorology",Yunnan province,China
3024 ,Ang,Euphorbiaceae,Lasiococca comberi,-2.60 ,,,,,,1.225000014,22.42 ,1640.00 ,0.894353661,0.8598,350.4611648,75.65033519,11.8760004,18,21°55'N,101°16'E,"Zhu, 2018, Tree Physiology; Yan, 2020, Biology Letters",Yuanan province,China
1645 ,Ang,Asteraceae,Launaea arborescens,-1.47 ,0.03 ,0.09 ,,,,3.416666687,16.76 ,268.00 ,0.920882824,0.267,590.3075718,50.05748087,3.351999998,2,37°01' N,2°25' W,"Miranda, 2010, Functional Plant Biology","Tamernas, Almeria Province",Spain
3091 ,Ang,Lecythidaceae,Lecythis persistens,-3.58 ,,,,,,2.158333331,25.74 ,2796.00 ,0.649499163,1.8807,45.73945121,49.59006205,21.01600075,68,5°16'N,52°55'W,"Ziegler, 2019, Annals of Forest Science; Marechaux, 2015, Functional Ecology","Guiana Shield, French Guiana",France (overseas territories)
3092 ,Ang,Lecythidaceae,Lecythis poiteaui,-2.14 ,,,,,,2.158333331,25.74 ,2796.00 ,0.649499163,1.8807,45.73945121,49.59006205,21.01600075,68,5°16'N,52°55'W,"Ziegler, 2019, Annals of Forest Science; Marechaux, 2015, Functional Ecology","Guiana Shield, French Guiana",France (overseas territories)
140 ,Ang,Lecythidaceae,Lecythis prancei,-1.80 ,,,,,,1.166666687,26.44 ,2352.00 ,0.788916395,1.4227,44.22227014,42.47501585,21.47200012,81,2°37'S,60°13'W,"Barros, 2019, New Phytologist","Manaus, Amazonas",Brazil
1078 ,Ang,Asteraceae,Lepidospartum squamatum,-0.77 ,1.54 ,,33.50 ,0.57 ,1.30 ,3.841666718,17.80 ,125.00 ,1.931995772,0.0829,770.9042762,72.94623604,0.100000001,1,35°20' N,117°59' W,"Jacobsen, 2007b, Plant, Cell and Environment; Jacobsen, 2008, New Phytologist; Hacke, 2009, Plant, Cell and Environment",Southern California,USA
2027 ,Ang,Ericaceae,Leptecophylla divaricata,-8.27 ,,,,,,4.416666627,11.58 ,637.00 ,0.463877453,0.6769,324.0222485,15.33784133,2.171999931,35,42°03'S,147°57' E,"Smith-Martin, 2020, Fuctional Ecology; Skelton, 2017, New Phytologist",East coast of Tasmania,Australia
856 ,Ang,Myrtaceae,Leptospermum glaucescens,,5.01 ,0.35 ,27.00 ,0.65 ,5.00 ,5.108333309,10.74 ,951.00 ,0.428962839,1.0454,288.3112936,17.90963242,2.263999939,58,42°59' S,147°11' E,"Gleason, 2012, Functional Ecology",Tasmanian,Australia
444 ,Ang,Myrtaceae,Leptospermum polygalifolium ,,1.45 ,0.47 ,,,,2.699999988,11.40 ,1076.00 ,0.615049716,0.8722,433.5529752,21.55849705,0.5,63,33°59'S,150°07'E,"Choat, 2011, New Phytologist",south-eastern Australia,Australia
265 ,Ang,Myrtaceae ,Leptospermum rupestre,,0.19 ,0.10 ,,,,5.674999992,6.25 ,1531.00 ,0.387481756,2.0783,305.9782469,21.03196025,-2.220000029,85,42°40'S,146°37'E,"Brodribb & Feild, 2000, Plant, Cell and Environment",Tasmania,Australia
857 ,Ang,Myrtaceae,Leptospermum scoparium,,0.80 ,0.48 ,17.06 ,0.74 ,5.00 ,5.108333309,10.74 ,951.00 ,0.428962839,1.0454,288.3112936,17.90963242,2.263999939,58,42°59' S,147°11' E,"Gleason, 2012, Functional Ecology",Tasmanian,Australia
919 ,Ang,Myrtaceae,Leptospermum trinervium,,0.73 ,0.52 ,27.53 ,0.67 ,3.00 ,3.599999984,16.97 ,1253.00 ,0.716941494,1.0326,385.0362387,28.74867037,6.596000195,61,33°41' S,151°09' E,"Gleason, 2012, Functional Ecology; Blackman, 2014, Annals of Botany; Blackman, 2018, Annals of Botany","New South Wales, Eastern Australia",Australia
2783 ,Ang,Rosaceae,Lespedeza bicolor,,,0.47 ,24.26 ,,,2.141666661,9.62 ,592.00 ,0.661215941,0.635,902.384731,79.18673104,-9.227999687,4,35°09'N,108°45'E,"Yin, 2019, Forests",Shaanxi Province,China
2710 ,Ang,Fabaceae,Lespedeza thunbergii subsp. formosa,,,1.44 ,,,,1.524999996,12.54 ,926.00 ,6.066549556,0.8051,563.7753109,89.68643892,-1.220000029,9,29°39'N,102°08'E,"Xu, 2020, New Phytologist",Sichuan province,China
1049 ,Ang,Proteaceae,Leucadendron laureolum,-2.29 ,1.72 ,,25.57 ,0.47 ,2.00 ,3.683333317,14.30 ,602.00 ,1.077447454,0.5989,373.0088434,47.52210499,2.832000017,25,33°56' S,19°31' E,"Jacobsen, 2007a, 2009",Western Cape Province,South Africa
1050 ,Ang,Proteaceae,Leucadendron salignum,-3.98 ,0.62 ,,22.90 ,0.53 ,2.00 ,3.683333317,14.30 ,602.00 ,1.077447454,0.5989,373.0088434,47.52210499,2.832000017,25,33°56' S,19°31' E,"Jacobsen, 2007a, 2009",Western Cape Province,South Africa
843 ,Ang,Epacridaceae,Leucopogon ericoides,,0.39 ,0.13 ,17.07 ,0.68 ,1.70 ,4.083333333,10.05 ,640.00 ,0.468981124,0.5986,365.5327037,17.11005639,-0.815999985,37,42°23' S,147°03' E,"Gleason, 2012, Functional Ecology",Tasmanian Central Highland forests,Australia
858 ,Ang,Epacridaceae,Leucopogon ericoides,,1.18 ,0.47 ,17.20 ,0.71 ,2.40 ,5.108333309,10.74 ,951.00 ,0.428962839,1.0454,288.3112936,17.90963242,2.263999939,58,42°59' S,147°11' E,"Gleason, 2012, Functional Ecology",Tasmanian,Australia
844 ,Ang,Epacridaceae,Leucopogon virgatus,,0.16 ,,,0.77 ,0.60 ,4.083333333,10.05 ,640.00 ,0.468981124,0.5986,365.5327037,17.11005639,-0.815999985,37,42°23' S,147°03' E,"Gleason, 2012, Functional Ecology",Tasmanian Central Highland forests,Australia
1238 ,Ang,Fabaceae,Libidibia ferrea,-3.17 ,,,,0.65 ,,1.950000008,26.56 ,879.00 ,1.02707824,0.5112,59.08015702,114.9634108,20.78000069,2,3°47'S,39°16'W,"Lima, 2018, New Phytologist",northeastern Brazil,Brazil
N99,Ang,Chrysobalanaceae,Licania arborea,,,,,0.60 ,,3.533333381,26.60 ,1633.00 ,1.163631518,1.0017,80.14568299,93.82169736,21.43599892,2,10°43?31.39?N,85°35?46.99?W,"Vargas, 2021, New Phytologist",Santa Rosa,Costa Rica
1725 ,Ang,Chrysobalanaceae,Licania heteromorpha,-3.33 ,,,,,,1.141666691,26.88 ,2216.00 ,0.839025411,1.3428,52.339996,49.8643603,22.24399948,59,03°08'S,59°53'W,"Oliveire, 2019, New Phytologist",Manaus,Brazil
1726 ,Ang,Chrysobalanaceae,Licania lata,-1.71 ,,,,,,1.141666691,26.88 ,2216.00 ,0.839025411,1.3428,52.339996,49.8643603,22.24399948,59,03°08'S,59°53'W,"Oliveire, 2019, New Phytologist",Manaus,Brazil
1727 ,Ang,Chrysobalanaceae,Licania longistyla,-3.11 ,,,,,,1.141666691,26.88 ,2216.00 ,0.839025411,1.3428,52.339996,49.8643603,22.24399948,59,03°08'S,59°53'W,"Oliveire, 2019, New Phytologist",Manaus,Brazil
1728 ,Ang,Chrysobalanaceae,Licania macrophylla,-4.07 ,,,,,,1.141666691,26.88 ,2216.00 ,0.839025411,1.3428,52.339996,49.8643603,22.24399948,59,03°08'S,59°53'W,"Oliveire, 2019, New Phytologist",Manaus,Brazil
1934 ,Ang,Chrysobalanaceae,Licania membranacea,-2.19 ,0.31 ,1.01 ,,0.71 ,,1.724999984,26.11 ,2200.00 ,0.714118781,1.282,47.26106932,58.15009262,20.47200012,48,1°43'S,51°27'W,"Rowland, 2020, New Phytologist",eastern Amazonia,Brazil
3073 ,Ang,Chrysobalanaceae,Licania membranacea,-2.97 ,,,,,,2.158333331,25.74 ,2796.00 ,0.649499163,1.8807,45.73945121,49.59006205,21.01600075,68,5°16'N,52°55'W,"Ziegler, 2019, Annals of Forest Science","Guiana Shield, French Guiana",France (overseas territories)
746 ,Ang,Chrysobalanaceae,Licania octandra,-0.89 ,0.82 ,0.31 ,,0.65 ,,1.216666679,26.65 ,2208.00 ,0.877515311,1.378,54.49266593,47.26506448,21.69600105,80,2°09'S,59°00'W,"Fontes, 2020, New Phytologist",Amazon Tall Tower Observatory (ATTO),Brazil
1935 ,Ang,Chrysobalanaceae,Licania octandra,-1.23 ,3.61 ,1.34 ,,0.60 ,,1.724999984,26.11 ,2200.00 ,0.714118781,1.282,47.26106932,58.15009262,20.47200012,48,1°43'S,51°27'W,"Rowland, 2020, New Phytologist",eastern Amazonia,Brazil
747 ,Ang,Chrysobalanaceae,Licania sp.,-1.41 ,0.44 ,0.51 ,,0.68 ,,1.216666679,26.65 ,2208.00 ,0.877515311,1.378,54.49266593,47.26506448,21.69600105,80,2°09'S,59°00'W,"Fontes, 2020, New Phytologist",Amazon Tall Tower Observatory (ATTO),Brazil
654 ,Ang,Oleaceae ,Ligustrum lucidum,-3.67 ,1.39 ,0.97 ,,,,1.708333333,15.31 ,1184.00 ,0.558582058,1.1298,632.1588893,75.233605,1.911999941,18,26°15' N,105°44' E,"Fan, 2011, Tree Physiology; Fan, 2018, Forest Ecosystems",Guizhou Province,China
2711 ,Ang,Oleaceae,Ligustrum lucidum,,,0.85 ,,,,1.524999996,12.54 ,926.00 ,6.066549556,0.8051,563.7753109,89.68643892,-1.220000029,9,29°39'N,102°08'E,"Xu, 2020, New Phytologist",Sichuan province,China
2270 ,Ang,Oleaceae ,Ligustrum quihoui,,0.88 ,0.61 ,,0.69 ,,2.383333345,14.83 ,1141.00 ,0.681450467,1.1928,885.8909326,59.00553992,-2.440000057,20,31°48'N,114°04'E,"This study; Zhu, 2018, Tree Physiology",Henan province,China
191 ,Ang,Oleaceae,Ligustrum vulgare,-2.82 ,0.80 ,,,,2.00 ,1.716666649,7.86 ,1132.00 ,0.369855718,1.121,676.6265969,38.43783585,-6.323999882,59,47°18' N,11°04' E,"Beikircher, 2009, Tree Physiology","Telfs, Tyrol",Austria
2203 ,Ang,Lauraceae,Lindera chunii,-3.03 ,2.00 ,0.80 ,,0.55 ,6.00 ,1.87499999,20.60 ,1835.00 ,0.759396395,1.3895,565.6792834,66.92045161,8.623999596,37,23°10' N,112°32' E,"This study; Zhu, 2013, Plant, Cell & Environment; Zhu, 2018, Tree Physiology",Guangdong Province,China
638 ,Ang,Lauraceae ,Lindera communis,-0.92 ,0.53 ,0.69 ,,,,1.683333327,17.11 ,1321.00 ,0.531200841,1.1745,699.3437258,66.72986946,3.036000013,28,25°26' N,108°05' E,"Fan, 2011, Tree Physiology",Guizhou Province,China
658 ,Ang,Lauraceae ,Lindera communis,-0.85 ,0.42 ,0.84 ,,0.50 ,,1.708333333,15.31 ,1184.00 ,0.558582058,1.1298,632.1588893,75.233605,1.911999941,18,26°15'N,105°80'E,"Fan, 2011, Tree Physiology; Fan, 2018, Forest Ecosystems; This study",Guizhou Province,China
2973 ,Ang,Lauraceae,Lindera communis,-3.37 ,,,,,,1.866666645,20.60 ,1835.00 ,0.759396395,1.4258,565.6792834,66.92045161,8.623999596,37,23°10'N,112°31'E,"Zhu, 2018, Tree Physiology",Guangdong Province,China
2271 ,Ang,Lauraceae,Lindera glauca,,0.40 ,0.57 ,,0.53 ,,2.383333345,14.83 ,1141.00 ,0.681450467,1.1928,885.8909326,59.00553992,-2.440000057,20,31°48'N,114°04'E,"This study; Zhu, 2018, Tree Physiology",Henan province,China
2974 ,Ang,Lauraceae,Lindera kwangtungensis,-2.99 ,,,,,,1.866666645,20.60 ,1835.00 ,0.759396395,1.4258,565.6792834,66.92045161,8.623999596,37,23°10'N,112°31'E,"Zhu, 2018, Tree Physiology",Guangdong Province,China
2141 ,Ang,Lauraceae,Lindera reflexa,,0.42 ,1.28 ,,0.58 ,,1.708333333,15.31 ,1184.00 ,0.558582058,1.1298,632.1588893,75.233605,1.911999941,18,26°15'N,105°80'E,This study,Guizhou Province,China
639 ,Ang,Altingiaceae,Liquidambar formosana,-1.26 ,0.31 ,0.55 ,,,,1.683333327,17.11 ,1321.00 ,0.531200841,1.1745,699.3437258,66.72986946,3.036000013,28,25°26' N,108°05' E,"Fan, 2011, Tree Physiology",Guizhou Province,China
1178 ,Ang,Altingiaceae ,Liquidambar formosana,-4.22 ,2.29 ,,,0.51 ,,2.208333323,17.35 ,1684.00 ,0.676074042,1.5223,844.751388,58.67976924,1.547999978,45,29°05'N,117°55'E,"Kröber, 2014, PloS one",Jiangxi province,China
2272 ,Ang,Altingiaceae ,Liquidambar formosana,,1.34 ,0.59 ,,0.53 ,,2.383333345,14.83 ,1141.00 ,0.681450467,1.1928,885.8909326,59.00553992,-2.440000057,20,31°48'N,114°04'E,"This study; Zhu, 2018, Tree Physiology",Henan province,China
2892 ,Ang,Altingiaceae ,Liquidambar formosana,-2.66 ,3.32 ,0.91 ,,0.46 ,,2.391666651,22.44 ,2177.00 ,0.679918148,1.613,520.8183658,75.162042,11.56799984,28,22°34' N,112°50' E,"Zhu, 2017, Forest Ecology and Management",Guangdong Province,China
2975 ,Ang,Altingiaceae ,Liquidambar formosana,-2.66 ,,,,,,1.866666645,20.60 ,1835.00 ,0.759396395,1.4258,565.6792834,66.92045161,8.623999596,37,23°10'N,112°31'E,"Zhu, 2018, Tree Physiology",Guangdong Province,China
3161 ,Ang,Altingiaceae,Liquidambar formosana,,0.99 ,0.31 ,24.65 ,0.59 ,6.20 ,,16.65 ,1219.00 ,0.464880167,#VALUE!,779.7846714,37.61802156,3.539999962,46,29°58'N,122°23'E,"???, 2017, ??????",Zejiang province,China
579 ,Ang,Altingiaceae ,Liquidambar styraciflua,-2.00 ,1.33 ,0.35 ,30.00 ,,5.50 ,2.408333331,14.77 ,1168.00 ,0.832321853,0.9195,792.8330532,10.80886819,-2.828000069,80,35°58' N,79°08' W,"Domec, 2010, Tree Physiology",North Carolina,USA
1129 ,Ang,Altingiaceae ,Liquidambar styraciflua,-3.25 ,1.47 ,,,,16.70 ,2.408333331,14.83 ,1165.00 ,0.832321853,0.9181,793.5546533,10.60838144,-2.815999985,80,35°59' N,79°05' W,"Johnson, 2016, Tree physiology",North Carolina,USA
1259 ,Ang,Altingiaceae ,Liquidambar styraciflua,-2.80 ,,,,,,2.99999998,17.07 ,417.00 ,1.296086607,0.3235,471.5872751,94.41524756,3.832000017,1,34°08' N,118°17' W,"Litvak, 2012, Tree Physiology",Southern California,USA
1409 ,Ang,Altingiaceae ,Liquidambar styraciflua,-3.12 ,0.70 ,0.51 ,23.31 ,0.45 ,,2.424999982,14.90 ,1150.00 ,0.80813385,0.9145,796.7224354,11.37109856,-2.828000069,79,36°01' N,78°59' W,"Maherali, 2006, Plant, Cell and Environment",North Carolina,USA
683 ,Ang,Magnoliaceae,Lirianthe henryi,,,,79.80 ,0.84 ,11.54 ,1.266666651,21.56 ,1641.00 ,0.894353661,0.9726,335.0943307,76.6728934,11.23200035,16,21°41' N,101°25' E,"Fan, 2012, Journal of Ecology",Yunnan Province,China
1130 ,Ang,Magnoliaceae,Liriodendron tulipifera,-4.06 ,2.61 ,,,,16.30 ,2.408333331,14.83 ,1165.00 ,0.832321853,0.9181,793.5546533,10.60838144,-2.815999985,80,35°59' N,79°05' W,"Johnson, 2016, Tree physiology",North Carolina,USA
2670 ,Ang,Fagaceae,Lithocarpus cleistocarpus,,0.96 ,0.77 ,,0.46 ,,1.908333331,7.08 ,884.00 ,6.066549556,0.9004,638.6576091,89.54447083,-7.079999924,8,29°35'N,102°03'E,"Xu, 2020, New Phytologist",Sichuan province,China
659 ,Ang,Fagaceae,Lithocarpus glaber,-1.57 ,3.73 ,0.81 ,,0.58 ,,1.708333333,15.31 ,1184.00 ,0.558582058,1.1298,632.1588893,75.233605,1.911999941,18,26°15'N,105°80'E,"Fan, 2011, Tree Physiology; Fan, 2018, Forest Ecosystems; This study",Guizhou Province,China
1179 ,Ang,Fagaceae,Lithocarpus glaber,-6.60 ,4.23 ,,,0.49 ,,2.208333323,17.35 ,1684.00 ,0.676074042,1.5223,844.751388,58.67976924,1.547999978,45,29°05'N,117°55'E,"Kröber, 2014, PloS one",Jiangxi province,China
1293 ,Ang,Fagaceae,Lithocarpus glaber,,2.00 ,,,0.54 ,,2.383333345,16.19 ,1749.00 ,0.606894284,1.7554,831.410251,57.04453011,1.052000046,44,29°15' N,118°07' E,"Liu, 2016, Ecology",Zhejiang province,China
2868 ,Ang,Fagaceae,Lithocarpus glaber,,0.81 ,0.15 ,,0.61 ,,3.800000052,17.04 ,1262.00 ,0.591932528,1.3539,825.8536277,42.18081321,2.092000008,45,29°52'N,121°39'E,"Zhao, 2016, Chinese Journal of Plant Ecology",Zhejiang Province,China
2869 ,Ang,Fagaceae,Lithocarpus harlandii,,0.60 ,0.14 ,,0.68 ,,3.800000052,17.04 ,1262.00 ,0.591932528,1.3539,825.8536277,42.18081321,2.092000008,45,29°52'N,121°39'E,"Zhao, 2016, Chinese Journal of Plant Ecology",Zhejiang Province,China
2528 ,Ang,Lauraceae,Litsea chunii,,0.67 ,0.89 ,,0.57 ,,2.433333337,5.86 ,847.00 ,15.35548757,1.0344,601.2807223,94.0150966,-7.832000256,5,29°27'N,101°53'E,"Xu, 2020, New Phytologist",Sichuan province,China
2569 ,Ang,Lauraceae,Litsea chunii,,0.75 ,0.47 ,,0.51 ,,2.299999972,0.78 ,828.00 ,15.35548757,0.9958,691.690106,92.74818783,-13.50800037,4,29°22'N,101°55'E,"Xu, 2020, New Phytologist",Sichuan province,China
2651 ,Ang,Lauraceae,Litsea chunii,,1.38 ,1.10 ,,0.53 ,,2.074999998,3.00 ,858.00 ,6.066549556,0.9714,635.2643433,90.25313014,-10.72399998,8,29°35'N,102°02'E,"Xu, 2020, New Phytologist",Sichuan province,China
1294 ,Ang,Lauraceae,Litsea coreana,,0.08 ,,,0.44 ,,2.383333345,16.19 ,1749.00 ,0.606894284,1.7554,831.410251,57.04453011,1.052000046,44,29°15' N,118°07' E,"Liu, 2016, Ecology",Zhejiang province,China
2204 ,Ang,Lauraceae,Litsea cubeba,-3.13 ,4.01 ,0.78 ,,0.42 ,10.00 ,1.87499999,20.60 ,1835.00 ,0.759396395,1.3895,565.6792834,66.92045161,8.623999596,37,23°10' N,112°32' E,"This study; Zhu, 2013, Plant, Cell & Environment; Zhu, 2018, Tree Physiology",Guangdong Province,China
2457 ,Ang,Lauraceae,Litsea cubeba,,1.37 ,0.63 ,,0.41 ,,2.308333327,5.61 ,751.00 ,2.957267348,0.6981,607.8590627,99.25253833,-9.423999786,2,29°23'N,101°01'E,"Xu, 2020, New Phytologist",Sichuan province,China
2692 ,Ang,Lauraceae,Litsea cubeba,,1.70 ,1.28 ,,0.46 ,,1.649999996,12.79 ,928.00 ,6.066549556,0.8259,567.4750116,90.2711391,-1.203999996,9,29°39'N,102°06'E,"Xu, 2020, New Phytologist",Sichuan province,China
2733 ,Ang,Lauraceae,Litsea cubeba,,1.75 ,1.08 ,,0.41 ,,1.299999992,13.24 ,983.00 ,2.92760473,0.7174,576.9135477,90.39955827,-0.60799998,10,29°26'N,102°10'E,"Xu, 2020, New Phytologist",Sichuan province,China
2893 ,Ang,Lauraceae ,Litsea cubeba,-1.40 ,4.19 ,0.74 ,,0.41 ,,2.391666651,22.44 ,2177.00 ,0.679918148,1.613,520.8183658,75.162042,11.56799984,28,22°34' N,112°50' E,"Zhu, 2017, Forest Ecology and Management",Guangdong Province,China
2852 ,Ang,Lauraceae ,Litsea glutinosa,-2.15 ,1.96 ,0.63 ,,0.58 ,,1.575000008,21.79 ,1244.00 ,0.682104923,0.9054,514.7271923,76.36396698,9.815999985,19,22°07'N,106°45'E,"Zhang, 2021, Functional Ecology",Guangxi province,China
684 ,Ang,Lauraceae,Litsea pierrei,,,,148.20 ,0.45 ,14.70 ,1.266666651,21.56 ,1641.00 ,0.894353661,0.9726,335.0943307,76.6728934,11.23200035,16,21°41' N,101°25' E,"Fan, 2012, Journal of Ecology",Yunnan Province,China
341 ,Ang,Proteaceae,Lomatia hirsuta,,1.45 ,0.10 ,,,,3.066666663,9.59 ,1098.00 ,0.515819285,1.1,452.7799744,60.04093608,-2.808000088,37,42°05' S,71°37' W,"Bucci, 2019, Plant, Cell & Environment",Chubut,Argentina
2003 ,Ang,Proteaceae,Lomatia hirsuta,-2.20 ,,,,,,4.458333333,8.32 ,930.00 ,0.540178555,1.0102,436.8447751,57.49700711,-3.263999939,27,41°08'S,71°19'W,"Sergent, 2020, Forest Ecology and Management",Río Negro Province,Argentina
245 ,Ang,Proteaceae,Lomatia polymorpha,,,,,0.70 ,,5.674999992,6.25 ,1531.00 ,0.387481756,2.0783,305.9782469,21.03196025,-2.220000029,85,42°40'S,146°37'E,"Blackman, 2014, Annals of Botany; Blackman, 2012, Oecologia; Blackman, 2010, New Phytologist",Tasmania,Australia
214 ,Ang,Proteaceae,Lomatia tinctoria,,,,,0.77 ,,5.674999992,6.25 ,1531.00 ,0.387481756,2.0783,305.9782469,21.03196025,-2.220000029,85,42°40'S,146°37'E,"Blackman, 2012, Oecologia; Blackman, 2010, New Phytologist",Tasmania,Australia
466 ,Ang,Proteaceae,Lomatia tinctoria,-4.97 ,,,,,,5.383333365,11.89 ,737.00 ,0.50038657,0.7458,296.1955343,16.79582219,3.519999981,48,42°55'S,147°19'E,"Choat, 2012, Nature",Hobart,Australia
2034 ,Ang,Fabaceae,Lonchocarpus dipteronereus,-1.77 ,0.98 ,1.14 ,,,,2.308333337,22.92 ,1162.00 ,0.859320757,0.694,73.08045044,62.82491845,17.07600021,18,10°15' N,67°03' W,"Sobrado, 1997, Acta Ecologica",Estado Miranda,Venezuela
N43,Ang,Fabaceae,Lonchocarpus guatemalensis,,5.64 ,0.85 ,,0.66 ,,3.533333381,26.60 ,1633.00 ,1.163631518,1.0017,80.14568299,93.82169736,21.43599892,2,10°43?31.39?N,85°35?46.99?W,"Vargas, 2021, New Phytologist",Horizontes,Costa Rica
N44,Ang,Fabaceae,Lonchocarpus minimiflorus,,,,,0.75 ,,3.533333381,26.60 ,1633.00 ,1.163631518,1.0017,80.14568299,93.82169736,21.43599892,2,10°43?31.39?N,85°35?46.99?W,"Vargas, 2021, New Phytologist",Horizontes,Costa Rica
567 ,Ang,Fabaceae,Lonchocarpus muehlbergianus,,,,,0.76 ,,2.425000012,20.61 ,1758.00 ,0.818603122,1.0689,358.7544802,17.00330333,9.584000587,107,25°42'S,54°29'W,"di Francescantonio, 2020, Fuctional Plant Biology",Misiones province,Argentina
1327 ,Ang,Fabaceae,Lonchocarpus muehlbergianus,-0.63 ,2.64 ,0.48 ,,0.58 ,22.90 ,2.366666635,20.36 ,1765.00 ,0.818603122,1.0864,359.0264792,17.9971639,9.279999733,110,25°37'S,54°20'W,"Liu, 2019, Science Advances",northern Argentina,Argentina 
N80,Ang,Fabaceae,Lonchocarpus xuul,,1.02 ,1.36 ,,0.82 ,,2.366666665,25.43 ,1087.00 ,1.022873596,0.5479,207.2946945,70.07447924,15.63199997,22,20°5?26.73?N,89°33?47.66?W,"Vargas, 2021, New Phytologist",Kaxil Kiuic,Mexico
1334 ,Ang,Caprifoliaceae,Lonicera chrysantha,,1.12 ,0.86 ,,0.61 ,4.00 ,2.691666663,-0.05 ,665.00 ,0.355473692,0.8908,726.8398641,87.44356515,-16.45999908,2,34°19'N,102°44'E,"Liu, 2019, Science Advances",,China
2244 ,Ang,Caprifoliaceae,Lonicera chrysantha,,1.12 ,0.85 ,,0.61 ,,2.24999996,2.97 ,569.00 ,0.37155782,0.6592,787.7826325,89.13040335,-15.11999989,1,34°59'N,102°54'E,"This study; Zhu, 2018, Tree Physiology",Gansu province,China
461 ,Ang,Caprifoliaceae,Lonicera etrusca,-5.51 ,,,,,,2.699999988,11.29 ,598.00 ,0.592509912,0.6645,603.3775522,38.21785488,-2.052000046,27,45°47'N,3°08'E,"Choat, 2012, Nature",Clermont-Ferrand,France
1335 ,Ang,Caprifoliaceae,Lonicera ferdinandii,,1.01 ,0.55 ,,0.68 ,3.00 ,2.691666663,-0.05 ,665.00 ,0.355473692,0.8908,726.8398641,87.44356515,-16.45999908,2,34°19'N,102°44'E,"Liu, 2019, Science Advances",,China
2245 ,Ang,Caprifoliaceae,Lonicera ferdinandii ,,1.01 ,0.55 ,,0.68 ,,2.24999996,2.97 ,569.00 ,0.37155782,0.6592,787.7826325,89.13040335,-15.11999989,1,34°59'N,102°54'E,"This study; Zhu, 2018, Tree Physiology",Gansu province,China
2784 ,Ang,Leguminoseae,Lonicera fragrantissima,,,0.32 ,14.04 ,,,2.141666661,9.62 ,592.00 ,0.661215941,0.635,902.384731,79.18673104,-9.227999687,4,35°09'N,108°45'E,"Yin, 2019, Forests",Shaanxi Province,China
2514 ,Ang,Caprifoliaceae,Lonicera hispida,,,0.34 ,,,,3.708333373,-0.49 ,798.00 ,3.611983221,1.4773,676.958601,94.42575903,-14.30799961,3,29°31'N,101°43'E,"Xu, 2020, New Phytologist",Sichuan province,China
2785 ,Ang,Asclepiadaceae,Lonicera hispida,,,0.38 ,12.98 ,,,2.141666661,9.62 ,592.00 ,0.661215941,0.635,902.384731,79.18673104,-9.227999687,4,35°09'N,108°45'E,"Yin, 2019, Forests",Shaanxi Province,China
2405 ,Ang,Caprifoliaceae,Lonicera involucrata,,0.18 ,0.41 ,,,,2.083333304,4.38 ,623.00 ,0.440778781,0.7914,893.3477051,24.3006326,-15.5880003,33,53°45' N,122°42' W,"Wang, 2005,  Can. J. For. Res.","Prince George, British Columbia",Canada
2529 ,Ang,Caprifoliaceae,Lonicera lanceolata,,0.41 ,1.01 ,,0.74 ,,2.433333337,5.86 ,847.00 ,15.35548757,1.0344,601.2807223,94.0150966,-7.832000256,5,29°27'N,101°53'E,"Xu, 2020, New Phytologist",Sichuan province,China
2546 ,Ang,Caprifoliaceae,Lonicera lanceolata,,1.88 ,2.29 ,,0.65 ,,2.091666649,3.70 ,847.00 ,15.35548757,0.9333,618.9011041,93.37889157,-9.944000244,5,29°25'N,101°55'E,"Xu, 2020, New Phytologist",Sichuan province,China
2619 ,Ang,Caprifoliaceae,Lonicera ligustrina,,0.11 ,0.23 ,,0.85 ,,3.25000002,0.42 ,782.00 ,7.326257104,1.3644,679.4209524,92.66621245,-13.25599957,3,29°54'N,102°00'E,"Xu, 2020, New Phytologist",Sichuan province,China
2630 ,Ang,Caprifoliaceae,Lonicera ligustrina,,,0.13 ,,,,3.325000008,0.42 ,782.00 ,7.326257104,1.4815,679.4209524,92.66621245,-13.25599957,3,29°55'N,102°01'E,"Xu, 2020, New Phytologist",Sichuan province,China
2693 ,Ang,Caprifoliaceae,Lonicera ligustrina,,0.32 ,0.18 ,,0.63 ,,1.649999996,12.79 ,928.00 ,6.066549556,0.8259,567.4750116,90.2711391,-1.203999996,9,29°39'N,102°06'E,"Xu, 2020, New Phytologist",Sichuan province,China
2273 ,Ang,Caprifoliaceae,Lonicera maackii,,1.46 ,1.76 ,,0.68 ,,2.383333345,14.83 ,1141.00 ,0.681450467,1.1928,885.8909326,59.00553992,-2.440000057,20,31°48'N,114°04'E,"This study; Zhu, 2018, Tree Physiology",Henan province,China
1336 ,Ang,Caprifoliaceae,Lonicera nervosa,,1.86 ,0.78 ,,0.57 ,3.50 ,2.691666663,-0.05 ,665.00 ,0.355473692,0.8908,726.8398641,87.44356515,-16.45999908,2,34°19'N,102°44'E,"Liu, 2019, Science Advances",,China
2246 ,Ang,Caprifoliaceae,Lonicera nervosa,,1.86 ,0.78 ,,0.57 ,,2.24999996,2.97 ,569.00 ,0.37155782,0.6592,787.7826325,89.13040335,-15.11999989,1,34°59'N,102°54'E,"This study; Zhu, 2018, Tree Physiology",Gansu province,China
2584 ,Ang,Caprifoliaceae,Lonicera nigra,,,1.40 ,,,,2.458333294,0.75 ,846.00 ,38.61108759,1.0824,647.250795,90.57201924,-13,7,29°34'N,101°59'E,"Xu, 2020, New Phytologist",Sichuan province,China
2508 ,Ang,Caprifoliaceae,Lonicera rupicola,,,0.45 ,,,,2.924999992,0.31 ,780.00 ,3.611983221,1.1344,674.6779187,95.99849388,-13.99600029,2,29°31'N,101°40'E,"Xu, 2020, New Phytologist",Sichuan province,China
2620 ,Ang,Caprifoliaceae,Lonicera rupicola var. syringantha,,0.34 ,0.79 ,,1.03 ,,3.25000002,0.42 ,782.00 ,7.326257104,1.3644,679.4209524,92.66621245,-13.25599957,3,29°54'N,102°00'E,"Xu, 2020, New Phytologist",Sichuan province,China
1337 ,Ang,Caprifoliaceae,Lonicera tangutica,,1.16 ,0.50 ,,0.61 ,3.00 ,2.691666663,-0.05 ,665.00 ,0.355473692,0.8908,726.8398641,87.44356515,-16.45999908,2,34°19'N,102°44'E,"Liu, 2019, Science Advances",,China
2247 ,Ang,Caprifoliaceae,Lonicera tangutica,,1.16 ,0.51 ,,0.61 ,,2.24999996,2.97 ,569.00 ,0.37155782,0.6592,787.7826325,89.13040335,-15.11999989,1,34°59'N,102°54'E,"This study; Zhu, 2018, Tree Physiology",Gansu province,China
2530 ,Ang,Caprifoliaceae,Lonicera tangutica,,0.66 ,0.47 ,,0.64 ,,2.433333337,5.86 ,847.00 ,15.35548757,1.0344,601.2807223,94.0150966,-7.832000256,5,29°27'N,101°53'E,"Xu, 2020, New Phytologist",Sichuan province,China
2570 ,Ang,Caprifoliaceae,Lonicera tangutica,,0.14 ,0.21 ,,0.73 ,,2.299999972,0.78 ,828.00 ,15.35548757,0.9958,691.690106,92.74818783,-13.50800037,4,29°22'N,101°55'E,"Xu, 2020, New Phytologist",Sichuan province,China
2585 ,Ang,Caprifoliaceae,Lonicera tangutica,,,0.98 ,,,,2.458333294,0.75 ,846.00 ,38.61108759,1.0824,647.250795,90.57201924,-13,7,29°34'N,101°59'E,"Xu, 2020, New Phytologist",Sichuan province,China
2603 ,Ang,Caprifoliaceae,Lonicera tangutica,,0.54 ,0.52 ,,0.73 ,,2.324999978,0.75 ,846.00 ,38.61108759,1.0448,647.250795,90.57201924,-13,7,29°34'N,102°00'E,"Xu, 2020, New Phytologist",Sichuan province,China
1701 ,Ang,Caprifoliaceae,Lonicera xylosteum,-3.89 ,,,,,,1.599999984,8.57 ,979.00 ,0.366518153,1.0239,674.2515165,40.48312633,-5.248000145,46,47°16' N,11°24' E,"Nolf, 2015b, New Phytologist",Innsbruck,Austria
2342 ,Ang,Celastraceae,Lophopetalum subobovatum,-0.59 ,,,,,,1.99999999,27.24 ,3207.00 ,0.836012663,2.0385,46.08495796,23.65472986,22.54400063,198,4°40' N,114°31' E,"Tyree, 1998, Tree Physiology",Andalau,Brunei
820 ,Ang,Myrtaceae,Lophostemon suaveolens,,1.39 ,1.18 ,24.97 ,0.54 ,,4.891666691,23.63 ,2084.00 ,0.865874479,1.3729,289.0695581,88.38712088,14.96000004,29,18°24' S,146°6' E,"Gleason, 2012, Functional Ecology",Queensland,Australia
899 ,Ang,Myrtaceae,Lophostemon suaveolens,,6.72 ,0.36 ,24.57 ,0.56 ,,3.433333337,20.90 ,1400.00 ,1.018901775,0.7223,326.6472719,92.01642804,9.711999893,18,18°18' S,145°30' E,"Gleason, 2012, Functional Ecology; Blackman, 2014, Annals of Botany; Blackman, 2018, Annals of Botany","Einasleigh, northern queensland",Australia
1295 ,Ang,Hamamelidaceae,Loropetalum chinense,,0.75 ,,,0.51 ,,2.383333345,16.19 ,1749.00 ,0.606894284,1.7554,831.410251,57.04453011,1.052000046,44,29°15' N,118°07' E,"Liu, 2016, Ecology",Zhejiang province,China
2870 ,Ang,Hamamelidaceae,Loropetalum chinense,,0.73 ,0.59 ,,0.66 ,,3.800000052,17.04 ,1262.00 ,0.591932528,1.3539,825.8536277,42.18081321,2.092000008,45,29°52'N,121°39'E,"Zhao, 2016, Chinese Journal of Plant Ecology",Zhejiang Province,China
1070 ,Ang,Fabaceae,Lotus scoparius,-2.20 ,1.41 ,,38.03 ,0.61 ,0.92 ,3.766666631,16.28 ,392.00 ,1.125048534,0.3894,347.5370192,99.93090982,6.93599987,0,34°03' N,118°42' W,"Jacobsen, 2007b, Plant, Cell and Environment; Jacobsen, 2008, New Phytologist; Hacke, 2009, Plant, Cell and Environment",Southern California,USA
274 ,Ang,Sapindaceae,Loxodiscus coreaceus,,0.40 ,0.26 ,,,,3.900000016,19.33 ,2351.00 ,0.718162138,1.9001,192.9429245,29.3970836,12.20800018,110,22°02' S,166°28' E,"Brodribb & Feild, 2000, Plant, Cell and Environment",New Caledonia,France (Overseas territories)
N45,Ang,Malvaceae,Luehea candida,,2.61 ,,,0.81 ,,3.533333381,26.60 ,1633.00 ,1.163631518,1.0017,80.14568299,93.82169736,21.43599892,2,10°43?31.39?N,85°35?46.99?W,"Vargas, 2021, New Phytologist",Horizontes,Costa Rica
N81,Ang,Malvaceae,Luehea candida,,2.55 ,1.11 ,,0.91 ,,2.366666665,25.43 ,1087.00 ,1.022873596,0.5479,207.2946945,70.07447924,15.63199997,22,20°5?26.73?N,89°33?47.66?W,"Vargas, 2021, New Phytologist",Kaxil Kiuic,Mexico
1610 ,Ang,Tiliaceae,Luehea seemannii,-1.37 ,2.04 ,0.12 ,,0.35 ,,1.916666647,26.94 ,2169.00 ,0.756386424,1.2534,65.14634424,68.85282668,22.84545517,16,9°00'N,79°33'W,"Medina-Vega, 2021, Journal of Ecology",near Panama City,Panama
1959 ,Ang,Malvaceae,Luehea seemannii,,,,,0.33 ,,1.608333349,26.51 ,2440.00 ,0.651162324,1.8694,63.25839735,64.44993932,22.71999931,16,9°10' N,79°51' W,"Santiago, 2004, Oecologia",the edge of Panama City,Panama
N82,Ang,Malvaceae,Luehea speciosa,,3.99 ,1.79 ,,0.72 ,,2.366666665,25.43 ,1087.00 ,1.022873596,0.5479,207.2946945,70.07447924,15.63199997,22,20°5?26.73?N,89°33?47.66?W,"Vargas, 2021, New Phytologist",Kaxil Kiuic,Mexico
342 ,Ang,Myrtaceae,Luma apiculata,,1.78 ,0.14 ,,,,3.066666663,9.59 ,1098.00 ,0.515819285,1.1,452.7799744,60.04093608,-2.808000088,37,42°05' S,71°37' W,"Bucci, 2019, Plant, Cell & Environment",Chubut,Argentina
1066 ,Ang,Solanaceae,Lycium andersonii,-1.00 ,0.60 ,,,0.71 ,0.55 ,3.841666718,17.80 ,125.00 ,1.931995772,0.0829,770.9042762,72.94623604,0.100000001,1,35°20' N,117°59' W,"Jacobsen, 2007b, Plant, Cell and Environment; Jacobsen, 2008, New Phytologist",Southern California,USA
336 ,Ang,Solanaceae,Lycium chilense,-4.91 ,0.30 ,0.07 ,9.60 ,0.57 ,0.88 ,6.283333381,9.38 ,136.00 ,0.64518605,0.1852,473.02423,46.29868929,-2.947999954,4,46°31' S,71°03' W,"Bucci, 2013, Plant, Cell & Environment? Bucci, 2009, Oecologia",northwest Santa Cruz,Argentina
1646 ,Ang,Solanaceae,Lycium intricatum,-0.82 ,0.01 ,0.02 ,,,,3.416666687,16.76 ,268.00 ,0.920882824,0.267,590.3075718,50.05748087,3.351999998,2,37°01' N,2°25' W,"Miranda, 2010, Functional Plant Biology","Tamernas, Almeria Province",Spain
2712 ,Ang,Ericaceae,Lyonia ovalifolia var. lanceolata,,,0.46 ,,,,1.524999996,12.54 ,926.00 ,6.066549556,0.8051,563.7753109,89.68643892,-1.220000029,9,29°39'N,102°08'E,"Xu, 2020, New Phytologist",Sichuan province,China
N46,Ang,Fabaceae,Lysiloma divaricatum,,,,,0.73 ,,3.533333381,26.60 ,1633.00 ,1.163631518,1.0017,80.14568299,93.82169736,21.43599892,2,10°43?31.39?N,85°35?46.99?W,"Vargas, 2021, New Phytologist",Horizontes,Costa Rica
N83,Ang,Fabaceae,Lysiloma latisiliquum,,4.90 ,3.03 ,,0.55 ,,2.366666665,25.43 ,1087.00 ,1.022873596,0.5479,207.2946945,70.07447924,15.63199997,22,20°5?26.73?N,89°33?47.66?W,"Vargas, 2021, New Phytologist",Kaxil Kiuic,Mexico
1360 ,Ang,Fabaceae,Maackia amurensis,,2.16 ,1.51 ,51.51 ,0.52 ,7.03 ,1.833333333,3.27 ,661.00 ,0.432660541,0.8044,1257.058799,95.56655616,-21.12800026,5,42°24'N,128°29'E,"Liu, 2019, Science Advances; Yang, 2019, Tree Physiology",Jilin Province,China
2749 ,Ang,Fabaceae,Maackia amurensis,,2.16 ,1.61 ,51.15 ,0.51 ,7.03 ,1.841666669,3.27 ,661.00 ,0.432660541,0.799,1257.058799,95.56655616,-21.12800026,5,42°24´N,128°28´E,"Yang, 2020, Forests; Song, 2018, Forest Ecology and Management",Jilin Province,China
640 ,Ang,Fabaceae,Maackia hupehensis,-1.40 ,4.62 ,0.73 ,,,,1.683333327,17.11 ,1321.00 ,0.531200841,1.1745,699.3437258,66.72986946,3.036000013,28,25°26' N,108°05' E,"Fan, 2011, Tree Physiology",Guizhou Province,China
3025 ,Ang,Euphorbiaceae,Macaranga denticulata,-1.10 ,,,,,,1.225000014,22.42 ,1640.00 ,0.894353661,0.8598,350.4611648,75.65033519,11.8760004,18,21°55'N,101°16'E,"Zhu, 2018, Tree Physiology; Yan, 2020, Biology Letters",Yuanan province,China
821 ,Ang,Euphorbiaceae,Macaranga involucrata,,3.09 ,0.78 ,54.31 ,0.40 ,5.00 ,4.891666691,23.63 ,2084.00 ,0.865874479,1.3729,289.0695581,88.38712088,14.96000004,29,18°24' S,146°6' E,"Gleason, 2012, Functional Ecology",Queensland,Australia
2175 ,Ang,Euphorbiaceae,Macaranga sampsonii,-3.36 ,3.28 ,1.03 ,,0.49 ,7.00 ,1.87499999,20.60 ,1835.00 ,0.759396395,1.3895,565.6792834,66.92045161,8.623999596,37,23°10' N,112°32' E,"This study; Zhu, 2013, Plant, Cell & Environment",Guangdong Province,China
641 ,Ang,Euphorbiaceae,Macaranga tanarius,-0.63 ,2.83 ,1.16 ,,,,1.683333327,17.11 ,1321.00 ,0.531200841,1.1745,699.3437258,66.72986946,3.036000013,28,25°26' N,108°05' E,"Fan, 2011, Tree Physiology",Guizhou Province,China
822 ,Ang,Euphorbiaceae,Macaranga tanarius,,4.35 ,0.74 ,55.92 ,0.39 ,6.00 ,4.891666691,23.63 ,2084.00 ,0.865874479,1.3729,289.0695581,88.38712088,14.96000004,29,18°24' S,146°6' E,"Gleason, 2012, Functional Ecology",Queensland,Australia
946 ,Ang,Fabaceae,Machaerium acutifolium,,,0.10 ,,0.68 ,,1.816666663,20.44 ,1516.00 ,0.963975451,1.0732,123.7480541,79.60995496,11.52799988,8,15°56'S,47°53'W,"Gotsch, 2010, Oecologia",cerrado of central Brazil,Brazil
1504 ,Ang,Fabaceae,Machaerium acutifolium,,2.27 ,0.84 ,,0.62 ,,2.950000008,24.77 ,1143.00 ,0.998740338,0.6171,167.8732009,62.51391847,16.2159996,16,16°07' S,61°43' W,"Markesteijn et al, 2011a, 2011b","Near Conception, Santa Cruz",Bolivia
N66,Ang,Fabaceae,Machaerium capote,,2.72 ,0.55 ,,0.57 ,,0.933333327,27.11 ,2361.00 ,0.967750517,0.9,42.79068225,42.88318898,21.69199944,87,5°3?36?N,74°49?48?W,"Vargas, 2021, New Phytologist",Jabiru,Colombia
947 ,Ang,Fabaceae,Machaerium opacum,,,0.06 ,,0.65 ,,1.816666663,20.44 ,1516.00 ,0.963975451,1.0732,123.7480541,79.60995496,11.52799988,8,15°56'S,47°53'W,"Gotsch, 2010, Oecologia",cerrado of central Brazil,Brazil
1505 ,Ang,Fabaceae,Machaerium scleroxylon,,3.67 ,0.31 ,,0.49 ,,2.950000008,24.77 ,1143.00 ,0.998740338,0.6171,167.8732009,62.51391847,16.2159996,16,16°07' S,61°43' W,"Markesteijn et al, 2011a, 2011b","Near Conception, Santa Cruz",Bolivia
2360 ,Ang,Fabaceae,Machaerium seemannii,-0.91 ,3.22 ,0.29 ,,,,1.650000006,26.79 ,2330.00 ,0.716664737,1.3739,67.82329313,69.04398102,22.50799942,19,9°10'N,79°07'W,"van der Sande, 2013, Oecologia",Isthmus of Panama,Panama
2976 ,Ang,Lauraceae,Machilus breviflora,-5.15 ,,,,,,1.866666645,20.60 ,1835.00 ,0.759396395,1.4258,565.6792834,66.92045161,8.623999596,37,23°10'N,112°31'E,"Zhu, 2018, Tree Physiology",Guangdong Province,China
2142 ,Ang,Lauraceae,Machilus cavaleriei,,0.38 ,0.68 ,,0.65 ,,1.708333333,15.31 ,1184.00 ,0.558582058,1.1298,632.1588893,75.233605,1.911999941,18,26°15'N,105°80'E,This study,Guizhou Province,China
2224 ,Ang,Lauraceae,Machilus chinensis,-2.52 ,1.17 ,0.71 ,,0.50 ,,1.87499999,20.60 ,1835.00 ,0.759396395,1.3895,565.6792834,66.92045161,8.623999596,37,23°10' N,112°32' E,"This study; Zhu, 2013, Plant, Cell & Environment; Zhu, 2018, Tree Physiology; Zhu, 2019, Tree Physiology",Guangdong Province,China
2894 ,Ang,Lauraceae ,Machilus chinensis,-2.48 ,1.16 ,0.76 ,,0.51 ,,2.391666651,22.44 ,2177.00 ,0.679918148,1.613,520.8183658,75.162042,11.56799984,28,22°34' N,112°50' E,"Zhu, 2017, Forest Ecology and Management",Guangdong Province,China
1180 ,Ang,Lauraceae,Machilus grijsii,-6.00 ,,,,0.46 ,,2.208333323,17.35 ,1684.00 ,0.676074042,1.5223,844.751388,58.67976924,1.547999978,45,29°05'N,117°55'E,"Kröber, 2014, PloS one",Jiangxi province,China
2977 ,Ang,Lauraceae,Machilus kwangtungensis,-1.76 ,,,,,,1.866666645,20.60 ,1835.00 ,0.759396395,1.4258,565.6792834,66.92045161,8.623999596,37,23°10'N,112°31'E,"Zhu, 2018, Tree Physiology",Guangdong Province,China
1181 ,Ang,Lauraceae,Machilus leptophylla,-4.26 ,0.26 ,,,0.52 ,,2.208333323,17.35 ,1684.00 ,0.676074042,1.5223,844.751388,58.67976924,1.547999978,45,29°05'N,117°55'E,"Kröber, 2014, PloS one",Jiangxi province,China
685 ,Ang,Lauraceae,Machilus rufipes,,,,117.60 ,0.71 ,26.54 ,1.266666651,21.56 ,1641.00 ,0.894353661,0.9726,335.0943307,76.6728934,11.23200035,16,21°41' N,101°25' E,"Fan, 2012, Journal of Ecology",Yunnan Province,China
1182 ,Ang,Lauraceae,Machilus thunbergii,-6.06 ,0.07 ,,,0.52 ,,2.208333323,17.35 ,1684.00 ,0.676074042,1.5223,844.751388,58.67976924,1.547999978,45,29°05'N,117°55'E,"Kröber, 2014, PloS one",Jiangxi province,China
1296 ,Ang,Lauraceae,Machilus thunbergii,,0.26 ,,,0.54 ,,2.383333345,16.19 ,1749.00 ,0.606894284,1.7554,831.410251,57.04453011,1.052000046,44,29°15' N,118°07' E,"Liu, 2016, Ecology",Zhejiang province,China
2205 ,Ang,Lauraceae,Machilus velutina,-1.64 ,1.47 ,0.56 ,,0.64 ,17.00 ,1.87499999,20.60 ,1835.00 ,0.759396395,1.3895,565.6792834,66.92045161,8.623999596,37,23°10' N,112°32' E,"This study; Zhu, 2013, Plant, Cell & Environment; Zhu, 2018, Tree Physiology",Guangdong Province,China
2458 ,Ang,Lauraceae,Machilus viridis,,0.14 ,0.68 ,,0.52 ,,2.308333327,5.61 ,751.00 ,2.957267348,0.6981,607.8590627,99.25253833,-9.423999786,2,29°23'N,101°01'E,"Xu, 2020, New Phytologist",Sichuan province,China
2671 ,Ang,Lauraceae,Machilus viridis,,0.64 ,0.91 ,,0.49 ,,1.908333331,7.08 ,884.00 ,6.066549556,0.9004,638.6576091,89.54447083,-7.079999924,8,29°35'N,102°03'E,"Xu, 2020, New Phytologist",Sichuan province,China
2381 ,Ang,Moraceae,Maclura tinctoria,-0.71 ,0.39 ,1.18 ,,0.75 ,,2.366666635,20.36 ,1765.00 ,0.818603122,1.0864,359.0264792,17.9971639,9.279999733,110,25°37'S,54°20'W,"Villagra, 2012, 2013, Tree Physiology",northern Argentina,Argentina
N47,Ang,Moraceae,Maclura tinctoria,,4.30 ,0.93 ,,0.78 ,,3.533333381,26.60 ,1633.00 ,1.163631518,1.0017,80.14568299,93.82169736,21.43599892,2,10°43?31.39?N,85°35?46.99?W,"Vargas, 2021, New Phytologist",Horizontes,Costa Rica
2274 ,Ang,Moraceae,Maclura tricuspidata,,1.00 ,0.80 ,,0.76 ,,2.383333345,14.83 ,1141.00 ,0.681450467,1.1928,885.8909326,59.00553992,-2.440000057,20,31°48'N,114°04'E,"This study; Zhu, 2018, Tree Physiology",Henan province,China
2713 ,Ang,Moraceae,Maclura tricuspidata,,,1.01 ,,,,1.524999996,12.54 ,926.00 ,6.066549556,0.8051,563.7753109,89.68643892,-1.220000029,9,29°39'N,102°08'E,"Xu, 2020, New Phytologist",Sichuan province,China
615 ,Ang,Monimiaceae,Macropeplus dentatus,-3.26 ,,,,0.54 ,9.75 ,2.316666623,12.79 ,1908.00 ,0.576561968,1.778,299.2870573,65.81115372,1.95599997,37,22°42' S,45°25' W,"Eller, 2018, Plant, Cell and environment",SP,Brazil
2604 ,Ang,Rosaceae,Maddenia wilsonii,,1.08 ,0.54 ,,0.59 ,,2.324999978,0.75 ,846.00 ,38.61108759,1.0448,647.250795,90.57201924,-13,7,29°34'N,102°00'E,"Xu, 2020, New Phytologist",Sichuan province,China
2652 ,Ang,Rosaceae,Maddenia wilsonii,,1.09 ,1.22 ,,0.57 ,,2.074999998,3.00 ,858.00 ,6.066549556,0.9714,635.2643433,90.25313014,-10.72399998,8,29°35'N,102°02'E,"Xu, 2020, New Phytologist",Sichuan province,China
1297 ,Ang,Magnoliaceae,Magnolia cylindrica,,1.49 ,,,0.37 ,,2.383333345,16.19 ,1749.00 ,0.606894284,1.7554,831.410251,57.04453011,1.052000046,44,29°15' N,118°07' E,"Liu, 2016, Ecology",Zhejiang province,China
1260 ,Ang,Magnoliaceae,Magnolia grandiflora,-2.02 ,,,,,,2.99999998,17.07 ,417.00 ,1.296086607,0.3235,471.5872751,94.41524756,3.832000017,1,34°08' N,118°17' W,"Litvak, 2012, Tree Physiology",Southern California,USA
1064 ,Ang,Malvaceae,Malacothamnus fasciculatus,-0.91 ,0.77 ,,,0.57 ,2.20 ,3.766666631,16.28 ,392.00 ,1.125048534,0.3894,347.5370192,99.93090982,6.93599987,0,34°03' N,118°42' W,"Jacobsen, 2007b, Plant, Cell and Environment; Jacobsen, 2008, New Phytologist",Southern California,USA
2979 ,Ang,Euphorbiaceae,Mallotus apelta,-1.10 ,,,,,,1.866666645,20.60 ,1835.00 ,0.759396395,1.4258,565.6792834,66.92045161,8.623999596,37,23°10'N,112°31'E,"Zhu, 2018, Tree Physiology",Guangdong Province,China
630 ,Ang,Euphorbiaceae ,Mallotus barbatus,-1.67 ,7.06 ,1.24 ,,,,1.533333331,17.19 ,1259.00 ,0.599097986,1.063,606.2322877,78.61021309,4.047999859,17,25°42' N,105°35' E,"Fan, 2011, Tree Physiology",Guizhou Province,China
2275 ,Ang,Euphorbiaceae ,Mallotus japonicus,,4.17 ,1.82 ,,0.50 ,,2.383333345,14.83 ,1141.00 ,0.681450467,1.1928,885.8909326,59.00553992,-2.440000057,20,31°48'N,114°04'E,"This study; Zhu, 2018, Tree Physiology",Henan province,China
648 ,Ang,Euphorbiaceae ,Mallotus japonicus var. floccosus,-1.12 ,2.52 ,0.71 ,,,,1.533333331,17.19 ,1259.00 ,0.599097986,1.063,606.2322877,78.61021309,4.047999859,17,25°42' N,105°35' E,"Fan, 2011, Tree Physiology; Fan, 2018, Forest Ecosystems",Guizhou Province,China
686 ,Ang,Euphorbiaceae ,Mallotus paniculatus,,,,187.10 ,0.34 ,14.50 ,1.266666651,21.56 ,1641.00 ,0.894353661,0.9726,335.0943307,76.6728934,11.23200035,16,21°41' N,101°25' E,"Fan, 2012, Journal of Ecology",Yunnan Province,China
2233 ,Ang,Euphorbiaceae ,Mallotus paniculatus,-1.17 ,8.95 ,0.80 ,,0.44 ,6.50 ,1.87499999,20.60 ,1835.00 ,0.759396395,1.3895,565.6792834,66.92045161,8.623999596,37,23°10' N,112°32' E,"This study; Zhu, 2013, Plant, Cell & Environment; Zhu, 2019, Tree Physiology",Guangdong Province,China
631 ,Ang,Euphorbiaceae ,Mallotus philippensis,-0.64 ,1.22 ,0.61 ,,,,1.533333331,17.19 ,1259.00 ,0.599097986,1.063,606.2322877,78.61021309,4.047999859,17,25°42' N,105°35' E,"Fan, 2011, Tree Physiology",Guizhou Province,China
642 ,Ang,Euphorbiaceae ,Mallotus philippensis,-0.68 ,3.32 ,1.24 ,,,,1.683333327,17.11 ,1321.00 ,0.531200841,1.1745,699.3437258,66.72986946,3.036000013,28,25°26' N,108°05' E,"Fan, 2011, Tree Physiology",Guizhou Province,China
2833 ,Ang,Euphorbiaceae ,Mallotus repandus,-2.69 ,2.12 ,,,0.34 ,,1.225000004,20.88 ,1683.00 ,0.85605524,1.0122,338.2657063,78.45212263,10.92399979,17,21°36?N,101°35?E,"Zhang, 2019, Tree Physiology",Yunnan province,China
3174 ,Ang,Euphorbiaceae,Mallotus repandus,-1.16 ,,,,0.61 ,,1.575000008,21.79 ,1244.00 ,0.682104923,0.9054,514.7271923,76.36396698,9.815999985,19,22°07'N,106°45'E,"???, 2019, ??????",Guangxi province,China
2343 ,Ang,Euphorbiaceae,Mallotus wrayi,-0.53 ,,,,,,1.99999999,27.24 ,3207.00 ,0.836012663,2.0385,46.08495796,23.65472986,22.54400063,198,4°40' N,114°31' E,"Tyree, 1998, Tree Physiology",Andalau,Brunei
1038 ,Ang,Anacardiaceae,Malosma laurina,-0.90 ,5.63 ,,50.59 ,0.48 ,3.70 ,3.674999992,16.29 ,426.00 ,1.125048534,0.4373,426.7080897,99.9189354,5.268000126,1,34°06' N,118°39' W,"Jacobsen, 2005, Plant Physiology; Jacobsen, 2007b, Plant, Cell and Environment; Jacobsen, 2007c, Ecological Monographs; Jacobsen, 2008, New Phytologist; Hacke, 2009, Plant, Cell and Environment; Jarbeau, 1995, Plant, Cell and Environment",Southern California,USA
1791 ,Ang,Anacardiaceae,Malosma laurina,-6.46 ,2.53 ,0.25 ,,0.61 ,,2.800000012,17.37 ,335.00 ,1.184487994,0.2555,500.2328626,87.24346036,3.43599987,2,33°29' N,117°09' W,"Pivovaroff, 2014, New Phytologist",Southern California,USA
1352 ,Ang,Rosaceae,Malus baccata,,2.48 ,0.74 ,,0.58 ,5.27 ,1.833333333,3.27 ,661.00 ,0.432660541,0.8044,1257.058799,95.56655616,-21.12800026,5,42°24'N,128°29'E,"Liu, 2019, Science Advances",Jilin Province,China
2786 ,Ang,Rosaceae,Malus baccata,,,0.29 ,13.67 ,,,2.141666661,9.62 ,592.00 ,0.661215941,0.635,902.384731,79.18673104,-9.227999687,4,35°09'N,108°45'E,"Yin, 2019, Forests",Shaanxi Province,China
467 ,Ang,Rosaceae,Malus domestica,-3.50 ,,,19.30 ,,,1.466666664,-5.20 ,371.00 ,0.365287449,0.5778,1557.07381,115.6645372,-36.38399887,2,53°31'N,113°31'W,"Christensen-Dalsgaard?Tyree, 2013, 2014",Alberta,Canada
1298 ,Ang,Rosaceae,Malus leiocalyca,,1.15 ,,,0.55 ,,2.383333345,16.19 ,1749.00 ,0.606894284,1.7554,831.410251,57.04453011,1.052000046,44,29°15' N,118°07' E,"Liu, 2016, Ecology",Zhejiang province,China
2653 ,Ang,Rosaceae,Malus prattii,,1.73 ,1.50 ,,0.59 ,,2.074999998,3.00 ,858.00 ,6.066549556,0.9714,635.2643433,90.25313014,-10.72399998,8,29°35'N,102°02'E,"Xu, 2020, New Phytologist",Sichuan province,China
2672 ,Ang,Rosaceae,Malus prattii,,1.01 ,0.49 ,,0.66 ,,1.908333331,7.08 ,884.00 ,6.066549556,0.9004,638.6576091,89.54447083,-7.079999924,8,29°35'N,102°03'E,"Xu, 2020, New Phytologist",Sichuan province,China
2473 ,Ang,Rosaceae,Malus rockii,,,0.66 ,,,,2.391666641,2.43 ,759.00 ,0.389803522,0.8267,661.8772376,97.80626751,-11.29199982,2,29°33'N,101°23'E,"Xu, 2020, New Phytologist",Sichuan province,China
447 ,Ang,Rosaceae,Malus sylvestris,-6.01 ,,,,,,3.708333313,11.60 ,796.00 ,0.539929419,0.8978,529.6588266,23.66372411,-0.175999999,44,47°05'N,0°45'W,"Choat, 2012, Nature",Toutlemonde,France
2489 ,Ang,Rosaceae,Malus transitoria,,,0.48 ,,,,2.691666643,2.55 ,774.00 ,6.982331523,0.9977,653.3985796,96.99491164,-11.75199986,2,29°28'N,101°32'E,"Xu, 2020, New Phytologist",Sichuan province,China
2547 ,Ang,Rosaceae,Malus yunnanensis,,1.15 ,1.86 ,,0.61 ,,2.091666649,3.70 ,847.00 ,15.35548757,0.9333,618.9011041,93.37889157,-9.944000244,5,29°25'N,101°55'E,"Xu, 2020, New Phytologist",Sichuan province,China
1183 ,Ang,Magnoliaceae,Manglietia fordiana,-4.41 ,0.39 ,,,0.38 ,,2.208333323,17.35 ,1684.00 ,0.676074042,1.5223,844.751388,58.67976924,1.547999978,45,29°05'N,117°55'E,"Kröber, 2014, PloS one",Jiangxi province,China
2895 ,Ang,Magnoliaceae ,Manglietia glauca,-2.53 ,6.09 ,1.30 ,,0.39 ,,2.391666651,22.44 ,2177.00 ,0.679918148,1.613,520.8183658,75.162042,11.56799984,28,22°34' N,112°50' E,"Zhu, 2017, Forest Ecology and Management",Guangdong Province,China
2980 ,Ang,Magnoliaceae,Manglietia glauca,-2.53 ,,,,,,1.866666645,20.60 ,1835.00 ,0.759396395,1.4258,565.6792834,66.92045161,8.623999596,37,23°10'N,112°31'E,"Zhu, 2018, Tree Physiology",Guangdong Province,China
1299 ,Ang,Magnoliaceae,Manglietia yuyuanensis,,1.22 ,,,0.37 ,,2.383333345,16.19 ,1749.00 ,0.606894284,1.7554,831.410251,57.04453011,1.052000046,44,29°15' N,118°07' E,"Liu, 2016, Ecology",Zhejiang province,China
1239 ,Ang,Euphorbiaceae,Manihot carthaginensis,-1.40 ,,,,0.34 ,,1.950000008,26.56 ,879.00 ,1.02707824,0.5112,59.08015702,114.9634108,20.78000069,2,3°47'S,39°16'W,"Lima, 2018, New Phytologist",northeastern Brazil,Brazil
1506 ,Ang,Euphorbiaceae,Manihot guaranatica,,4.90 ,0.41 ,,0.19 ,,2.950000008,24.77 ,1143.00 ,0.998740338,0.6171,167.8732009,62.51391847,16.2159996,16,16°07' S,61°43' W,"Markesteijn et al, 2011a, 2011b","Near Conception, Santa Cruz",Bolivia
550 ,Ang,Sapotaceae,Manilkara bidentata,-1.91 ,2.77 ,,,0.67 ,,1.974999984,26.20 ,2501.00 ,0.620433427,2.4056,55.1326178,61.10977054,22.31999969,24,9°17' N,79°58' W,"De Guzman, 2020, Tree Physiology",near the Caribbean coast of Panama,Panama
1621 ,Ang,Sapotaceae,Manilkara bidentata,-2.70 ,,,,0.61 ,30.00 ,1.974999984,26.20 ,2501.00 ,0.620433427,2.4056,55.1326178,61.10977054,22.31999969,24,9°17' N,79°58' W,"Meinzer, 2008, Oecologia; Santiago, 2004, Oecologia",near the Caribbean coast of Panama,Panama
3074 ,Ang,Sapotaceae,Manilkara bidentata,-6.87 ,,,,,,2.158333331,25.74 ,2796.00 ,0.649499163,1.8807,45.73945121,49.59006205,21.01600075,68,5°16'N,52°55'W,"Ziegler, 2019, Annals of Forest Science","Guiana Shield, French Guiana",France (overseas territories)
282 ,Ang,Sapotaceae,Manilkara chicle,,0.45 ,0.98 ,,,,3.325000008,26.46 ,1746.00 ,0.996001165,1.0501,77.51506781,91.484941,21.35199928,1,10°52' N,85°34' W,"Brodribb, 2002, Plant Cell and Environment", the Northern Pacific coast,Costa Rica
N48,Ang,Sapotaceae,Manilkara chicle,,,,,0.88 ,,3.533333381,26.60 ,1633.00 ,1.163631518,1.0017,80.14568299,93.82169736,21.43599892,2,10°43?31.39?N,85°35?46.99?W,"Vargas, 2021, New Phytologist",Horizontes,Costa Rica
154 ,Ang,Sapotaceae,Manilkara huberi,-1.75 ,,,,,,1.341666689,26.36 ,1934.00 ,0.636951369,1.3225,59.60847558,71.64908622,21.23999977,32,2°31'S,54°35'W,"Barros, 2019, New Phytologist","Manaus, Amazonas",Brazil
141 ,Ang,Moraceae,Maquira sclerophylla,-2.21 ,,,,,,1.166666687,26.44 ,2352.00 ,0.788916395,1.4227,44.22227014,42.47501585,21.47200012,81,2°37'S,60°13'W,"Barros, 2019, New Phytologist","Manaus, Amazonas",Brazil
1951 ,Ang,Clusiaceae,Marila laxiflora,,,,,0.48 ,,1.974999984,26.20 ,2501.00 ,0.620433427,2.4056,55.1326178,61.10977054,22.31999969,24,9°17' N,79°58' W,"Santiago, 2004, Oecologia",near the Caribbean coast of Panama,Panama
551 ,Ang,Vochysiaceae,Maripa panamensis,-1.99 ,1.40 ,,,0.64 ,,1.974999984,26.20 ,2501.00 ,0.620433427,2.4056,55.1326178,61.10977054,22.31999969,24,9°17' N,79°58' W,"De Guzman, 2020, Tree Physiology",near the Caribbean coast of Panama,Panama
1590 ,Ang,Convolvulaceae,Maripa panamensis,-0.63 ,2.95 ,0.46 ,,0.71 ,,1.974999984,26.20 ,2501.00 ,0.620433427,2.4056,55.1326178,61.10977054,22.31999969,24,9°17' N,79°58' W,"Medina-Vega, 2021, Journal of Ecology",near the Caribbean coast of Panama,Panama
2361 ,Ang,Convolvulaceae,Maripa panamensis,-0.29 ,59.87 ,0.92 ,,,,1.650000006,26.79 ,2330.00 ,0.716664737,1.3739,67.82329313,69.04398102,22.50799942,19,9°10'N,79°07'W,"van der Sande, 2013, Oecologia",Isthmus of Panama,Panama
2394 ,Ang,Dipterocarpaceae,Marquesia macroura,-1.50 ,1.30 ,,,,,3.066666683,19.78 ,1236.00 ,1.01444953,0.7264,259.8332745,113.2747069,5.624000072,0,12°49' S,28°22' E,"Vinya, 2013, Oecologia",Kitwe City,Zambia 
394 ,Ang,Apocynaceae,Marsdenia sinensis,-1.04 ,10.57 ,,,,,1.450000008,19.61 ,1575.00 ,0.7831742,1.2463,355.3021639,76.07293498,9.543999672,18,21°54' N,101°46' E,"Chen, 2017, Functional Ecology",Ynanan Provience,China
687 ,Ang,Bignoniaceae,Mayodendron igneum,,,,86.60 ,0.59 ,19.13 ,1.266666651,21.56 ,1641.00 ,0.894353661,0.9726,335.0943307,76.6728934,11.23200035,16,21°41' N,101°25' E,"Fan, 2012, Journal of Ecology",Yunnan Province,China
343 ,Ang,Celastraceae,Maytenus boaria,,1.00 ,0.09 ,,,,3.066666663,9.59 ,1098.00 ,0.515819285,1.1,452.7799744,60.04093608,-2.808000088,37,42°05' S,71°37' W,"Bucci, 2019, Plant, Cell & Environment",Chubut,Argentina
2004 ,Ang,Celastraceae,Maytenus boaria,-6.37 ,,,,,,4.458333333,8.32 ,930.00 ,0.540178555,1.0102,436.8447751,57.49700711,-3.263999939,27,41°08'S,71°19'W,"Sergent, 2020, Forest Ecology and Management",Río Negro Province,Argentina
803 ,Ang,Myrtaceae,Melaleuca citrolens,,1.11 ,0.39 ,21.63 ,0.56 ,8.00 ,2.391666681,26.83 ,687.00 ,2.472404017,0.3277,380.6304795,119.4832856,13.63599968,1,18°43' S,141°50' E,"Gleason, 2012, Functional Ecology",Carpentaria,Australia
885 ,Ang,Myrtaceae,Melaleuca pallida,,0.26 ,0.64 ,34.56 ,0.76 ,4.00 ,2.458333313,16.28 ,874.00 ,0.857961244,0.5743,450.6347406,33.16001174,4,38,32°47' S,150°55' E,"Gleason, 2012, Functional Ecology; Blackman, 2014, Annals of Botany","New South Wales, Eastern Australia",Australia
754 ,Ang,Proteaceae,Melaleuca preissiana,-1.07 ,,,,,,4.299999932,18.32 ,745.00 ,1.032298112,0.5436,439.8369331,83.65878475,6.412000179,8,31°45' S,115°57' E,"Froend & Drake, 2006, Australian Journal of Botany","Swan Coastal Plain, Western Australia",Australia
2028 ,Ang,Myrtaceae,Melaleuca pustulata,-8.20 ,,,,,,4.416666627,11.58 ,637.00 ,0.463877453,0.6769,324.0222485,15.33784133,2.171999931,35,42°03'S,147°57' E,"Smith-Martin, 2020, Fuctional Ecology; Skelton, 2017, New Phytologist",East coast of Tasmania,Australia
1657 ,Ang,Myrtaceae,Melaleuca scabra,,1.11 ,0.04 ,20.28 ,0.86 ,,3.441666683,16.82 ,359.00 ,1.116587761,0.2473,521.4274796,49.21736532,2.692000151,11,32°19' S,117°52' E,"Mitchell, 2008, Oecologia",Western Australia,Australia
859 ,Ang,Myrtaceae,Melaleuca squamea,,2.96 ,0.35 ,,,2.00 ,5.108333309,10.74 ,951.00 ,0.428962839,1.0454,288.3112936,17.90963242,2.263999939,58,42°59' S,147°11' E,"Gleason, 2012, Functional Ecology",Tasmanian,Australia
860 ,Ang,Myrtaceae,Melaleuca squarrosa,,4.10 ,0.46 ,25.32 ,0.62 ,4.50 ,5.108333309,10.74 ,951.00 ,0.428962839,1.0454,288.3112936,17.90963242,2.263999939,58,42°59' S,147°11' E,"Gleason, 2012, Functional Ecology",Tasmanian,Australia
804 ,Ang,Myrtaceae,Melaleuca stenostachya,,2.74 ,0.55 ,30.30 ,0.60 ,9.00 ,2.391666681,26.83 ,687.00 ,2.472404017,0.3277,380.6304795,119.4832856,13.63599968,1,18°43' S,141°50' E,"Gleason, 2012, Functional Ecology",Carpentaria,Australia
907 ,Ang,Myrtaceae,Melaleuca uncinata,,0.44 ,0.18 ,28.64 ,0.68 ,3.10 ,2.758333325,17.54 ,410.00 ,1.496945786,0.2873,613.9776951,14.54176838,1.675999999,26,32°58' S,146°10' E,"Gleason, 2012, Functional Ecology; Blackman, 2014, Annals of Botany; Blackman, 2018, Annals of Botany",New South Wales,Australia
805 ,Ang,Myrtaceae,Melaleuca viridiflora,,3.18 ,0.51 ,40.55 ,0.55 ,5.00 ,2.391666681,26.83 ,687.00 ,2.472404017,0.3277,380.6304795,119.4832856,13.63599968,1,18°43' S,141°50' E,"Gleason, 2012, Functional Ecology",Carpentaria,Australia
2234 ,Ang,Melastomataceae,Melastoma sanguineum,-1.33 ,3.60 ,0.52 ,,0.52 ,,1.87499999,20.60 ,1835.00 ,0.759396395,1.3895,565.6792834,66.92045161,8.623999596,37,23°10' N,112°32' E,"This study; Zhu, 2013, Plant, Cell & Environment; Zhu, 2019, Tree Physiology",Guangdong Province,China
2206 ,Ang,Melastomataceae,Melastoma malabathricum,-1.12 ,3.62 ,0.38 ,,0.55 ,1.50 ,1.87499999,20.60 ,1835.00 ,0.759396395,1.3895,565.6792834,66.92045161,8.623999596,37,23°10' N,112°32' E,"This study; Zhu, 2013, Plant, Cell & Environment; Zhu, 2018, Tree Physiology",Guangdong Province,China
411 ,Ang,Meliaceae,Melia azedarach,-3.28 ,4.33 ,0.52 ,59.30 ,0.64 ,,2.791666687,12.90 ,750.00 ,0.833278615,0.7018,1029.416139,109.3542796,-7.93599987,8,35°46'N,117°47'E,"Chen, 2019, 2020, 2021, Tree Physiology","Xintai, Shandong province",China
632 ,Ang,Meliaceae,Melia azedarach,-1.11 ,6.08 ,0.75 ,,,,1.533333331,17.19 ,1259.00 ,0.599097986,1.063,606.2322877,78.61021309,4.047999859,17,25°42' N,105°35' E,"Fan, 2011, Tree Physiology",Guizhou Province,China
1184 ,Ang,Meliaceae,Melia azedarach,-1.85 ,17.52 ,,,0.47 ,,2.208333323,17.35 ,1684.00 ,0.676074042,1.5223,844.751388,58.67976924,1.547999978,45,29°05'N,117°55'E,"Kröber, 2014, PloS one",Jiangxi province,China
2163 ,Ang,Meliaceae,Melia azedarach,,14.06 ,1.67 ,,0.43 ,,2.383333345,14.83 ,1141.00 ,0.681450467,1.1928,885.8909326,59.00553992,-2.440000057,20,31°48'N,114°04'E,This study,Henan province,China
1156 ,Ang,Meliaceae,Melia volkensii,,2.79 ,,110.00 ,,5.30 ,3.016666691,19.72 ,692.00 ,0.900344312,0.4632,115.555556,73.90494713,12.73600006,11,1°19' S,36°55' E,"Kondoh, 2006, Tree Physiology","Tiva, Kitiui Prefecture",Kenya
2225 ,Ang,Rutaceae,Melicope pteleifolia,-2.70 ,1.45 ,0.99 ,,0.51 ,,1.87499999,20.60 ,1835.00 ,0.759396395,1.3895,565.6792834,66.92045161,8.623999596,37,23°10' N,112°32' E,"This study; Zhu, 2013, Plant, Cell & Environment; Zhu, 2018, Tree Physiology; Zhu, 2019, Tree Physiology",Guangdong Province,China
2548 ,Ang,Sabiaceae,Meliosma cuneifolia,,1.01 ,0.37 ,,0.46 ,,2.091666649,3.70 ,847.00 ,15.35548757,0.9333,618.9011041,93.37889157,-9.944000244,5,29°25'N,101°55'E,"Xu, 2020, New Phytologist",Sichuan province,China
1185 ,Ang,Sabiaceae,Meliosma flexuosa,-1.43 ,0.97 ,,,0.47 ,,2.208333323,17.35 ,1684.00 ,0.676074042,1.5223,844.751388,58.67976924,1.547999978,45,29°05'N,117°55'E,"Kröber, 2014, PloS one",Jiangxi province,China
1300 ,Ang,Sabiaceae,Meliosma oldhamii,,1.12 ,,,0.42 ,,2.383333345,16.19 ,1749.00 ,0.606894284,1.7554,831.410251,57.04453011,1.052000046,44,29°15' N,118°07' E,"Liu, 2016, Ecology",Zhejiang province,China
2981 ,Ang,Sabiaceae,Meliosma rigida,-1.70 ,,,,,,1.866666645,20.60 ,1835.00 ,0.759396395,1.4258,565.6792834,66.92045161,8.623999596,37,23°10'N,112°31'E,"Zhu, 2018, Tree Physiology",Guangdong Province,China
2235 ,Ang,Melastomataceae,Memecylon ligustrifolium,-1.87 ,0.56 ,0.77 ,,0.86 ,7.00 ,1.87499999,20.60 ,1835.00 ,0.759396395,1.3895,565.6792834,66.92045161,8.623999596,37,23°10' N,112°32' E,"This study; Zhu, 2013, Plant, Cell & Environment; Zhu, 2019, Tree Physiology",Guangdong Province,China
1051 ,Ang,Asteraceae,Metalasia densa,-6.20 ,0.27 ,,19.71 ,0.71 ,1.00 ,3.683333317,14.30 ,602.00 ,1.077447454,0.5989,373.0088434,47.52210499,2.832000017,25,33°56' S,19°31' E,"Jacobsen, 2007a, 2009",Western Cape Province,South Africa
2110 ,Ang,Myrtaceae,Metrosideros angustifolia,-1.71 ,,,,,,4.416666647,15.47 ,836.00 ,0.889985229,0.7322,352.3083026,57.40640208,5.427999973,25,33°57' S,18°55' E,"Swift, 2008, South African Journal of Botany",Western Cape Province,South Africa
531 ,Ang,Myrtaceae,Metrosideros polymorpha,-2.09 ,3.60 ,0.52 ,,,,5.51666673,20.47 ,2108.00 ,0.734473619,0.7704,123.4566059,30.01245736,14.79199982,113,19°46'N,155°56'W,"Cornwell, 2007, Fuctional Ecology",Hawaii,USA
532 ,Ang,Myrtaceae,Metrosideros polymorpha,-2.35 ,1.97 ,0.76 ,,,,5.550000072,19.66 ,2338.00 ,2.449240771,3.2081,119.8168322,33.83118132,13.91600037,97,19°41'N,155°12'W,"Cornwell, 2007, Fuctional Ecology",Hawaii,USA
155 ,Ang,Lauraceae,Mezilaurus itauba,-2.98 ,,,,,,1.341666689,26.36 ,1934.00 ,0.636951369,1.3225,59.60847558,71.64908622,21.23999977,32,2°31'S,54°35'W,"Barros, 2019, New Phytologist","Manaus, Amazonas",Brazil
688 ,Ang,Magnoliaceae,Michelia baillonii,,,,97.50 ,0.67 ,25.80 ,1.266666651,21.56 ,1641.00 ,0.894353661,0.9726,335.0943307,76.6728934,11.23200035,16,21°41' N,101°25' E,"Fan, 2012, Journal of Ecology",Yunnan Province,China
395 ,Ang,Magnoliceae,Michelia hypolampra,-2.25 ,1.69 ,,,,,1.450000008,19.61 ,1575.00 ,0.7831742,1.2463,355.3021639,76.07293498,9.543999672,18,21°54' N,101°46' E,"Chen, 2017, Functional Ecology",Ynanan Provience,China
2903 ,Ang,Magnoliaceae ,Michelia macclurei,-3.54 ,1.32 ,1.08 ,,0.50 ,,2.391666651,22.44 ,2177.00 ,0.679918148,1.613,520.8183658,75.162042,11.56799984,28,22°34' N,112°50' E,"Zhu, 2017, Forest Ecology and Management; Tang, 2018, Global Ecology and Conservation",Guangdong Province,China
2982 ,Ang,Magnoliaceae,Michelia macclurei,-3.54 ,,,,,,1.866666645,20.60 ,1835.00 ,0.759396395,1.4258,565.6792834,66.92045161,8.623999596,37,23°10'N,112°31'E,"Zhu, 2018, Tree Physiology",Guangdong Province,China
2896 ,Ang,Magnoliaceae ,Michelia maudiae,-3.50 ,1.45 ,0.54 ,,0.49 ,,2.391666651,22.44 ,2177.00 ,0.679918148,1.613,520.8183658,75.162042,11.56799984,28,22°34' N,112°50' E,"Zhu, 2017, Forest Ecology and Management",Guangdong Province,China
2983 ,Ang,Magnoliaceae,Michelia maudiae,-3.50 ,,,,,,1.866666645,20.60 ,1835.00 ,0.759396395,1.4258,565.6792834,66.92045161,8.623999596,37,23°10'N,112°31'E,"Zhu, 2018, Tree Physiology",Guangdong Province,China
2984 ,Ang,Magnoliaceae,Michelia odora,-4.54 ,,,,,,1.866666645,20.60 ,1835.00 ,0.759396395,1.4258,565.6792834,66.92045161,8.623999596,37,23°10'N,112°31'E,"Zhu, 2018, Tree Physiology",Guangdong Province,China
1301 ,Ang,Magnoliaceae,Michelia skinnneriana,,0.20 ,,,0.48 ,,2.383333345,16.19 ,1749.00 ,0.606894284,1.7554,831.410251,57.04453011,1.052000046,44,29°15' N,118°07' E,"Liu, 2016, Ecology",Zhejiang province,China
1575 ,Ang,Melastomataceae,Miconia argentea,-1.18 ,2.13 ,0.63 ,46.72 ,0.54 ,4.40 ,1.650000006,26.79 ,2330.00 ,0.716664737,1.3739,67.82329313,69.04398102,22.50799942,19,9°10'N,79°07'W,"McCulloh, 2012, Plant, cell and Envirnoment; van der Sande, 2013, Oecologia",Isthmus of Panama and Barro Colorado Island (BCI),Panama
N92,Ang,Melastomataceae,Miconia argentea,,,,,0.68 ,,3.533333381,26.60 ,1633.00 ,1.163631518,1.0017,80.14568299,93.82169736,21.43599892,2,10°43?31.39?N,85°35?46.99?W,"Vargas, 2021, New Phytologist",Santa Elena,Costa Rica
1952 ,Ang,Melastomataceae,Miconia borealis,,,,,0.50 ,,1.974999984,26.20 ,2501.00 ,0.620433427,2.4056,55.1326178,61.10977054,22.31999969,24,9°17' N,79°58' W,"Santiago, 2004, Oecologia",near the Caribbean coast of Panama,Panama
1005 ,Ang,Melastomataceae,Miconia cuspidata,-3.40 ,5.37 ,1.33 ,,0.74 ,,1.816666663,20.44 ,1516.00 ,0.963975451,1.09,123.7480541,79.60995496,11.52799988,8,15°56' S,47°53' W,"Hao, 2008, Oecologia; Gotsch, 2010, Oecologia",35 km south of Brasilia,Brasil
156 ,Ang,Melastomataceae,Miconia lepidota,-5.02 ,,,,,,1.341666689,26.36 ,1934.00 ,0.636951369,1.3225,59.60847558,71.64908622,21.23999977,32,2°31'S,54°35'W,"Barros, 2019, New Phytologist","Manaus, Amazonas",Brazil
1591 ,Ang,Melastomataceae,Miconia minutiflora,-3.15 ,15.14 ,0.42 ,,0.62 ,,1.974999984,26.20 ,2501.00 ,0.620433427,2.4056,55.1326178,61.10977054,22.31999969,24,9°17' N,79°58' W,"Medina-Vega, 2021, Journal of Ecology",near the Caribbean coast of Panama,Panama
1006 ,Ang,Melastomataceae,Miconia pohliana,-3.10 ,4.73 ,0.35 ,,0.53 ,,1.816666663,20.44 ,1516.00 ,0.963975451,1.09,123.7480541,79.60995496,11.52799988,8,15°56' S,47°53' W,"Hao, 2008, Oecologia; Gotsch, 2010, Oecologia",35 km south of Brasilia,Brasil
727 ,Ang,Melastomataceae,Miconia sp.,,0.51 ,0.11 ,,,,3.549999992,18.76 ,2460.00 ,0.679743024,2.1332,77.121891,75.74682369,13.0880003,23,10°12' N,84°42' W,"Feild & Holbrook, 2000, Plant, Cell and Environment",La Reserva Bosque Nuboso de Monteverde,Costa Rica
2039 ,Ang,Euphorbiaceae,Micranda sprucei,,3.90 ,0.56 ,42.82 ,0.42 ,8.00 ,1.016666661,26.28 ,3400.00 ,0.750267507,1.7274,48.81918989,24.9449351,18.87199974,195,1°54' N,67°03' W,"Sobrado, 2010, Journal of Tropical Ecology", southern Venezuela,Venezuela
2029 ,Ang,Picrodendraceae,Micrantheum hexandrum,-7.04 ,,,,,,4.416666627,11.58 ,637.00 ,0.463877453,0.6769,324.0222485,15.33784133,2.171999931,35,42°03'S,147°57' E,"Smith-Martin, 2020, Fuctional Ecology; Skelton, 2017, New Phytologist",East coast of Tasmania,Australia
2207 ,Ang,Pandaceae ,Microdesmis caseariifolia,-2.60 ,1.41 ,0.65 ,,0.64 ,,1.87499999,20.60 ,1835.00 ,0.759396395,1.3895,565.6792834,66.92045161,8.623999596,37,23°10' N,112°32' E,"This study; Zhu, 2013, Plant, Cell & Environment; Zhu, 2018, Tree Physiology",Guangdong Province,China
879 ,Ang,Myrtaceae,Micromyrtus sessilis,,0.14 ,0.29 ,16.07 ,,,2.758333325,17.54 ,410.00 ,1.496945786,0.2873,613.9776951,14.54176838,1.675999999,26,32°58' S,146°10' E,"Gleason, 2012, Functional Ecology; Blackman, 2014, Annals of Botany",New South Wales,Australia
1936 ,Ang,Sapotaceae,Micropholis venulosa,-1.99 ,2.52 ,1.05 ,,0.71 ,,1.724999984,26.11 ,2200.00 ,0.714118781,1.282,47.26106932,58.15009262,20.47200012,48,1°43'S,51°27'W,"Rowland, 2020, New Phytologist",eastern Amazonia,Brazil
1729 ,Ang,Sapotaceae,Micropholis williamii,-1.78 ,,,,,,1.141666691,26.88 ,2216.00 ,0.839025411,1.3428,52.339996,49.8643603,22.24399948,59,03°08'S,59°53'W,"Oliveire, 2019, New Phytologist",Manaus,Brazil
3028 ,Ang,Fabaceae,Millettia cubitti,-1.20 ,,,,,,1.225000014,22.42 ,1640.00 ,0.894353661,0.8598,350.4611648,75.65033519,11.8760004,18,21°55'N,101°16'E,"Zhu, 2018, Tree Physiology; Yan, 2020, Biology Letters",Yuanan province,China
760 ,Ang,Fabaceae,Millettia cubittii,-0.74 ,4.05 ,1.80 ,,0.52 ,,1.450000008,19.61 ,1575.00 ,0.7831742,1.2463,355.3021639,76.07293498,9.543999672,18,21°54' N,101°46' E,"Fu, 2012, Annals of Botany",Yunnan Province,China
2911 ,Ang,Fabaceae,Millettia cubittii,-1.10 ,7.73 ,1.14 ,,0.53 ,,1.450000008,19.61 ,1575.00 ,0.7831742,1.2463,355.3021639,76.07293498,9.543999672,18,21°54'N,101°46'E,"Zhu, 2017, Tree Physiology",Yunnan Province,China
3029 ,Ang,Fabaceae,Millettia dielsiana,-1.70 ,,,,,,1.225000014,22.42 ,1640.00 ,0.894353661,0.8598,350.4611648,75.65033519,11.8760004,18,21°55'N,101°16'E,"Zhu, 2018, Tree Physiology; Yan, 2020, Biology Letters",Yuanan province,China
2912 ,Ang,Fabaceae,Millettia leptobotrya,-1.60 ,4.61 ,2.17 ,,0.63 ,,1.450000008,19.61 ,1575.00 ,0.7831742,1.2463,355.3021639,76.07293498,9.543999672,18,21°54'N,101°46'E,"Zhu, 2017, Tree Physiology",Yunnan Province,China
3030 ,Ang,Fabaceae,Millettia leptobotrya ,-2.40 ,,,,,,1.225000014,22.42 ,1640.00 ,0.894353661,0.8598,350.4611648,75.65033519,11.8760004,18,21°55'N,101°16'E,"Zhu, 2018, Tree Physiology; Yan, 2020, Biology Letters",Yuanan province,China
2935 ,Ang,Fabaceae,Millettia ooeperma,-1.50 ,,,,,,1.225000014,22.42 ,1640.00 ,0.894353661,0.8598,350.4611648,75.65033519,11.8760004,18,21°55'N,101°16'E,"Zhu, 2018, Tree Physiology",Yuanan province,China
2927 ,Ang,Fabaceae,Millettia pachycarpa,-1.21 ,11.51 ,1.79 ,165.00 ,0.50 ,,1.450000008,19.61 ,1575.00 ,0.7831742,1.2463,355.3021639,76.07293498,9.543999672,18,21°54'N,101°46'E,"Zhu, 2017, Tree Physiology; Zhu & Cao, 2009, Plant Ecology",Yunnan Province,China
3031 ,Ang,Fabaceae,Millettia pachycarpa ,-0.90 ,,,,,,1.225000014,22.42 ,1640.00 ,0.894353661,0.8598,350.4611648,75.65033519,11.8760004,18,21°55'N,101°16'E,"Zhu, 2018, Tree Physiology; Yan, 2020, Biology Letters",Yuanan province,China
N84,Ang,Fabaceae,Mimosa bahamensis,,3.07 ,1.80 ,,0.91 ,,2.366666665,25.43 ,1087.00 ,1.022873596,0.5479,207.2946945,70.07447924,15.63199997,22,20°5?26.73?N,89°33?47.66?W,"Vargas, 2021, New Phytologist",Kaxil Kiuic,Mexico
1240 ,Ang,Fabaceae,Mimosa caesalpiniifolia,-1.49 ,,,,0.65 ,,1.950000008,26.56 ,879.00 ,1.02707824,0.5112,59.08015702,114.9634108,20.78000069,2,3°47'S,39°16'W,"Lima, 2018, New Phytologist",northeastern Brazil,Brazil
1792 ,Ang,Phrymaceae,Mimulus aurantiacus,-1.31 ,0.59 ,0.19 ,,0.63 ,,2.800000012,17.37 ,335.00 ,1.184487994,0.2555,500.2328626,87.24346036,3.43599987,2,33°29' N,117°09' W,"Pivovaroff, 2014, New Phytologist",Southern California,USA
142 ,Ang,Olacaceae,Minquartia guianensis,-2.16 ,,,,,,1.166666687,26.44 ,2352.00 ,0.788916395,1.4227,44.22227014,42.47501585,21.47200012,81,2°37'S,60°13'W,"Barros, 2019, New Phytologist","Manaus, Amazonas",Brazil
157 ,Ang,Olacaceae,Minquartia guianensis,-2.37 ,,,,,,1.341666689,26.36 ,1934.00 ,0.636951369,1.3225,59.60847558,71.64908622,21.23999977,32,2°31'S,54°35'W,"Barros, 2019, New Phytologist","Manaus, Amazonas",Brazil
2176 ,Ang,Sapindaceae ,Mischocarpus pentapetalus,-1.79 ,1.28 ,0.74 ,,0.50 ,,1.87499999,20.60 ,1835.00 ,0.759396395,1.3895,565.6792834,66.92045161,8.623999596,37,23°10' N,112°32' E,"This study; Zhu, 2013, Plant, Cell & Environment",Guangdong Province,China
861 ,Ang,Epacridaceae,Monotoca glauca,,1.69 ,0.52 ,25.96 ,0.65 ,4.00 ,5.108333309,10.74 ,951.00 ,0.428962839,1.0454,288.3112936,17.90963242,2.263999939,58,42°59' S,147°11' E,"Gleason, 2012, Functional Ecology",Tasmanian,Australia
866 ,Ang,Epacridaceae,Monotoca scoparia,,0.40 ,0.39 ,22.27 ,0.74 ,1.00 ,2.458333313,16.28 ,874.00 ,0.857961244,0.5743,450.6347406,33.16001174,4,38,32°47' S,150°55' E,"Gleason, 2012, Functional Ecology",Eastern Australia,Australia
2035 ,Ang,Capparaceae,Morisonia americana,-2.39 ,0.14 ,0.36 ,,,,2.308333337,22.92 ,1162.00 ,0.859320757,0.694,73.08045044,62.82491845,17.07600021,18,10°15' N,67°03' W,"Sobrado, 1997, Acta Ecologica",Estado Miranda,Venezuela
3075 ,Ang,Clusiaceae,Moronobea coccinea,-2.97 ,,,,,,2.158333331,25.74 ,2796.00 ,0.649499163,1.8807,45.73945121,49.59006205,21.01600075,68,5°16'N,52°55'W,"Ziegler, 2019, Annals of Forest Science","Guiana Shield, French Guiana",France (overseas territories)
412 ,Ang,Moraceae,Morus alba,-1.60 ,2.02 ,1.04 ,45.10 ,0.57 ,,2.791666687,12.90 ,750.00 ,0.833278615,0.7018,1029.416139,109.3542796,-7.93599987,8,35°46'N,117°47'E,"Chen, 2019, 2020, 2021, Tree Physiology","Xintai, Shandong province",China
1968 ,Ang,Moraceae,Morus alba,,,,,0.58 ,,2.224999984,13.22 ,1284.00 ,0.550608952,1.2953,680.3336276,20.82444629,0.263999999,70,45°38'N,13°48''E,"Savi, 2019, Tree Physiology",Trieste,Italy
2276 ,Ang,Moraceae,Morus alba,,1.73 ,0.80 ,,0.59 ,,2.383333345,14.83 ,1141.00 ,0.681450467,1.1928,885.8909326,59.00553992,-2.440000057,20,31°48'N,114°04'E,"This study; Zhu, 2018, Tree Physiology",Henan province,China
2714 ,Ang,Moraceae,Morus australis,,,0.89 ,,,,1.524999996,12.54 ,926.00 ,6.066549556,0.8051,563.7753109,89.68643892,-1.220000029,9,29°39'N,102°08'E,"Xu, 2020, New Phytologist",Sichuan province,China
337 ,Ang,Apiaceae,Mulinum spinosum,-5.70 ,0.52 ,0.01 ,15.70 ,0.36 ,0.40 ,6.283333381,9.38 ,136.00 ,0.64518605,0.1852,473.02423,46.29868929,-2.947999954,4,46°31' S,71°03' W,"Bucci, 2013, Plant, Cell & Environment? Bucci, 2009, Oecologia",northwest Santa Cruz,Argentina
1693 ,Ang,Myrtaceae,Myrceugenia correifolia,,0.44 ,0.20 ,21.42 ,,,2.566666633,16.04 ,127.00 ,0.68568213,0.1067,304.3601693,124.5331845,6.93200016,0,30°40' S,71°30' W,"Negret, 2013, Oecologia",,Chile
616 ,Ang,Myrtaceae,Myrceugenia cucullata,-2.86 ,,,,0.47 ,14.30 ,2.316666623,12.79 ,1908.00 ,0.576561968,1.778,299.2870573,65.81115372,1.95599997,37,22°42' S,45°25' W,"Eller, 2018, Plant, Cell and environment",SP,Brazil
344 ,Ang,Myrtaceae,Myrceugenia exsucca,,1.33 ,0.09 ,,,,3.066666663,9.59 ,1098.00 ,0.515819285,1.1,452.7799744,60.04093608,-2.808000088,37,42°05' S,71°37' W,"Bucci, 2019, Plant, Cell & Environment",Chubut,Argentina
617 ,Ang,Myrtaceae,Myrceugenia ovalifolia,-3.28 ,,,,0.56 ,21.30 ,2.316666623,12.79 ,1908.00 ,0.576561968,1.778,299.2870573,65.81115372,1.95599997,37,22°42' S,45°25' W,"Eller, 2018, Plant, Cell and environment",SP,Brazil
618 ,Ang,Myrtaceae,Myrceugenia regnelliana,-4.90 ,,,,0.59 ,5.10 ,2.316666623,12.79 ,1908.00 ,0.576561968,1.778,299.2870573,65.81115372,1.95599997,37,22°42' S,45°25' W,"Eller, 2018, Plant, Cell and environment",SP,Brazil
948 ,Ang,Myrtaceae,Myrcia rostrata,,,0.61 ,,0.65 ,,1.816666663,20.44 ,1516.00 ,0.963975451,1.0732,123.7480541,79.60995496,11.52799988,8,15°56'S,47°53'W,"Gotsch, 2010, Oecologia",cerrado of central Brazil,Brazil
949 ,Ang,Myrtaceae,Myrcia tomentosa,,,0.11 ,,0.74 ,,1.816666663,20.44 ,1516.00 ,0.963975451,1.0732,123.7480541,79.60995496,11.52799988,8,15°56'S,47°53'W,"Gotsch, 2010, Oecologia",cerrado of central Brazil,Brazil
1507 ,Ang,Myrtaceae,Myrciaria cauliflora,,0.56 ,0.41 ,,0.64 ,,2.950000008,24.77 ,1143.00 ,0.998740338,0.6171,167.8732009,62.51391847,16.2159996,16,16°07' S,61°43' W,"Markesteijn et al, 2011a, 2011b","Near Conception, Santa Cruz",Bolivia
1302 ,Ang,Myricaceae,Myrica rubra,,1.11 ,,,0.52 ,,2.383333345,16.19 ,1749.00 ,0.606894284,1.7554,831.410251,57.04453011,1.052000046,44,29°15' N,118°07' E,"Liu, 2016, Ecology",Zhejiang province,China
N49,Ang,Fabaceae,Myrospermum frutescens,,,,,0.68 ,,3.533333381,26.60 ,1633.00 ,1.163631518,1.0017,80.14568299,93.82169736,21.43599892,2,10°43?31.39?N,85°35?46.99?W,"Vargas, 2021, New Phytologist",Horizontes,Costa Rica
2143 ,Ang,Primulaceae,Myrsine africana,,0.09 ,0.37 ,,0.67 ,,1.708333333,15.31 ,1184.00 ,0.558582058,1.1298,632.1588893,75.233605,1.911999941,18,26°15'N,105°80'E,This study,Guizhou Province,China
1007 ,Ang,Primulaceae,Myrsine ferruginea,-3.08 ,3.25 ,0.68 ,,0.62 ,,1.816666663,20.44 ,1516.00 ,0.963975451,1.09,123.7480541,79.60995496,11.52799988,8,15°56' S,47°53' W,"Hao, 2008, Oecologia; Gotsch, 2010, Oecologia",35 km south of Brasilia,Brasil
1008 ,Ang,Primulaceae,Myrsine guianensis,-2.12 ,2.00 ,0.55 ,,0.52 ,,1.816666663,20.44 ,1516.00 ,0.963975451,1.09,123.7480541,79.60995496,11.52799988,8,15°56' S,47°53' W,"Hao, 2008, Oecologia; Gotsch, 2010, Oecologia",35 km south of Brasilia,Brasil
2985 ,Ang,Primulaceae,Myrsine seguinii,-2.08 ,,,,,,1.866666645,20.60 ,1835.00 ,0.759396395,1.4258,565.6792834,66.92045161,8.623999596,37,23°10'N,112°31'E,"Zhu, 2018, Tree Physiology",Guangdong Province,China
2734 ,Ang,Myrsinaceae,Myrsine semiserrata,,0.14 ,1.11 ,,0.63 ,,1.299999992,13.24 ,983.00 ,2.92760473,0.7174,576.9135477,90.39955827,-0.60799998,10,29°26'N,102°10'E,"Xu, 2020, New Phytologist",Sichuan province,China
18 ,Ang,Myrtaceae,Myrtaceae sp. 10,,5.34 ,0.61 ,47.10 ,,29.00 ,1.208333343,21.09 ,1997.00 ,0.725864083,1.393,41.63576929,29.39761851,15.43999958,96,1°29'S,120°04'E,"Alexandra, 2015, Flora",Central Sulawesi,Indonesia
2813 ,Ang,Myrtaceae,Myrtaceae sp. 10,,5.34 ,0.61 ,47.10 ,,29.00 ,1.166666677,21.09 ,1997.00 ,0.725864083,1.3865,41.63576929,29.39761851,15.43999958,96,1°29'S,120°04'E,"Zach, 2010, Flora",Sulawesi,Indonesia
2814 ,Ang,Myrtaceae,Myrtaceae sp. 8,,3.88 ,0.68 ,43.50 ,,11.70 ,1.166666677,21.09 ,1997.00 ,0.725864083,1.3865,41.63576929,29.39761851,15.43999958,96,1°29'S,120°04'E,"Zach, 2010, Flora",Sulawesi,Indonesia
19 ,Ang,Myrtaceae,Myrtaceae sp.8,,3.88 ,0.68 ,43.50 ,,11.70 ,1.208333343,21.09 ,1997.00 ,0.725864083,1.393,41.63576929,29.39761851,15.43999958,96,1°29'S,120°04'E,"Alexandra, 2015, Flora",Central Sulawesi,Indonesia
1895 ,Ang,Myrtaceae,Myrtus communis,-4.06 ,0.79 ,0.25 ,,,1.15 ,2.733333329,16.24 ,465.00 ,1.255760801,0.4115,673.8307813,54.27653412,0.451999992,5,38°14' N,4°12' W,"Quero, 2011, Oecologia",Sierra De Cardena,Spain
2300 ,Ang,Myrtaceae,Myrtus communis,-1.30 ,0.49 ,0.24 ,9.61 ,,2.00 ,2.858333349,13.54 ,849.00 ,0.662581357,0.8832,652.6431961,30.90367526,0.400000006,32,43°26' N,10°42' E,"Tognetti, 2001, Australian Journal of Plant Physiology",Lajatico,Italy
1052 ,Ang,Bruniaceae,Nebelia laevis,-3.04 ,0.19 ,,18.45 ,0.57 ,1.00 ,3.683333317,14.30 ,602.00 ,1.077447454,0.5989,373.0088434,47.52210499,2.832000017,25,33°56' S,19°31' E,"Jacobsen, 2007a, 2009",Western Cape Province,South Africa
1953 ,Ang,Lauraceae,Nectandra purpurascens,,,,,0.55 ,,1.974999984,26.20 ,2501.00 ,0.620433427,2.4056,55.1326178,61.10977054,22.31999969,24,9°17' N,79°58' W,"Santiago, 2004, Oecologia",near the Caribbean coast of Panama,Panama
1508 ,Ang,Nyctaginaceae,Neea steinbachii,,1.25 ,0.66 ,,0.42 ,,2.950000008,24.77 ,1143.00 ,0.998740338,0.6171,167.8732009,62.51391847,16.2159996,16,16°07' S,61°43' W,"Markesteijn et al, 2011a, 2011b","Near Conception, Santa Cruz",Bolivia
2459 ,Ang,Rosaceae,Neillia affinis,,1.28 ,0.70 ,,0.59 ,,2.308333327,5.61 ,751.00 ,2.957267348,0.6981,607.8590627,99.25253833,-9.423999786,2,29°23'N,101°01'E,"Xu, 2020, New Phytologist",Sichuan province,China
2715 ,Ang,Rosaceae,Neillia affinis,,,1.42 ,,,,1.524999996,12.54 ,926.00 ,6.066549556,0.8051,563.7753109,89.68643892,-1.220000029,9,29°39'N,102°08'E,"Xu, 2020, New Phytologist",Sichuan province,China
275 ,Ang,Atherospermataceae ,Nemuaron vieillardii,,1.21 ,0.50 ,,,,3.900000016,19.33 ,2351.00 ,0.718162138,1.9001,192.9429245,29.3970836,12.20800018,110,22°02' S,166°28' E,"Brodribb & Feild, 2000, Plant, Cell and Environment",New Caledonia,France (Overseas territories)
2310 ,Ang,Atherospermataceae,Nemuaron vieillardii,-2.30 ,0.79 ,,,0.63 ,,3.558333317,21.52 ,1714.00 ,0.718162138,0.8818,220.7286897,30.09397778,14.36400032,72,22° 07' S,166° 26' E,"Trueba, 2017, Plant, Cell and Environment; Trueba, 2019, Journal of Experimental Botany",New Caledonia,France (Overseas territories)
1212 ,Gym,Cupressaceae,Neocallitropsis pancheri,-4.14 ,0.74 ,,13.16 ,0.74 ,,3.950000008,23.09 ,1303.00 ,0.718162138,0.8808,242.6804544,42.2422835,15.8347826,46,22°14'S,166°29'E,"Larter, 2017, New Phytologist",New Caledonia,France (Overseas territories)
1303 ,Ang,Lauraceae,Neolitsea aurata,,0.09 ,,,0.49 ,,2.383333345,16.19 ,1749.00 ,0.606894284,1.7554,831.410251,57.04453011,1.052000046,44,29°15' N,118°07' E,"Liu, 2016, Ecology",Zhejiang province,China
2871 ,Ang,Lauraceae,Neolitsea aurata var. chekiangensis,,0.42 ,0.50 ,,0.79 ,,3.800000052,17.04 ,1262.00 ,0.591932528,1.3539,825.8536277,42.18081321,2.092000008,45,29°52'N,121°39'E,"Zhao, 2016, Chinese Journal of Plant Ecology",Zhejiang Province,China
2208 ,Ang,Lauraceae,Neolitsea cambodiana,-2.62 ,1.80 ,0.27 ,,0.59 ,12.00 ,1.87499999,20.60 ,1835.00 ,0.759396395,1.3895,565.6792834,66.92045161,8.623999596,37,23°10' N,112°32' E,"This study; Zhu, 2013, Plant, Cell & Environment; Zhu, 2018, Tree Physiology",Guangdong Province,China
N85,Ang,Polygonaceae,Neomillspaughia emarginata,,2.83 ,0.89 ,,0.80 ,,2.366666665,25.43 ,1087.00 ,1.022873596,0.5479,207.2946945,70.07447924,15.63199997,22,20°5?26.73?N,89°33?47.66?W,"Vargas, 2021, New Phytologist",Kaxil Kiuic,Mexico
689 ,Ang,Rubiaceae,Neonauclea tsaiana,,,,118.00 ,0.77 ,17.00 ,1.266666651,21.56 ,1641.00 ,0.894353661,0.9726,335.0943307,76.6728934,11.23200035,16,21°41' N,101°25' E,"Fan, 2012, Journal of Ecology",Yunnan Province,China
690 ,Ang,Sapindaceae,Nephelium chryseum,,,,147.10 ,0.73 ,29.32 ,1.266666651,21.56 ,1641.00 ,0.894353661,0.9726,335.0943307,76.6728934,11.23200035,16,21°41' N,101°25' E,"Fan, 2012, Journal of Ecology",Yunnan Province,China
2987 ,Ang,Sapindaceae,Nephelium chryseum,-1.46 ,,,,,,1.866666645,20.60 ,1835.00 ,0.759396395,1.4258,565.6792834,66.92045161,8.623999596,37,23°10'N,112°31'E,"Zhu, 2018, Tree Physiology",Guangdong Province,China
2332 ,Ang,Sapindaceae,Nephelium lappaceum,-0.76 ,,,,,,1.808333327,27.33 ,3096.00 ,0.808628976,2.0808,45.1874726,24.42523653,22.56800079,192,4°34' N,114°25' E,"Tyree, 1998, Tree Physiology",Badas,Brunei
1793 ,Ang,Solanaceae,Nicotiana glauca,-3.77 ,1.74 ,0.08 ,,0.37 ,,2.800000012,17.37 ,335.00 ,1.184487994,0.2555,500.2328626,87.24346036,3.43599987,2,33°29' N,117°09' W,"Pivovaroff, 2014, New Phytologist",Southern California,USA
324 ,Ang,Nothofagaceae,Nothofagus alessandrii,-4.30 ,0.50 ,0.14 ,,0.57 ,,3.616666655,11.62 ,883.00 ,0.561709774,0.8237,335.3534156,95.85412991,1.751999974,9,35°50' S,72°30' W,"Bucci, 2012, Tree Physiology",Patagonia,Argentina 
328 ,Ang,Nothofagaceae,Nothofagus antarctica,-5.30 ,1.31 ,0.13 ,,0.55 ,,5.658333341,4.15 ,959.00 ,0.48930522,1.1746,432.7216834,49.11645781,-6.771999836,32,43°16' S,71°41' W,"Bucci, 2012, Tree Physiology",Patagonia,Argentina 
331 ,Ang,Nothofagaceae,Nothofagus antarctica,-3.00 ,0.84 ,0.20 ,,0.54 ,,4.674999992,8.35 ,773.00 ,0.540536973,0.7419,469.2593549,50.94435317,-4.768000126,31,42°55' S,71°25' W,"Bucci, 2012, Tree Physiology",Patagonia,Argentina 
2005 ,Ang,Nothofagaceae,Nothofagus antarctica,-2.20 ,,,,,,4.458333333,8.32 ,930.00 ,0.540178555,1.0102,436.8447751,57.49700711,-3.263999939,27,41°08'S,71°19'W,"Sergent, 2020, Forest Ecology and Management",Río Negro Province,Argentina
276 ,Ang,Nothofagaceae,Nothofagus codonandra,,1.33 ,0.48 ,,,,3.900000016,19.33 ,2351.00 ,0.718162138,1.9001,192.9429245,29.3970836,12.20800018,110,22°02' S,166°28' E,"Brodribb & Feild, 2000, Plant, Cell and Environment",New Caledonia,France (Overseas territories)
733 ,Ang,Nothofagaceae,Nothofagus codonandra,,0.86 ,0.30 ,,,,3.524999976,20.34 ,2080.00 ,0.718162138,1.4162,199.6488682,29.13938773,13.28800011,90,22°03'S,166°26'E,"Field, 2000, International Journal of Plant Sciences","Province Sud, New Caledonia",France (Overseas territories)
255 ,Ang,Nothofagaceae,Nothofagus cunninghamii,,0.27 ,0.13 ,,0.58 ,,5.674999992,6.25 ,1531.00 ,0.387481756,2.0783,305.9782469,21.03196025,-2.220000029,85,42°40'S,146°37'E,"Blackman, 2014, Annals of Botany; Blackman, 2012, Oecologia; Blackman, 2010, New Phytologist; Brodribb & Feild, 2000, Plant, Cell and Environment; Brodribb & Jordan, 2011, New Phytologist",Tasmania,Australia
294 ,Ang,Nothofagaceae ,Nothofagus dombeyi,,,,,,20.00 ,2.766666651,10.49 ,2367.00 ,0.453669152,2.2315,355.7434062,62.98366156,-0.256000012,63,39°44' S,72°25' W,"Brodribb, 2005, New Phytologist", Andean cordillera,Chile 
325 ,Ang,Nothofagaceae,Nothofagus dombeyi,-3.20 ,0.73 ,0.15 ,,0.62 ,,3.616666655,11.62 ,883.00 ,0.561709774,0.8237,335.3534156,95.85412991,1.751999974,9,35°50' S,72°30' W,"Bucci, 2012, Tree Physiology",Patagonia,Argentina 
330 ,Ang,Nothofagaceae,Nothofagus dombeyi,-4.40 ,0.80 ,0.18 ,,0.56 ,,3.716666639,8.79 ,1033.00 ,0.503661771,1.2062,456.7232611,48.7352075,-3.879999876,42,43°07' S,71°33' W,"Bucci, 2012, Tree Physiology",Patagonia,Argentina 
346 ,Ang,Nothofagaceae,Nothofagus dombeyi,-2.98 ,0.65 ,0.15 ,,0.54 ,20.00 ,3.258333345,10.45 ,1117.00 ,0.515819285,1.0767,460.129155,60.63196445,-2.528000116,38,42°05' S,71°37' W,"Bucci, 2019, Plant, Cell & Environment; Schoonmaker, 2010, Plant, Cell & Environment",Chubut,Argentina
326 ,Ang,Nothofagaceae,Nothofagus glauca,-4.50 ,0.41 ,0.19 ,,0.60 ,,3.616666655,11.62 ,883.00 ,0.561709774,0.8237,335.3534156,95.85412991,1.751999974,9,35°50' S,72°30' W,"Bucci, 2012, Tree Physiology",Patagonia,Argentina 
246 ,Ang,Nothofagaceae,Nothofagus gunnii,,,,,0.64 ,,5.674999992,6.25 ,1531.00 ,0.387481756,2.0783,305.9782469,21.03196025,-2.220000029,85,42°40'S,146°37'E,"Blackman, 2014, Annals of Botany; Blackman, 2012, Oecologia; Blackman, 2010, New Phytologist",Tasmania,Australia
295 ,Ang,Nothofagaceae ,Nothofagus obliqua,,,,,,15.00 ,2.766666651,10.49 ,2367.00 ,0.453669152,2.2315,355.7434062,62.98366156,-0.256000012,63,39°44' S,72°25' W,"Brodribb, 2005, New Phytologist", Andean cordillera,Chile 
327 ,Ang,Nothofagaceae,Nothofagus obliqua,-3.20 ,0.66 ,0.19 ,,0.54 ,,3.616666655,11.62 ,883.00 ,0.561709774,0.8237,335.3534156,95.85412991,1.751999974,9,35°50' S,72°30' W,"Bucci, 2012, Tree Physiology",Patagonia,Argentina 
329 ,Ang,Nothofagaceae,Nothofagus pumilio,-5.00 ,1.48 ,0.18 ,,0.50 ,,5.658333341,4.15 ,959.00 ,0.48930522,1.1746,432.7216834,49.11645781,-6.771999836,32,43°16' S,71°41' W,"Bucci, 2012, Tree Physiology",Patagonia,Argentina 
332 ,Ang,Nothofagaceae,Nothofagus pumilio,-2.60 ,0.77 ,0.20 ,,0.57 ,,4.366666675,8.67 ,686.00 ,0.540536973,0.5633,479.5032867,51.17758822,-4.800000191,27,42°54' S,71°18' W,"Bucci, 2012, Tree Physiology",Patagonia,Argentina 
296 ,Ang,Nothofagaceae ,Nothofagus pumilio ,,,,,,30.00 ,2.766666651,10.49 ,2367.00 ,0.453669152,2.2315,355.7434062,62.98366156,-0.256000012,63,39°44' S,72°25' W,"Brodribb, 2005, New Phytologist", Andean cordillera,Chile 
1670 ,Ang,Loranthaceae,Nuytsia floribunda,,0.58 ,0.01 ,22.47 ,0.63 ,,3.441666683,16.82 ,359.00 ,1.116587761,0.2473,521.4274796,49.21736532,2.692000151,11,32°19' S,117°52' E,"Mitchell, 2008, Oecologia",Western Australia,Australia
1186 ,Ang,Nyssaceae,Nyssa sinensis,-3.54 ,1.95 ,,,0.51 ,,2.208333323,17.35 ,1684.00 ,0.676074042,1.5223,844.751388,58.67976924,1.547999978,45,29°05'N,117°55'E,"Kröber, 2014, PloS one",Jiangxi province,China
1304 ,Ang,Nyssaceae,Nyssa sinensis,,0.29 ,,,0.43 ,,2.383333345,16.19 ,1749.00 ,0.606894284,1.7554,831.410251,57.04453011,1.052000046,44,29°15' N,118°07' E,"Liu, 2016, Ecology",Zhejiang province,China
1410 ,Ang,Cornaceae,Nyssa sylvatica,-1.82 ,0.18 ,0.64 ,24.15 ,0.52 ,,2.424999982,14.90 ,1150.00 ,0.80813385,0.9145,796.7224354,11.37109856,-2.828000069,79,36°01' N,78°59' W,"Maherali, 2006, Plant, Cell and Environment",North Carolina,USA
552 ,Ang,Malvaceae,Ochroma pyramidale,-1.01 ,0.91 ,,,0.22 ,,1.974999984,26.20 ,2501.00 ,0.620433427,2.4056,55.1326178,61.10977054,22.31999969,24,9°17' N,79°58' W,"De Guzman, 2020, Tree Physiology",near the Caribbean coast of Panama,Panama
3112 ,Ang,Malvaceae,Ochroma pyramidale,-1.00 ,2.10 ,0.27 ,,0.19 ,,1.608333349,26.51 ,2440.00 ,0.651162324,1.8771,63.25839735,64.44993932,22.71999931,16,9°10' N,79°51' W,"Zotz, 1994, New Phytologist; Machado & Tyree, 1994, Tree Physiology",Barro Colorado Island (BCI),Panama
2040 ,Ang,Lauraceae,Ocotea aciphylla,,6.10 ,0.73 ,37.41 ,0.46 ,15.00 ,1.016666661,26.28 ,3400.00 ,0.750267507,1.7274,48.81918989,24.9449351,18.87199974,195,1°54' N,67°03' W,"Sobrado, 2010, Journal of Tropical Ecology", southern Venezuela,Venezuela
358 ,Ang,Lauraceae,Ocotea diospyrifolia,,,,,0.56 ,22.40 ,2.366666635,20.36 ,1765.00 ,0.818603122,1.0864,359.0264792,17.9971639,9.279999733,110,25°37' S,54°20' W,"Carrasco, 2013, Acta Horticultrae",northern Argentina,Argentina 
568 ,Ang,Lauraceae,Ocotea diospyrifolia,,,,,0.56 ,,2.425000012,20.61 ,1758.00 ,0.818603122,1.0689,358.7544802,17.00330333,9.584000587,107,25°42'S,54°29'W,"di Francescantonio, 2020, Fuctional Plant Biology",Misiones province,Argentina
1954 ,Ang,Lauraceae,Ocotea ira,,,,,0.58 ,,1.974999984,26.20 ,2501.00 ,0.620433427,2.4056,55.1326178,61.10977054,22.31999969,24,9°17' N,79°58' W,"Santiago, 2004, Oecologia",near the Caribbean coast of Panama,Panama
143 ,Ang,Lauraceae,Ocotea sp,-1.84 ,,,,,,1.166666687,26.44 ,2352.00 ,0.788916395,1.4227,44.22227014,42.47501585,21.47200012,81,2°37'S,60°13'W,"Barros, 2019, New Phytologist","Manaus, Amazonas",Brazil
1794 ,Ang,Oleaceae,Olea europaea,-3.02 ,1.16 ,0.13 ,,0.60 ,,2.800000012,17.37 ,335.00 ,1.184487994,0.2555,500.2328626,87.24346036,3.43599987,2,33°29' N,117°09' W,"Pivovaroff, 2014, New Phytologist",Southern California,USA
1896 ,Ang,Oleaceae,Olea europaea,-8.45 ,0.14 ,0.17 ,,,1.94 ,2.733333329,16.24 ,465.00 ,1.255760801,0.4115,673.8307813,54.27653412,0.451999992,5,38°14' N,4°12' W,"Quero, 2011, Oecologia",Sierra De Cardena,Spain
3055 ,Ang,Oleaceae,Olea europaea,-4.40 ,,,,,,1.241666675,21.73 ,1241.00 ,0.650657102,0.5667,418.0369268,86.52378798,10.16399956,13,23°27'N,102°10'E,"Zhu, 2018, Tree Physiology; Yan, 2020, Biology Letters",Yunnan province,China
1666 ,Ang,Asteraceae,Olearia axillaris,,0.48 ,0.08 ,14.09 ,0.95 ,,3.441666683,16.82 ,359.00 ,1.116587761,0.2473,521.4274796,49.21736532,2.692000151,11,32°19' S,117°52' E,"Mitchell, 2008, Oecologia",Western Australia,Australia
215 ,Ang,Asteraceae,Olearia hookeri,,,,,0.83 ,,5.674999992,6.25 ,1531.00 ,0.387481756,2.0783,305.9782469,21.03196025,-2.220000029,85,42°40'S,146°37'E,"Blackman, 2012, Oecologia; Blackman, 2010, New Phytologist",Tasmania,Australia
247 ,Ang,Asteraceae,Olearia pinifolia,,,,,0.64 ,,5.674999992,6.25 ,1531.00 ,0.387481756,2.0783,305.9782469,21.03196025,-2.220000029,85,42°40'S,146°37'E,"Blackman, 2014, Annals of Botany; Blackman, 2012, Oecologia; Blackman, 2010, New Phytologist",Tasmania,Australia
1592 ,Ang,Euphorbiaceae,Omphalea diandra,-1.73 ,1.16 ,0.11 ,,0.36 ,,1.974999984,26.20 ,2501.00 ,0.620433427,2.4056,55.1326178,61.10977054,22.31999969,24,9°17' N,79°58' W,"Medina-Vega, 2021, Journal of Ecology",near the Caribbean coast of Panama,Panama
728 ,Ang,Araliaceae,Oreopanax nubigenus,,0.48 ,0.19 ,,,,3.549999992,18.76 ,2460.00 ,0.679743024,2.1332,77.121891,75.74682369,13.0880003,23,10°12' N,84°42' W,"Feild & Holbrook, 2000, Plant, Cell and Environment",La Reserva Bosque Nuboso de Monteverde,Costa Rica
248 ,Ang,Proteaceae,Orites diversifolius,,,,,0.74 ,,5.674999992,6.25 ,1531.00 ,0.387481756,2.0783,305.9782469,21.03196025,-2.220000029,85,42°40'S,146°37'E,"Blackman, 2014, Annals of Botany; Blackman, 2012, Oecologia; Blackman, 2010, New Phytologist",Tasmania,Australia
2988 ,Ang,Fabaceae,Ormosia glaberrima,-1.68 ,,,,,,1.866666645,20.60 ,1835.00 ,0.759396395,1.4258,565.6792834,66.92045161,8.623999596,37,23°10'N,112°31'E,"Zhu, 2018, Tree Physiology",Guangdong Province,China
2209 ,Ang,Fabaceae,Ormosia pinnata,-0.74 ,5.92 ,1.55 ,,0.49 ,18.00 ,1.87499999,20.60 ,1835.00 ,0.759396395,1.3895,565.6792834,66.92045161,8.623999596,37,23°10' N,112°32' E,"This study; Zhu, 2013, Plant, Cell & Environment; Zhu, 2018, Tree Physiology",Guangdong Province,China
2989 ,Ang,Fabaceae,Ormosia semicastrata,-3.91 ,,,,,,1.866666645,20.60 ,1835.00 ,0.759396395,1.4258,565.6792834,66.92045161,8.623999596,37,23°10'N,112°31'E,"Zhu, 2018, Tree Physiology",Guangdong Province,China
1305 ,Ang,Oleaceae,Osmanthus cooperi,,0.38 ,,,0.59 ,,2.383333345,16.19 ,1749.00 ,0.606894284,1.7554,831.410251,57.04453011,1.052000046,44,29°15' N,118°07' E,"Liu, 2016, Ecology",Zhejiang province,China
1969 ,Ang,Betulaceae,Ostrya carpinifolia,-3.22 ,,,,0.65 ,,2.224999984,13.22 ,1284.00 ,0.550608952,1.2953,680.3336276,20.82444629,0.263999999,70,45°38'N,13°48''E,"Savi, 2019, Tree Physiology",Trieste,Italy
2787 ,Ang,Caprifpliaceae,Ostryopsis davidiana,,,0.57 ,17.85 ,,,2.141666661,9.62 ,592.00 ,0.661215941,0.635,902.384731,79.18673104,-9.227999687,4,35°09'N,108°45'E,"Yin, 2019, Forests",Shaanxi Province,China
950 ,Ang,Ochnaceae,Ouratea castaneaefolia,,,0.42 ,,0.65 ,,1.816666663,20.44 ,1516.00 ,0.963975451,1.0732,123.7480541,79.60995496,11.52799988,8,15°56'S,47°53'W,"Gotsch, 2010, Oecologia",cerrado of central Brazil,Brazil
308 ,Ang,Ochnaceae,Ouratea hexasperma,-1.48 ,0.96 ,0.12 ,,0.46 ,2.05 ,1.816666663,20.44 ,1516.00 ,0.963975451,1.09,123.7480541,79.60995496,11.52799988,8,15°56' S,47°53' W,"Bucci, 2006, Plant Cell and Environment",33 km south of Brasilia,Brasil
313 ,Ang,Ochnaceae,Ouratea hexasperma,,,0.23 ,,0.48 ,2.05 ,1.816666663,20.44 ,1516.00 ,0.963975451,1.09,123.7480541,79.60995496,11.52799988,8,15°56' S,47°53' W,"Bucci, 2008, Brazilian Journal of Plant Physiology; Bucci, 2004, Tree Physiology; Gotsch, 2010, Oecologia",33 km south of Brasilia,Brasil
3110 ,Ang,Ochnaceae,Ouratea lucens,-1.85 ,0.10 ,0.09 ,,,,1.608333349,26.51 ,2440.00 ,0.651162324,1.8771,63.25839735,64.44993932,22.71999931,16,9°10' N,79°51' W,"Zotz, 1994, New Phytologist; Lopez, 2005, Tree Physiology",Barro Colorado Island (BCI),Panama
1509 ,Ang,Ochnaceae,Ouratea sp.,,0.62 ,0.73 ,,0.52 ,,2.950000008,24.77 ,1143.00 ,0.998740338,0.6171,167.8732009,62.51391847,16.2159996,16,16°07' S,61°43' W,"Markesteijn et al, 2011a, 2011b","Near Conception, Santa Cruz",Bolivia
N67,Ang,Annonaceae,Oxandra espicata,,0.76 ,0.91 ,,0.73 ,,0.933333327,27.11 ,2361.00 ,0.967750517,0.9,42.79068225,42.88318898,21.69199944,87,5°3?36?N,74°49?48?W,"Vargas, 2021, New Phytologist",Jabiru,Colombia
979 ,Ang,Ericaceae,Oxydendrum arboreum,,,,25.47 ,,,2.350000024,14.72 ,1366.00 ,0.853392463,1.1189,766.4352208,9.509275435,-2.220000029,99,35°12' N,82°14' W,"Hacke, 2006, Tree Physiology","Tyron, North Carolina",USA
1411 ,Ang,Ericaceae,Oxydendrum arboreum,-4.54 ,0.32 ,0.58 ,22.22 ,,,2.424999982,14.90 ,1150.00 ,0.80813385,0.9145,796.7224354,11.37109856,-2.828000069,79,36°01' N,78°59' W,"Maherali, 2006, Plant, Cell and Environment",North Carolina,USA
862 ,Ang,Fabaceae,Oxylobium ellipticum,,1.78 ,0.25 ,,,,5.108333309,10.74 ,951.00 ,0.428962839,1.0454,288.3112936,17.90963242,2.263999939,58,42°59' S,147°11' E,"Gleason, 2012, Functional Ecology",Tasmanian,Australia
N50,Ang,Malvaceae,Pachira quinata,,,0.67 ,,0.38 ,,3.533333381,26.60 ,1633.00 ,1.163631518,1.0017,80.14568299,93.82169736,21.43599892,2,10°43?31.39?N,85°35?46.99?W,"Vargas, 2021, New Phytologist",Horizontes,Costa Rica
2531 ,Ang,Rosaceae,Padus buergeriana,,1.88 ,0.65 ,,0.56 ,,2.433333337,5.86 ,847.00 ,15.35548757,1.0344,601.2807223,94.0150966,-7.832000256,5,29°27'N,101°53'E,"Xu, 2020, New Phytologist",Sichuan province,China
2549 ,Ang,Rosaceae,Padus buergeriana,,0.82 ,0.55 ,,0.57 ,,2.091666649,3.70 ,847.00 ,15.35548757,0.9333,618.9011041,93.37889157,-9.944000244,5,29°25'N,101°55'E,"Xu, 2020, New Phytologist",Sichuan province,China
2605 ,Ang,Rosaceae,Padus buergeriana,,1.29 ,0.31 ,,0.60 ,,2.324999978,0.75 ,846.00 ,38.61108759,1.0448,647.250795,90.57201924,-13,7,29°34'N,102°00'E,"Xu, 2020, New Phytologist",Sichuan province,China
1353 ,Ang,Rosaceae,Padus racemosa,,2.94 ,0.85 ,,0.48 ,5.70 ,1.833333333,3.27 ,661.00 ,0.432660541,0.8044,1257.058799,95.56655616,-21.12800026,5,42°24'N,128°29'E,"Liu, 2019, Science Advances",Jilin Province,China
2897 ,Ang,Paeoniaceae,Paeonia delavayi,-1.12 ,3.68 ,,,0.53 ,,2.391666651,22.44 ,2177.00 ,0.679918148,1.613,520.8183658,75.162042,11.56799984,28,22°34' N,112°50' E,"Zhu, 2017, Forest Ecology and Management",Guangdong Province,China
2788 ,Ang,Rhamnaceae,Paliurus hemsleyanus,,,0.44 ,18.79 ,,,2.141666661,9.62 ,592.00 ,0.661215941,0.635,902.384731,79.18673104,-9.227999687,4,35°09'N,108°45'E,"Yin, 2019, Forests",Shaanxi Province,China
2306 ,Ang,Paracryphiaceae,Paracryphia alticola,-2.10 ,0.16 ,,,0.63 ,,4.933333357,19.11 ,2769.00 ,0.662711101,2.3716,182.0378957,24.83423299,12.4279995,140,21° 53' S,166° 25' E,"Trueba, 2017, Plant, Cell and Environment; Trueba, 2019, Journal of Experimental Botany",New Caledonia,France (Overseas territories)
359 ,Ang,Fabaceae,Parapiptademia rigida,-0.89 ,2.94 ,0.25 ,,0.80 ,26.90 ,2.366666635,20.36 ,1765.00 ,0.818603122,1.0864,359.0264792,17.9971639,9.279999733,110,25°37' S,54°20' W,"Carrasco, 2013, Acta Horticultrae; Liu, 2019, Science Advances",northern Argentina,Argentina 
569 ,Ang,Fabaceae,Parapiptadenia rigida,,,,,0.78 ,,2.425000012,20.61 ,1758.00 ,0.818603122,1.0689,358.7544802,17.00330333,9.584000587,107,25°42'S,54°29'W,"di Francescantonio, 2020, Fuctional Plant Biology",Misiones province,Argentina
2834 ,Ang,Dipterocarpaceae,Parashorea chinensis,-2.25 ,3.51 ,,,0.52 ,,1.225000004,20.88 ,1683.00 ,0.85605524,1.0122,338.2657063,78.45212263,10.92399979,17,21°36?N,101°35?E,"Zhang, 2019, Tree Physiology",Yunnan province,China
1053 ,Ang,Thymelaeaceae,Passerina obtusifoliia,-10.15 ,0.48 ,,17.50 ,0.76 ,2.00 ,3.683333317,14.30 ,602.00 ,1.077447454,0.5989,373.0088434,47.52210499,2.832000017,25,33°56' S,19°31' E,"Jacobsen, 2007a, 2009",Western Cape Province,South Africa
2362 ,Ang,Sapindaceae,Paullinia glomerulosa,-0.76 ,1.37 ,0.36 ,,,,1.650000006,26.79 ,2330.00 ,0.716664737,1.3739,67.82329313,69.04398102,22.50799942,19,9°10'N,79°07'W,"van der Sande, 2013, Oecologia",Isthmus of Panama,Panama
2363 ,Ang,Sapindaceae,Paullinia rugosa,-0.68 ,1.90 ,0.21 ,,,,1.650000006,26.79 ,2330.00 ,0.716664737,1.3739,67.82329313,69.04398102,22.50799942,19,9°10'N,79°07'W,"van der Sande, 2013, Oecologia",Isthmus of Panama,Panama
2344 ,Ang,Sapotaceae,Payena endertii,-0.63 ,,,,,,1.99999999,27.24 ,3207.00 ,0.836012663,2.0385,46.08495796,23.65472986,22.54400063,198,4°40' N,114°31' E,"Tyree, 1998, Tree Physiology",Andalau,Brunei
2382 ,Ang,Fabaceae,Peltophorum dubium,-1.03 ,2.80 ,2.13 ,,0.56 ,,2.366666635,20.36 ,1765.00 ,0.818603122,1.0864,359.0264792,17.9971639,9.279999733,110,25°37'S,54°20'W,"Villagra, 2012, 2013, Tree Physiology",northern Argentina,Argentina
608 ,Ang,Cactaceae,Pereskia diaz-romeroana,,1.69 ,0.18 ,44.01 ,0.61 ,,2.450000008,20.13 ,470.00 ,0.93162315,0.3117,195.2976649,82.82254437,8.43999958,6,18°06' S,64°27' W,"Edwards, 2006, New Phytologist",,Bolivia
610 ,Ang,Cactaceae,Pereskia guamacho,-2.00 ,1.03 ,0.17 ,39.18 ,0.67 ,,4.983333349,26.63 ,497.00 ,1.135719459,0.3745,108.3722908,54.14898097,20.98399925,11,11°56' N,69°58' W,"Edwards, 2006, New Phytologist; Edwards & Diaz, 2006, Plant, Cell and Environment",Venezuela's Pataguana peninsula,Venezuela
605 ,Ang,Cactaceae,Pereskia marcanoi,,2.06 ,0.18 ,46.82 ,0.70 ,,1.49999999,25.14 ,1488.00 ,1.197482091,0.8625,109.148605,65.1916336,17.87999916,19,19°05' N,71°41' W,"Edwards, 2006, New Phytologist",,Dominican Republic
604 ,Ang,Cactaceae,Pereskia portulacifolia,,2.69 ,0.09 ,51.16 ,0.60 ,,1.783333331,26.88 ,686.00 ,0.933320155,0.3831,126.961439,63.24741777,19.34799957,16,18°26' N,71°46' W,"Edwards, 2006, New Phytologist",,Dominican Republic
606 ,Ang,Cactaceae,Pereskia quisqueyana,,1.76 ,0.45 ,46.86 ,0.62 ,,4.283333321,26.27 ,1059.00 ,0.854042595,0.5913,117.3013734,44.36008826,20,42,18°22' N,68°50' W,"Edwards, 2006, New Phytologist",,Dominican Republic
609 ,Ang,Cactaceae,Pereskia sacharosa,,2.01 ,0.22 ,52.34 ,0.57 ,,2.541666706,19.47 ,579.00 ,0.8887227,0.3695,183.4104282,72.12670072,9.031999588,9,18°16' S,64°09' W,"Edwards, 2006, New Phytologist",,Bolivia
607 ,Ang,Cactaceae,Pereskia weberiana,,1.91 ,0.51 ,45.76 ,0.64 ,,1.933333327,21.04 ,1246.00 ,0.979041621,0.8759,134.9486547,66.25009739,11.79199982,17,16°32' S,67°23' W,"Edwards, 2006, New Phytologist",,Bolivia
2395 ,Ang,Fabaceae,Pericopsis angolensis,-3.18 ,0.95 ,,20.00 ,,,3.066666683,19.78 ,1236.00 ,1.01444953,0.7264,259.8332745,113.2747069,5.624000072,0,12°49' S,28°22' E,"Vinya, 2013, Oecologia",Kitwe City,Zambia 
2789 ,Ang,Salicaceae,Periploca sepium,,,0.50 ,48.64 ,,,2.141666661,9.62 ,592.00 ,0.661215941,0.635,902.384731,79.18673104,-9.227999687,4,35°09'N,108°45'E,"Yin, 2019, Forests",Shaanxi Province,China
876 ,Ang,Proteaceae,Persoonia falcata,,3.88 ,0.50 ,42.61 ,0.64 ,4.00 ,3.433333337,20.90 ,1400.00 ,1.018901775,0.7223,326.6472719,92.01642804,9.711999893,18,18°18' S,145°30' E,"Gleason, 2012, Functional Ecology; Blackman, 2014, Annals of Botany","Einasleigh, northern queensland",Australia
845 ,Ang,Proteaceae,Persoonia juniperina,,0.68 ,0.36 ,17.81 ,0.65 ,1.40 ,4.083333333,10.05 ,640.00 ,0.468981124,0.5986,365.5327037,17.11005639,-0.815999985,37,42°23' S,147°03' E,"Gleason, 2012, Functional Ecology",Tasmanian Central Highland forests,Australia
1568 ,Ang,Proteaceae,Persoonia lanceolata,,14.59 ,0.19 ,,,,2.916666706,16.40 ,1050.00 ,0.763159345,0.8628,403.0461791,33.65259347,5.231999874,46,33°10'S,151°10'E,"McClenahan, 2004, Australlan Journal of Botany",Sydney,Australia
894 ,Ang,Proteaceae,Persoonia levis,,1.22 ,0.38 ,25.51 ,0.60 ,5.00 ,3.599999984,16.97 ,1253.00 ,0.716941494,1.0326,385.0362387,28.74867037,6.596000195,61,33°41' S,151°09' E,"Gleason, 2012, Functional Ecology; Blackman, 2014, Annals of Botany","New South Wales, Eastern Australia",Australia
886 ,Ang,Proteaceae,Persoonia linearis,,1.91 ,0.68 ,21.72 ,0.59 ,4.00 ,2.458333313,16.28 ,874.00 ,0.857961244,0.5743,450.6347406,33.16001174,4,38,32°47' S,150°55' E,"Gleason, 2012, Functional Ecology; Blackman, 2014, Annals of Botany","New South Wales, Eastern Australia",Australia
867 ,Ang,Proteaceae,Persoonia pinifolia,,2.02 ,0.61 ,22.20 ,0.64 ,4.00 ,3.599999984,16.97 ,1253.00 ,0.716941494,1.0326,385.0362387,28.74867037,6.596000195,61,33°41' S,151°09' E,"Gleason, 2012, Functional Ecology",Eastern Australia,Australia
806 ,Ang,Picrodendraceae,Petalostigma banksii,,4.08 ,0.74 ,31.20 ,0.73 ,4.00 ,2.391666681,26.83 ,687.00 ,2.472404017,0.3277,380.6304795,119.4832856,13.63599968,1,18°43' S,141°50' E,"Gleason, 2012, Functional Ecology",Carpentaria,Australia
877 ,Ang,Picrodendraceae,Petalostigma pubescens,,3.80 ,0.40 ,26.33 ,0.73 ,5.00 ,3.433333337,20.90 ,1400.00 ,1.018901775,0.7223,326.6472719,92.01642804,9.711999893,18,18°18' S,145°30' E,"Gleason, 2012, Functional Ecology; Blackman, 2014, Annals of Botany","Einasleigh, northern queensland",Australia
1658 ,Ang,Proteaceae,Petrophile glauca,,0.60 ,0.07 ,14.70 ,0.89 ,,3.441666683,16.82 ,359.00 ,1.116587761,0.2473,521.4274796,49.21736532,2.692000151,11,32°19' S,117°52' E,"Mitchell, 2008, Oecologia",Western Australia,Australia
868 ,Ang,Proteaceae,Petrophile pulchella,,1.85 ,0.28 ,19.79 ,0.60 ,2.50 ,3.599999984,16.97 ,1253.00 ,0.716941494,1.0326,385.0362387,28.74867037,6.596000195,61,33°41' S,151°09' E,"Gleason, 2012, Functional Ecology",Eastern Australia,Australia
445 ,Ang,Proteaceae,Petrophile pulchella ,,0.32 ,0.05 ,,,,2.699999988,11.40 ,1076.00 ,0.615049716,0.8722,433.5529752,21.55849705,0.5,63,33°59'S,150°07'E,"Choat, 2011, New Phytologist",south-eastern Australia,Australia
117 ,Ang,Rutaceae,Phellodendron amurense,-6.77 ,,,18.02 ,,,3.833333294,10.63 ,931.00 ,0.535576411,0.8863,1007.499523,25.89485173,-10.4119997,42,40°25'N,86°54'W,"Avila, 2021, Physiologia Plantarum","West Lafayette, Indiana",USA
2742 ,Ang,Rutaceae,Phellodendron amurense,,,1.23 ,46.97 ,0.40 ,,1.833333333,3.27 ,661.00 ,0.432660541,0.8044,1257.058799,95.56655616,-21.12800026,5,42°24'N,128°29' E,"Yang, 2019, Tree Physiology",Jilin province,China
2750 ,Ang,Rutaceae,Phellodendron amurense,,2.16 ,1.45 ,46.97 ,0.43 ,,1.841666669,3.27 ,661.00 ,0.432660541,0.799,1257.058799,95.56655616,-21.12800026,5,42°24´N,128°28´E,"Yang, 2020, Forests; Song, 2018, Forest Ecology and Management",Jilin Province,China
2586 ,Ang,Hydrangeaceae,Philadelphus purpurascens,,,0.55 ,,,,2.458333294,0.75 ,846.00 ,38.61108759,1.0824,647.250795,90.57201924,-13,7,29°34'N,101°59'E,"Xu, 2020, New Phytologist",Sichuan province,China
2606 ,Ang,Hydrangeaceae,Philadelphus purpurascens,,0.57 ,0.97 ,,0.58 ,,2.324999978,0.75 ,846.00 ,38.61108759,1.0448,647.250795,90.57201924,-13,7,29°34'N,102°00'E,"Xu, 2020, New Phytologist",Sichuan province,China
451 ,Ang,Oleaceae,Phillyrea angustifolia,-9.53 ,,,,,,3.699999948,17.92 ,307.00 ,0.933144571,0.2751,534.1157013,47.51409588,5.993750095,5,38°20'N,0°32'W,"Choat, 2012, Nature",Alicante,Spain
1970 ,Ang,Oleaceae,Phillyrea angustifolia,-4.97 ,,,,0.84 ,,2.224999984,13.22 ,1284.00 ,0.550608952,1.2953,680.3336276,20.82444629,0.263999999,70,45°38'N,13°48''E,"Savi, 2019, Tree Physiology",Trieste,Italy
1018 ,Ang,Oleaceae,Phillyrea latifolia,-7.00 ,,,16.72 ,,,3.800000012,20.31 ,122.00 ,1.487184874,0.0941,555.9145618,113.3935517,5.384000301,0,30°39' N,20°18' E,"Iovi, 2009, Tree Physiology",Epirus region,Greece
1532 ,Ang,Oleaceae,Phillyrea latifolia,-6.55 ,0.41 ,0.17 ,13.93 ,,5.00 ,3.466666679,12.32 ,601.00 ,0.758594782,0.6892,623.9790215,30.20544711,-1.419999957,19,41°13' N,0°55' E,"Martinez-Vilalta, 2002, Oecologia",Prades,Spain
1019 ,Ang,Lamiaceae,Phlomis fruticosa,-2.48 ,,,19.80 ,,,3.800000012,20.31 ,122.00 ,1.487184874,0.0941,555.9145618,113.3935517,5.384000301,0,30°39' N,20°18' E,"Iovi, 2009, Tree Physiology",Epirus region,Greece
1187 ,Ang,Lauraceae,Phoebe bournei,-1.59 ,0.26 ,,,0.46 ,,2.208333323,17.35 ,1684.00 ,0.676074042,1.5223,844.751388,58.67976924,1.547999978,45,29°05'N,117°55'E,"Kröber, 2014, PloS one",Jiangxi province,China
691 ,Ang,Lauraceae,Phoebe puwenensis,,,,193.20 ,0.57 ,30.65 ,1.266666651,21.56 ,1641.00 ,0.894353661,0.9726,335.0943307,76.6728934,11.23200035,16,21°41' N,101°25' E,"Fan, 2012, Journal of Ecology",Yunnan Province,China
1306 ,Ang,Rosaceae,Photinia glabra,,0.36 ,,,0.62 ,,2.383333345,16.19 ,1749.00 ,0.606894284,1.7554,831.410251,57.04453011,1.052000046,44,29°15' N,118°07' E,"Liu, 2016, Ecology",Zhejiang province,China
1307 ,Ang,Rosaceae,Photinia serrulata,,0.45 ,,,0.50 ,,2.383333345,16.19 ,1749.00 ,0.606894284,1.7554,831.410251,57.04453011,1.052000046,44,29°15' N,118°07' E,"Liu, 2016, Ecology",Zhejiang province,China
2853 ,Ang,Euphorbiaceae,Phyllanthus anthopotamicus,-2.83 ,2.05 ,0.66 ,,0.71 ,,1.575000008,21.79 ,1244.00 ,0.682104923,0.9054,514.7271923,76.36396698,9.815999985,19,22°07'N,106°45'E,"Zhang, 2021, Functional Ecology",Guangxi province,China
1510 ,Ang,Euphorbiaceae,Phyllanthus Sp. nov. ,,1.07 ,0.35 ,,0.68 ,,2.950000008,24.77 ,1143.00 ,0.998740338,0.6171,167.8732009,62.51391847,16.2159996,16,16°07' S,61°43' W,"Markesteijn et al, 2011a, 2011b","Near Conception, Santa Cruz",Bolivia
266 ,Gym,Podocarpaceae,Phyllocladus aspleniifolius,,0.11 ,0.33 ,,,,5.674999992,6.25 ,1531.00 ,0.387481756,2.0783,305.9782469,21.03196025,-2.220000029,85,42°40'S,146°37'E,"Brodribb & Feild, 2000, Plant, Cell and Environment",Tasmania,Australia
1785 ,Gym,Podocarpaceae,Phyllocladus trichomanoides,-7.02 ,0.69 ,,11.10 ,0.72 ,,4.233333329,13.17 ,1816.00 ,0.441199441,1.6436,355.0855831,18.01984493,3.415999889,116,37°25' S,175°43' E,"Pittermann, 2006a, 2006b","Waikatere, North Island",New Zealand
1511 ,Ang,Ulmaceae,Phyllostylon rhamnoides,,0.62 ,0.19 ,,0.62 ,,2.950000008,24.77 ,1143.00 ,0.998740338,0.6171,167.8732009,62.51391847,16.2159996,16,16°07' S,61°43' W,"Markesteijn et al, 2011a, 2011b","Near Conception, Santa Cruz",Bolivia
2419 ,Ang,Rosaceae,Physocarpus malvaceus,-1.90 ,,,27.90 ,,,3.12499998,7.42 ,494.00 ,1.007528871,0.5303,842.2885333,18.36524204,-9.472000122,27,40°15' N,111°37' W,"Wheeler, 2005, Plant, Cell and Environment","Salt Lake City, Utah (UT)",USA
125 ,Gym,Pinaceae,Picea abies,-3.95 ,0.93 ,,,,19.00 ,1.658333302,7.36 ,1142.00 ,0.37659679,1.0462,661.6041351,38.95812571,-6.084000111,53,47°14'N,11°21'E,"Bär, 2018, New Phytologist",Natters,Austria
374 ,Gym,Pinaceae,Picea abies,-3.20 ,0.11 ,,,,,4.308333337,6.49 ,1071.00 ,0.465447179,1.253,558.9409171,13.88060171,-3.960000038,71,45°36' N,2°49' E,"Charra-Vaskou, 2012, Annals of Forest Science","Guery, Auvergne",France
378 ,Gym,Pinaceae,Picea abies,-3.55 ,0.20 ,,,,,2.74999998,10.29 ,655.00 ,0.592509912,0.6826,582.5256024,32.04087501,-2.528000116,32,45°46' N,3°05' E,"Charra-Vaskou, 2012, Annals of Forest Science","Royat, Auvergne",France
381 ,Gym,Pinaceae,Picea abies,-2.80 ,,,,,,3.25,2.43 ,1107.00 ,0.426773122,2.0321,594.6975675,31.45891948,-8.616000175,55,47° 11' N,11° 19' E,"Charra-Vaskou, 2012, Annals of Forest Science","Birgitz Köpfl, Tyrol",Austria
383 ,Gym,Pinaceae,Picea abies,-3.20 ,0.38 ,,,,,1.783333331,7.51 ,1052.00 ,0.426773122,1.1508,661.6462602,40.91735578,-5.920000076,48,47°13' N,11°22' E,"Charra-Vaskou, 2012, Annals of Forest Science","Natters, Tyrol",Austria
489 ,Gym,Pinaceae,Picea abies,-3.67 ,,,,,20.00 ,2.699999988,11.29 ,598.00 ,0.592509912,0.6645,603.3775522,38.21785488,-2.052000046,27,45°47' N,3°09' E,"Cochard, 2005, Cochard, Physiologia Plantarum",Clermont-Ferrand,France
511 ,Gym,Pinaceae,Picea abies,-3.67 ,,,,0.48 ,20.00 ,3.283333341,9.55 ,707.00 ,0.562120773,0.9201,581.9455584,27.5665858,-3.023999929,37,45°43' N,3°3' E,"Cochard, 2006, Comptes Rendus Physique",Clermont-Ferrand,France
575 ,Gym,Pinaceae,Picea abies,-4.00 ,,,,,,2.591666659,9.23 ,988.00 ,0.444126799,1.5049,647.6486462,15.63213473,-4.047999859,63,47°28'N,7°30'E,"Dietrich, 2019, Journal of Ecology; Dietrich, 2018, Scientific Reports",Basel,Switzerland
926 ,Gym,Pinaceae,Picea abies,-3.65 ,0.09 ,,,,17.10 ,3.833333353,9.61 ,778.00 ,0.410464714,1.0745,562.6062554,14.86652388,-2.592000008,45,52°00'N,6°08'E,"Gonzalez-Munoz, 2018, Plos One",,The Netherlands
929 ,Gym,Pinaceae,Picea abies,-3.45 ,0.26 ,,,,23.70 ,1.824999998,7.51 ,879.00 ,1.643719864,1.176,651.3324855,12.43845634,-6.303999901,61,46°18'N,7°44'E,"Gonzalez-Munoz, 2018, Plos One",,Switzerland
931 ,Gym,Pinaceae,Picea abies,-3.67 ,0.33 ,,,,9.30 ,1.200000003,5.82 ,936.00 ,0.347557375,1.0679,666.5566734,38.93679565,-8.284000397,37,46°26'N,12°13'E,"Gonzalez-Munoz, 2018, Plos One",,Italy
934 ,Gym,Pinaceae,Picea abies,-3.36 ,0.50 ,,,,7.70 ,3.85833329,7.70 ,561.00 ,0.465611363,0.8076,717.2851224,40.81572286,-6.960000038,27,49°17'N,16°44'E,"Gonzalez-Munoz, 2018, Plos One",,Czech Republic
937 ,Gym,Pinaceae,Picea abies,-3.61 ,0.33 ,,,,10.60 ,2.775000036,3.37 ,618.00 ,0.28209632,1.0897,876.9266395,33.23547789,-13.70800018,29,61°50'N,24°30'E,"Gonzalez-Munoz, 2018, Plos One",,Finland-HYY
941 ,Gym,Pinaceae,Picea abies,-3.76 ,0.31 ,,,,7.90 ,2.325000008,-1.03 ,594.00 ,0.203827097,1.4046,900.6997302,33.86396525,-16.7159996,28,67°44'N,29°37'E,"Gonzalez-Munoz, 2018, Plos One",,Finland-VAR
1398 ,Gym,Pinaceae,Picea abies,-3.95 ,,,,,3.50 ,3.25,2.43 ,1107.00 ,0.426773122,2.0321,594.6975675,31.45891948,-8.616000175,55,47°11'N,11°19'E,"Losso, 2017, Plant Physiology",Tyrolean Central Alps,Austria
1400 ,Gym,Pinaceae,Picea abies,-3.67 ,,,,,12.60 ,3.850000004,7.78 ,1169.00 ,0.5133516,1.1653,603.5297983,11.81349279,-3.815999985,83,48°15' N,7°15' E,"Lu, 1996, Annales des Sciences Forestières",,France
1552 ,Gym,Pinaceae,Picea abies,-3.63 ,0.65 ,0.31 ,7.55 ,,15.00 ,3.25,2.43 ,1107.00 ,0.426773122,2.75,594.6975675,31.45891948,-8.616000175,55,47°11' N,11°19' E,"Mayr, 2002, Physiologia Plantarum; Mayr, 2003a, Journal of Experimental Botany","Central Alps, Tyrol",Austria
1554 ,Gym,Pinaceae,Picea abies,-3.39 ,0.84 ,,,0.67 ,25.00 ,1.850000014,7.00 ,1053.00 ,0.426773122,1.1464,657.3563397,40.68022721,-6.21600008,48,47°14' N,11°18' E,"Mayr, 2006, Ecology",Tyrol,Austria
1557 ,Gym,Pinaceae,Picea abies,-3.98 ,0.39 ,,9.41 ,0.55 ,2.00 ,3.25,2.43 ,1107.00 ,0.426773122,2.75,594.6975675,31.45891948,-8.616000175,55,47°11' N,11°19' E,"Mayr, 2006, Ecology",Tyrol,Austria
1702 ,Gym,Pinaceae,Picea abies,-3.71 ,,,,,,1.599999984,8.57 ,979.00 ,0.366518153,1.0239,674.2515165,40.48312633,-5.248000145,46,47°16' N,11°24' E,"Nolf, 2015b, New Phytologist",Innsbruck,Austria
1886 ,Gym,Pinaceae,Picea abies,-3.94 ,,,,,,2.824999988,2.55 ,1162.00 ,0.347557375,1.9715,608.3253591,37.90304222,-8.444000244,50,46°27'N,12°08'E,"Prendin, 2018, Tree Physiology","Dolomites, Eastern Italian",Italy
1887 ,Gym,Pinaceae,Picea abies,-4.24 ,,,,,,3.991666675,0.87 ,1521.00 ,0.313735989,2.4627,584.9403532,24.96678625,-9.727999687,76,46°50'N,12°59'E,"Prendin, 2018, Tree Physiology","Dolomites, Eastern Italian",Italy
2490 ,Gym,Pinaceae,Picea brachytyla,,,0.37 ,,,,2.691666643,2.55 ,774.00 ,6.982331523,0.9977,653.3985796,96.99491164,-11.75199986,2,29°28'N,101°32'E,"Xu, 2020, New Phytologist",Sichuan province,China
2134 ,Gym,Pinaceae,Picea crassifolia,,0.75 ,0.58 ,,0.49 ,,2.24999996,2.97 ,569.00 ,0.37155782,0.6592,787.7826325,89.13040335,-15.11999989,1,34°59'N,102°54'E,This study,Gansu province,China
474 ,Gym,Pinaceae,Picea engelmannii,-4.12 ,,,,,,3.37499998,3.96 ,449.00 ,0.680905276,0.5729,788.2286543,24.58102763,-12.50399971,28,46°53'N,113°18'W,"Clute, 2020, Oecologia",western Montana,USA
501 ,Gym,Pinaceae,Picea engelmannii,-4.18 ,,,,0.57 ,15.00 ,3.358333329,2.24 ,412.00 ,0.560843341,0.6142,729.4754973,37.55315983,-12.47200012,18,46°13' N,113°14' W,"Cochard, 2006, Comptes Rendus Physique",Montana,USA
1775 ,Gym,Pinaceae,Picea engelmannii,-4.91 ,1.03 ,,,0.51 ,,3.566666663,3.09 ,440.00 ,0.759553097,0.7079,793.9928106,12.3663733,-13.21199989,28,40°04' N,111°02' W,"Pittermann, 2006a, 2006b",Utah,USA
966 ,Gym,Pinaceae,Picea glauca,-2.73 ,4.78 ,,26.29 ,0.45 ,1.50 ,3.24999998,2.61 ,486.00 ,0.38674552,0.6551,1095.909246,68.91351799,-20.4279995,15,53°25' N,113°45' W,"Hacke & Jansen, 2009, New Phytologist",25 km southwest of Edmonton,Canada
2066 ,Gym,Pinaceae,Picea glauca,-3.81 ,,,,,,2.524999996,-3.03 ,324.00 ,0.350134187,0.592,1273.345523,60.95255005,-26.93600082,10,65°06' N,146°46' W,"Sperry, 1994, Ecology",Alaska,USA
2406 ,Gym,Pinaceae,Picea glauca,,0.04 ,0.16 ,,,,2.083333304,4.38 ,623.00 ,0.440778781,0.7914,893.3477051,24.3006326,-15.5880003,33,53°45' N,122°42' W,"Wang, 2005,  Can. J. For. Res.","Prince George, British Columbia",Canada
3129 ,Gym,Pinaceae,Picea koraiensis,-2.00 ,1.97 ,0.37 ,,,,3.516666671,2.79 ,594.00 ,0.46329067,0.8569,1416.032805,107.0789385,-24.60400009,3,45°24´N,127°40´E,"??, 2017, ??????; Jin, 2016, Functional Plant Biology; Jin, 2018, Tree Physiology",Heilongjiang province ,China
2550 ,Gym,Pinaceae,Picea likiangensis,,,0.65 ,,,,2.091666649,3.70 ,847.00 ,15.35548757,0.9333,618.9011041,93.37889157,-9.944000244,5,29°25'N,101°55'E,"Xu, 2020, New Phytologist",Sichuan province,China
2621 ,Gym,Pinaceae,Picea likiangensis,,,0.24 ,,,,3.25000002,0.42 ,782.00 ,7.326257104,1.3644,679.4209524,92.66621245,-13.25599957,3,29°54'N,102°00'E,"Xu, 2020, New Phytologist",Sichuan province,China
2631 ,Gym,Pinaceae,Picea likiangensis,,,0.26 ,,,,3.325000008,0.42 ,782.00 ,7.326257104,1.4815,679.4209524,92.66621245,-13.25599957,3,29°55'N,102°01'E,"Xu, 2020, New Phytologist",Sichuan province,China
2654 ,Gym,Pinaceae,Picea likiangensis,,,0.71 ,,,,2.074999998,3.00 ,858.00 ,6.066549556,0.9714,635.2643433,90.25313014,-10.72399998,8,29°35'N,102°02'E,"Xu, 2020, New Phytologist",Sichuan province,China
2474 ,Gym,Pinaceae,Picea likiangensis var. hirtella,,,0.65 ,,,,2.391666641,2.43 ,759.00 ,0.389803522,0.8267,661.8772376,97.80626751,-11.29199982,2,29°33'N,101°23'E,"Xu, 2020, New Phytologist",Sichuan province,China
2500 ,Gym,Pinaceae,Picea likiangensis var. hirtella,,,0.25 ,,,,2.816666643,2.32 ,776.00 ,6.982331523,1.0537,659.7644595,96.74401021,-12.15600014,2,29°27'N,101°36'E,"Xu, 2020, New Phytologist",Sichuan province,China
964 ,Gym,Pinaceae,Picea mariana,-3.31 ,2.33 ,,24.53 ,0.41 ,1.50 ,2.300000032,2.62 ,575.00 ,0.445407956,0.7437,947.2251241,70.35056986,-18,16,53°26' N,116°39' W,"Hacke & Jansen, 2009, New Phytologist","20 km east of Edson, Alberta",Canada
1768 ,Gym,Pinaceae,Picea mariana,-5.98 ,0.95 ,,14.42 ,0.52 ,,2.841666679,-5.26 ,343.00 ,5.214351765,0.7217,1366.817778,56.22139014,-28.19599915,10,66°54' N,151°58' W,"Pittermann, 2006a, 2006b","Bettles, AK",USA
197 ,Gym,Pinaceae,Picea rubens,-5.08 ,0.25 ,,,,,3.416666647,9.91 ,1306.00 ,0.53273008,1.3623,729.7813014,11.61978521,-6.15199995,87,36°06'N,81°58'W,"Berry, 2015, Tree Physiology",North Carolina,USA
649 ,Ang,Simaroubaceae,Picrasma quassioides,-0.93 ,3.42 ,0.61 ,,,,1.533333331,17.19 ,1259.00 ,0.599097986,1.063,606.2322877,78.61021309,4.047999859,17,25°42' N,105°35' E,"Fan, 2011, Tree Physiology; Fan, 2018, Forest Ecosystems",Guizhou Province,China
N14,Ang,Fabaceae,Pictetia aculeata,,1.62 ,2.17 ,,1.03 ,,3.99999994,26.07 ,939.00 ,NA,0.7402,130.6923339,58.51883815,19.67916679,26,17°58?2.17?N,66°53?17.54?W,"Vargas, 2021, New Phytologist",Guanica,Puerto Rico
1308 ,Ang,Ericaceae,Pieris formosa,,0.49 ,,,0.42 ,,2.383333345,16.19 ,1749.00 ,0.606894284,1.7554,831.410251,57.04453011,1.052000046,44,29°15' N,118°07' E,"Liu, 2016, Ecology",Zhejiang province,China
831 ,Ang,Thymelaeaceae,Pimelea microcephala,,0.75 ,0.43 ,17.35 ,0.70 ,3.00 ,2.758333325,17.54 ,410.00 ,1.496945786,0.2873,613.9776951,14.54176838,1.675999999,26,32°58' S,146°10' E,"Gleason, 2012, Functional Ecology",,Australia
502 ,Gym,Pinaceae,Pinus albicaulis,-3.19 ,,,,0.45 ,10.00 ,3.358333329,2.24 ,412.00 ,0.560843341,0.6142,729.4754973,37.55315983,-12.47200012,18,46°13' N,113°14' W,"Cochard, 2006, Comptes Rendus Physique",Montana,USA
1761 ,Gym,Pinaceae,Pinus albicaulis,-3.59 ,0.21 ,0.16 ,,,,2.566666683,6.99 ,369.00 ,0.704702676,0.3601,865.4122486,25.45058358,-12.54800034,21,46°55' N,114°05' W,"Piñol & Sala, 2000, Functional Ecology","Missoula, MT",USA
1141 ,Gym,Pinaceae,Pinus arizonica,-3.15 ,0.34 ,,,,,4.141666671,11.63 ,717.00 ,1.718407153,0.7084,632.1429873,58.75046573,-3.424000025,12,32°25'N,110°43'W,"Kilgore, 2020, Madrono",southern Arizona,USA
1143 ,Gym,Pinaceae,Pinus arizonica,-2.95 ,0.26 ,,,,,3.858333329,12.26 ,685.00 ,1.718407153,0.5843,642.483182,58.409663,-3.04399991,12,32°23'N,110°41'W,"Kilgore, 2020, Madrono",southern Arizona,USA
1328 ,Gym,Pinaceae,Pinus caribaea,-2.68 ,0.28 ,0.70 ,,0.56 ,28.40 ,2.366666635,20.36 ,1765.00 ,0.818603122,1.0864,359.0264792,17.9971639,9.279999733,110,25°37'S,54°20'W,"Liu, 2019, Science Advances",northern Argentina,Argentina 
1777 ,Gym,Pinaceae,Pinus caribaea,-3.27 ,4.70 ,,18.20 ,0.45 ,,3.791666687,24.95 ,1244.00 ,0.927276265,0.9742,261.4952091,60.89672859,17.39999962,38,24°43' N,77°47' W,"Pittermann, 2006a, 2006b",Andros I.,Bahamas
517 ,Gym,Pinaceae,Pinus cembra,-3.20 ,,,,0.49 ,5.00 ,1.62499998,8.57 ,979.00 ,0.366518153,1.0205,674.2515165,40.48312633,-5.248000145,46,47°16' N,11°23' E,"Cochard, 2006, Comptes Rendus Physique",Innsbruck,Austria
1397 ,Gym,Pinaceae,Pinus cembra,-3.95 ,0.53 ,,14.61 ,,3.50 ,3.433333317,-1.72 ,1266.00 ,1.913868695,2.2795,632.6261754,19.20766343,-13.29599953,79,47°09'N,11°07'E,"Losso, 2016, Oecologia","Praxmar, Tyrol",Austria
1558 ,Gym,Pinaceae,Pinus cembra,-3.64 ,0.31 ,,9.43 ,0.48 ,3.00 ,3.25,2.43 ,1107.00 ,0.426773122,2.75,594.6975675,31.45891948,-8.616000175,55,47°11' N,11°19' E,"Mayr, 2006, Ecology",Tyrol,Austria
1561 ,Gym,Pinaceae,Pinus cembra,-3.34 ,0.22 ,,10.31 ,0.55 ,20.00 ,1.691666643,7.83 ,1029.00 ,0.366518153,1.0239,660.2526953,39.80209236,-5.599999905,48,47°16' N,11°22' E,"Mayr, 2006, Ecology",Tyrol,Austria
24 ,Gym,Pinaceae ,Pinus contorta,-3.57 ,,,,,,3.083333333,-0.02 ,343.00 ,0.58395917,0.4516,1430.464576,126.6628732,-28.12000084,2,49°55´N,114°13´W,"Andrews, 2012, Tree Physiology",Southwestern Alberta,Canada
26 ,Gym,Pinaceae ,Pinus contorta,-3.69 ,,,,,,3.216666679,0.09 ,322.00 ,0.586639062,0.4668,1455.890662,127.9991451,-28.12000084,1,49°49´N,114°25´W,"Andrews, 2012, Tree Physiology",Southwestern Alberta,Canada
518 ,Gym,Pinaceae,Pinus contorta,-3.90 ,,0.21 ,,0.46 ,5.00 ,3.358333329,2.24 ,412.00 ,0.560843341,0.6142,729.4754973,37.55315983,-12.47200012,18,46°13' N,113°14' W,"Cochard, 2006, Comptes Rendus Physique; Callaway, 2000, Ecosystems",Montana,USA
1762 ,Gym,Pinaceae,Pinus contorta,-3.01 ,0.26 ,0.19 ,,,,2.566666683,6.99 ,369.00 ,0.704702676,0.3601,865.4122486,25.45058358,-12.54800034,21,46°55' N,114°05' W,"Piñol & Sala, 2000, Functional Ecology","Missoula, MT",USA
1773 ,Gym,Pinaceae,Pinus contorta,-3.61 ,0.65 ,,11.02 ,0.39 ,10.00 ,3.12499998,8.66 ,480.00 ,1.007528871,0.5037,891.1965699,21.46543026,-11.65200043,25,40°03' N,111°37' W,"Pittermann, 2006a, 2006b",nothern Utah,USA
2407 ,Gym,Pinaceae,Pinus contorta,,0.03 ,0.11 ,,,,2.083333304,4.38 ,623.00 ,0.440778781,0.7914,893.3477051,24.3006326,-15.5880003,33,53°45' N,122°42' W,"Wang, 2005,  Can. J. For. Res.","Prince George, British Columbia",Canada
363 ,Gym,Pinaceae,Pinus contorta ssp. bolanderi,-4.20 ,0.47 ,0.30 ,10.60 ,,11.50 ,3.933333357,11.59 ,1129.00 ,NA,1.1164,251.5002013,83.13214918,2.641176462,4,39°23'N,123°49'W,"Cary & Pittermann, 2018, American Journal of Botany; Cary, 2020, New Phytologist",,USA
1412 ,Gym,Pinaceae,Pinus echinata,-3.21 ,0.26 ,0.13 ,10.47 ,0.51 ,,2.424999982,14.90 ,1150.00 ,0.80813385,0.9145,796.7224354,11.37109856,-2.828000069,79,36°01' N,78°59' W,"Maherali, 2006, Plant, Cell and Environment",North Carolina,USA
506 ,Gym,Pinaceae,Pinus edulis,-4.03 ,,,,0.60 ,10.00 ,2.37500001,12.58 ,245.00 ,1.477138164,0.1776,1002.597252,24.90382912,-10.82800007,9,38°35' N,109°32' W,"Cochard, 2006, Comptes Rendus Physique",Utah,USA
770 ,Gym,Pinaceae,Pinus edulis,-4.46 ,,,,,,3.716666698,9.40 ,439.00 ,0.761959222,0.3718,827.2080462,51.78640568,-10.89599991,20,35°49' N,106°18' W,"Garcia-Forner, 2016, Plant, Cell and Environment","Los Alamos County, New Mexico",USA
1249 ,Gym,Pinaceae,Pinus edulis,-4.88 ,,,13.96 ,,,3.299999992,7.04 ,540.00 ,1.124677751,0.6018,832.0381902,18.81522567,-9.291999817,30,40°38' N,111°47' W,"Linton, 1998, Functional Ecology",Utah,USA
1329 ,Gym,Pinaceae,Pinus elliotti,-2.60 ,0.58 ,0.34 ,,0.58 ,27.10 ,2.366666635,20.36 ,1765.00 ,0.818603122,1.0864,359.0264792,17.9971639,9.279999733,110,25°37'S,54°20'W,"Liu, 2019, Science Advances",northern Argentina,Argentina 
504 ,Gym,Pinaceae,Pinus flexibilis,-3.71 ,,,,0.53 ,10.00 ,3.958333333,4.93 ,425.00 ,0.669081229,0.4798,790.1948157,48.87645119,-12.3039999,20,47°41' N,112°41' W,"Cochard, 2006, Comptes Rendus Physique",Montana,USA
515 ,Gym,Pinaceae,Pinus halepensis,-5.60 ,,,,0.54 ,8.00 ,5.308333397,14.86 ,650.00 ,0.814566681,0.7375,593.0053932,34.87490412,2.684000015,20,43°36' N,3°51' E,"Cochard, 2006, Comptes Rendus Physique",Montpellier,France
1744 ,Gym,Pinaceae,Pinus halepensis,-3.11 ,0.15 ,0.13 ,9.40 ,0.54 ,6.00 ,3.825000008,18.13 ,294.00 ,0.952356165,0.2424,540.0343262,46.32523882,5.56400013,5,38°10' N,0°38' W,"Oliveras, 2003, Plant Ecology",Alicante,Spain
3130 ,Gym,Pinaceae,Pinus koraiensis,-2.10 ,1.79 ,0.50 ,,,,3.516666671,2.79 ,594.00 ,0.46329067,0.8569,1416.032805,107.0789385,-24.60400009,3,45°24´N,127°40´E,"??, 2017, ??????; Jin, 2016, Functional Plant Biology; Jin, 2018, Tree Physiology",Heilongjiang province ,China
1771 ,Gym,Pinaceae,Pinus monophylla,-5.55 ,0.20 ,,13.35 ,0.58 ,,3.391666631,17.17 ,215.00 ,1.833410714,0.1418,857.4336781,35.88618829,-3.099999905,5,37°04' N,113°58' W,"Pittermann, 2006a, 2006b","St. George, Utah",USA
121 ,Gym,Pinaceae,Pinus monticola,-5.25 ,0.45 ,,,,,2.616666655,7.17 ,733.00 ,0.646922595,0.7616,736.4493701,36.03984239,-9.675999641,26,46°50? N,116°43' W,"Baker, 2019, AoB Plants","Princeton, Idaho",USA
1399 ,Gym,Pinaceae,Pinus mugo,-4.39 ,,,,,3.50 ,2.375,3.50 ,1241.00 ,0.366518153,1.4535,602.0797641,31.9164543,-7.840000153,62,47°18'N,11°23'E,"Losso, 2017, Plant Physiology",Tyrolean Central Alps,Austria
1559 ,Gym,Pinaceae,Pinus mugo,-3.53 ,0.29 ,,8.53 ,0.64 ,3.00 ,3.25,2.43 ,1107.00 ,0.426773122,2.75,594.6975675,31.45891948,-8.616000175,55,47°11' N,11°19' E,"Mayr, 2006, Ecology",Tyrol,Austria
1562 ,Gym,Pinaceae,Pinus mugo,-3.64 ,0.40 ,,8.36 ,0.59 ,2.00 ,1.691666643,7.83 ,1029.00 ,0.366518153,1.0239,660.2526953,39.80209236,-5.599999905,48,47°16' N,11°22' E,"Mayr, 2006, Ecology",Tyrol,Austria
1703 ,Gym,Pinaceae,Pinus mugo,-3.82 ,,,,,,1.599999984,8.57 ,979.00 ,0.366518153,1.0239,674.2515165,40.48312633,-5.248000145,46,47°16' N,11°24' E,"Nolf, 2015b, New Phytologist",Innsbruck,Austria
1524 ,Gym,Pinaceae,Pinus nigra,-3.20 ,0.41 ,0.13 ,,,8.00 ,3.466666679,12.32 ,601.00 ,0.758594782,0.6892,623.9790215,30.20544711,-1.419999957,19,41°13' N,0°55' E,"Martinez-Vilalta & Piñol, 2002, Forest Ecology and Management",Prades,Spain
1 ,Gym,Pinaceae,Pinus palustris,-1.18 ,1.48 ,0.16 ,,,24.20 ,2.466666649,19.11 ,1346.00 ,0.963805853,0.8894,642.4107925,25.08654383,3.396000147,56,31°N,84°W,"Addington, 2006, Plant, cell and Environment",south-west Georgia State,USA
508 ,Gym,Pinaceae,Pinus pinaster,-3.73 ,,,,0.34 ,15.00 ,2.983333329,12.76 ,909.00 ,0.538910015,1.0475,529.7159357,22.73860834,1.200000048,45,44°45' N,0°47' W,"Cochard, 2006, Comptes Rendus Physique",Pierroton,France
1525 ,Gym,Pinaceae,Pinus pinaster,-3.01 ,0.35 ,0.10 ,,,8.00 ,3.466666679,12.32 ,601.00 ,0.758594782,0.6892,623.9790215,30.20544711,-1.419999957,19,41°13' N,0°55' E,"Martinez-Vilalta & Piñol, 2002, Forest Ecology and Management",Prades,Spain
516 ,Gym,Pinaceae,Pinus pinea,-4.34 ,,,,0.50 ,10.00 ,5.308333397,14.86 ,650.00 ,0.814566681,0.7375,593.0053932,34.87490412,2.684000015,20,43°36' N,3°51' E,"Cochard, 2006, Comptes Rendus Physique",Montpellier,France
1134 ,Gym,Pinaceae,Pinus pinea,-4.41 ,0.34 ,,,,5.50 ,2.983333329,13.16 ,914.00 ,0.559739893,0.9823,536.256857,21.04010752,0.783999979,49,44°46' N,0°37' W,"Johnson, 2016, Tree physiology","Gradignan, southern France",France
1745 ,Gym,Pinaceae,Pinus pinea,-3.65 ,0.35 ,0.16 ,10.10 ,0.55 ,6.00 ,3.825000008,18.13 ,294.00 ,0.952356165,0.2424,540.0343262,46.32523882,5.56400013,5,38°10' N,0°38' W,"Oliveras, 2003, Plant Ecology",Alicante,Spain
21 ,Gym,Pinaceae,Pinus ponderosa,-3.00 ,0.32 ,0.12 ,,0.47 ,20.32 ,3.225000024,3.76 ,681.00 ,0.706171623,0.707,764.4064483,22.84288728,-13.8760004,28,37°29´N,108°12´W,"Anderegg & Hillerislambers, 2016, Global Change Biology",Southwest Colorado,USA
122 ,Gym,Pinaceae,Pinus ponderosa,-3.32 ,0.66 ,,,,,2.616666655,7.17 ,733.00 ,0.646922595,0.7616,736.4493701,36.03984239,-9.675999641,26,46°50? N,116°43' W,"Baker, 2019, AoB Plants","Princeton, Idaho",USA
128 ,Gym,Pinaceae ,Pinus ponderosa,-3.30 ,,,,0.49 ,,3.116666675,11.23 ,1377.00 ,0.63725769,1.328,538.7626407,60.78753021,-2.71600008,18,44°22´N,122°50´W,"Barnard, 2011, Plant, Cell & Environment",Oregon,USA
130 ,Gym,Pinaceae ,Pinus ponderosa,-2.00 ,,,,0.47 ,,3.433333337,5.04 ,509.00 ,0.661337195,0.5509,678.3710991,50.24606623,-11.77999973,17,43°35´N,121°13´W,"Barnard, 2011, Plant, Cell & Environment",Oregon,USA
350 ,Gym,Pinaceae,Pinus ponderosa,,,0.21 ,,,,2.199999998,6.39 ,422.00 ,0.643275931,0.4711,796.629029,23.633778,-12.05200005,26,46°05'N,114°50'W,"Callaway, 2000, Ecosystems","90 km south of Missoula, Montana",USA
472 ,Gym,Pinaceae,Pinus ponderosa,-3.84 ,,,,,,3.108333349,4.98 ,406.00 ,0.680905276,0.455,829.0639635,25.05210589,-13.14799976,26,46°53'N,113°20'W,"Clute, 2020, Oecologia",western Montana,USA
500 ,Gym,Pinaceae,Pinus ponderosa,-3.86 ,,,,0.49 ,20.00 ,2.799999992,5.57 ,424.00 ,0.672589885,0.4305,819.7404353,22.88735505,-12.28800011,27,46°56' N,113°57' W,"Cochard, 2006, Comptes Rendus Physique",Montana,USA
576 ,Gym,Pinaceae,Pinus ponderosa,-4.63 ,4.03 ,0.40 ,,0.48 ,,3.225000024,8.95 ,1380.00 ,0.660432532,1.2972,524.7492225,64.59087712,-3.624000072,19,44°30' N,121°37' W,"Domec, 2009, IAWA Journal; Domec, 2004, Oecologia; Domec, 2005, Plant Cell and Environment",Oregon,USA
1140 ,Gym,Pinaceae,Pinus ponderosa,-3.43 ,0.48 ,,,,,4.333333313,9.97 ,764.00 ,1.907448694,0.8119,622.19927,58.35203882,-4.863999844,14,32°26'N,110°47'W,"Kilgore, 2020, Madrono",southern Arizona,USA
1142 ,Gym,Pinaceae,Pinus ponderosa,-3.36 ,0.36 ,,,,,4.141666671,11.63 ,717.00 ,1.718407153,0.7084,632.1429873,58.75046573,-3.424000025,12,32°25'N,110°43'W,"Kilgore, 2020, Madrono",southern Arizona,USA
1401 ,Gym,Pinaceae,Pinus ponderosa,-2.65 ,0.64 ,0.12 ,16.95 ,,8.90 ,2.933333337,10.65 ,215.00 ,1.044005699,0.1664,768.381539,44.48407298,-7.688000202,7,39°35' N,119°47' W,"Maherali & DeLucia, 2000, Tree Physiology",Nevada,USA
1402 ,Gym,Pinaceae,Pinus ponderosa,-2.61 ,0.54 ,0.21 ,14.12 ,,14.30 ,3.058333337,9.01 ,319.00 ,1.162217211,0.2529,768.2962525,51.00089669,-8.572000504,9,39°22' N,119°41' W,"Maherali & DeLucia, 2000, Tree Physiology",Nevada,USA
1763 ,Gym,Pinaceae,Pinus ponderosa,-3.01 ,0.26 ,0.18 ,,,,2.566666683,6.99 ,369.00 ,0.704702676,0.3601,865.4122486,25.45058358,-12.54800034,21,46°55' N,114°05' W,"Piñol & Sala, 2000, Functional Ecology","Missoula, MT",USA
2102 ,Gym,Pinaceae,Pinus ponderosa,-3.11 ,0.45 ,0.22 ,,,,2.441666623,5.46 ,365.00 ,0.631664392,0.346,791.9933992,26.57771507,-11.68000031,22,47° N,114°28' W,"Stout & Sala, 2003, Tree Physiology","Alberton, Montana",USA
2 ,Gym,Pinaceae,Pinus sylvestris,-2.88 ,0.51 ,0.06 ,,0.45 ,14.80 ,3.708333353,10.69 ,685.00 ,0.720320778,0.8695,599.8533651,25.58341011,-2.620000124,28,41° 19' N,1° 00' E,"Aguadé, 2015, Tree Physiology; Poyatos, 2013, New Phytologist; Salmon, 2015, Plant, Cell and Environment","Prades Mountains, NE Iberian Peninsula",Spain
126 ,Gym,Pinaceae,Pinus sylvestris,-3.59 ,1.49 ,,,,14.00 ,1.658333302,7.36 ,1142.00 ,0.37659679,1.0462,661.6041351,38.95812571,-6.084000111,53,47°14'N,11°21'E,"Bär, 2018, New Phytologist",Natters,Austria
519 ,Gym,Pinaceae,Pinus sylvestris,-3.16 ,,,,0.37 ,15.00 ,3.283333341,9.55 ,707.00 ,0.562120773,0.9201,581.9455584,27.5665858,-3.023999929,37,45°43' N,3°03' E,"Cochard, 2006, ScienceDirect",Clermont-Ferrand,France
572 ,Gym,Pinaceae,Pinus sylvestris,-3.50 ,,,,,,2.591666659,9.23 ,988.00 ,0.444126799,1.5049,647.6486462,15.63213473,-4.047999859,63,47°28'N,7°30'E,"Dietrich, 2019, Journal of Ecology",Basel,Switzerland
927 ,Gym,Pinaceae,Pinus sylvestris,-2.99 ,0.50 ,,,,10.70 ,3.833333353,9.61 ,778.00 ,0.410464714,1.0745,562.6062554,14.86652388,-2.592000008,45,52°00'N,6°08'E,"Gonzalez-Munoz, 2018, Plos One",,The Netherlands
930 ,Gym,Pinaceae,Pinus sylvestris,-3.45 ,0.29 ,,,,15.40 ,1.824999998,7.51 ,879.00 ,1.643719864,1.176,651.3324855,12.43845634,-6.303999901,61,46°18'N,7°44'E,"Gonzalez-Munoz, 2018, Plos One",,Switzerland
932 ,Gym,Pinaceae,Pinus sylvestris,-3.32 ,0.47 ,,,,7.00 ,1.200000003,5.82 ,936.00 ,0.347557375,1.0679,666.5566734,38.93679565,-8.284000397,37,46°26'N,12°13'E,"Gonzalez-Munoz, 2018, Plos One",,Italy
935 ,Gym,Pinaceae,Pinus sylvestris,-2.93 ,0.37 ,,,,6.90 ,3.85833329,7.70 ,561.00 ,0.465611363,0.8076,717.2851224,40.81572286,-6.960000038,27,49°17'N,16°44'E,"Gonzalez-Munoz, 2018, Plos One",,Czech Republic
938 ,Gym,Pinaceae,Pinus sylvestris,-3.05 ,0.32 ,,,,11.40 ,2.775000036,3.37 ,618.00 ,0.28209632,1.0897,876.9266395,33.23547789,-13.70800018,29,61°50'N,24°30'E,"Gonzalez-Munoz, 2018, Plos One",,Finland-HYY
942 ,Gym,Pinaceae,Pinus sylvestris,-3.23 ,0.31 ,,,,8.70 ,2.325000008,-1.03 ,594.00 ,0.203827097,1.4046,900.6997302,33.86396525,-16.7159996,28,67°44'N,29°37'E,"Gonzalez-Munoz, 2018, Plos One",,Finland-VAR
1535 ,Gym,Pinaceae,Pinus sylvestris,-2.89 ,0.60 ,0.32 ,12.96 ,0.47 ,13.80 ,,NA,NA,NA,#VALUE!,,,,,61°51' N,24°18' W,"Martinez-Vilalta, 2009, New Phytologist",Hyytiala,Finland
1536 ,Gym,Pinaceae,Pinus sylvestris,-3.15 ,0.51 ,0.22 ,13.02 ,0.52 ,12.60 ,,NA,NA,NA,#VALUE!,,,,,40°36' N,15°48' W,"Martinez-Vilalta, 2009, New Phytologist",Potenza,Italy
1537 ,Gym,Pinaceae,Pinus sylvestris,-2.93 ,0.40 ,0.26 ,12.49 ,0.48 ,16.80 ,,NA,NA,NA,#VALUE!,,,,,52°10' N,5°44' W,"Martinez-Vilalta, 2009, New Phytologist",Kootwijk,Netherlands
1538 ,Gym,Pinaceae,Pinus sylvestris,-3.14 ,0.42 ,0.18 ,12.88 ,0.49 ,20.00 ,,NA,NA,NA,#VALUE!,,,,,52°18' N,5°43' W,"Martinez-Vilalta, 2009, New Phytologist",Leuvenumse,Netherlands
1539 ,Gym,Pinaceae,Pinus sylvestris,-3.43 ,0.40 ,0.25 ,13.01 ,0.45 ,11.40 ,,NA,NA,NA,#VALUE!,,,,,45°42' N,2°59' W,"Martinez-Vilalta, 2009, New Phytologist",Fonfreyde,France
1540 ,Gym,Pinaceae,Pinus sylvestris,-3.59 ,0.50 ,0.16 ,12.13 ,0.50 ,11.00 ,3.550000032,14.23 ,432.00 ,0.840437672,0.4924,603.887977,23.73011591,-0.428000003,25,42°12' N,1°49' W,"Martinez-Vilalta, 2009, New Phytologist",Vallcebre,Spain
1541 ,Gym,Pinaceae,Pinus sylvestris,-3.29 ,0.32 ,0.10 ,11.57 ,0.56 ,7.70 ,,NA,NA,NA,#VALUE!,,,,,37°22' N,2°51' E,"Martinez-Vilalta, 2009, New Phytologist",Granada,Spain
1542 ,Gym,Pinaceae,Pinus sylvestris,-3.01 ,0.45 ,0.22 ,12.94 ,0.44 ,8.30 ,,NA,NA,NA,#VALUE!,,,,,55°52' N,3°27' E,"Martinez-Vilalta, 2009, New Phytologist",Selm Muir,Scotland
1543 ,Gym,Pinaceae,Pinus sylvestris,-3.77 ,0.33 ,0.15 ,11.41 ,0.54 ,4.00 ,1.924999992,8.80 ,856.00 ,1.643719864,1.0074,674.5497401,12.46797167,-5.524000168,58,46°19' N,7°35' E,"Martinez-Vilalta, 2009, New Phytologist",Salgesch,Switzerland
1544 ,Gym,Pinaceae,Pinus sylvestris,-3.28 ,0.58 ,0.22 ,13.05 ,0.45 ,11.00 ,1.87500001,8.47 ,861.00 ,1.643719864,1.063,671.5131208,12.85625919,-5.756000042,58,46°18' N,7°37' E,"Martinez-Vilalta, 2009, New Phytologist",Pfyn,Switzerland
1545 ,Gym,Pinaceae,Pinus sylvestris,-3.23 ,0.44 ,0.18 ,12.12 ,0.50 ,12.00 ,2.116666655,7.51 ,879.00 ,1.643719864,1.1348,651.3324855,12.43845634,-6.303999901,61,46°19' N,7°44' E,"Martinez-Vilalta, 2009, New Phytologist",Jeizinen,Switzerland
1546 ,Gym,Pinaceae,Pinus sylvestris,-3.41 ,0.42 ,0.12 ,12.00 ,0.47 ,10.00 ,3.466666679,12.32 ,601.00 ,0.758594782,0.6892,623.9790215,30.20544711,-1.419999957,19,41°13' N,0°55' E,"Martinez-Vilalta, 2009, New Phytologist; Martinez-Vilalta & Piñol, 2002, Forest Ecology and Management",Prades,Spain
3131 ,Gym,Pinaceae,Pinus sylvestris var. Mongolica,-2.00 ,1.27 ,0.37 ,,,,3.516666671,2.79 ,594.00 ,0.46329067,0.8569,1416.032805,107.0789385,-24.60400009,3,45°24´N,127°40´E,"??, 2017, ??????; Jin, 2016, Functional Plant Biology; Jin, 2018, Tree Physiology",Heilongjiang province ,China
534 ,Gym,Pinaceae,Pinus tabulaeformis,-3.87 ,,,15.13 ,,6.48 ,2.199999988,10.34 ,439.00 ,0.837276485,0.4003,1058.052428,105.8021687,-12.22000027,3,37°26?N,112°32?E,"Dai, 2020, Plant Physiology and Biochemistry",Shanxi provience,China
3137 ,Gym,Pinaceae,Pinus tabuliformis,,2.12 ,0.80 ,,0.43 ,,2.266666661,9.30 ,519.00 ,0.702280034,0.5251,959.9457379,88.82626146,-10.55999947,2,35°58'N,110°05'E,"???, 2010, ????",Shanxi province,China
580 ,Gym,Pinaceae,Pinus taeda,-3.30 ,0.34 ,0.13 ,19.00 ,,14.45 ,2.408333331,14.77 ,1168.00 ,0.832321853,0.9195,792.8330532,10.80886819,-2.828000069,80,35°58' N,79°08' W,"Domec, 2010, Tree Physiology",North Carolina,USA
624 ,Gym,Pinaceae,Pinus taeda,-3.27 ,,0.16 ,,,10.00 ,2.616666675,16.47 ,1204.00 ,0.900578194,0.8912,759.0063625,21.21275826,-0.824000001,74,34°48' N,79°12' W,"Ewers, 2000,  Plant, Cell and Environment",North Carolina,USA
975 ,Gym,Pinaceae,Pinus taeda,-3.70 ,,,,,,2.408333331,14.77 ,1168.00 ,0.832321853,0.9128,792.8330532,10.80886819,-2.828000069,80,35°58' N,79°8' W,"Hacke, 2000b, Oecologia",North Carolina,USA
977 ,Gym,Pinaceae,Pinus taeda,-3.20 ,,,,,,2.524999996,16.41 ,1191.00 ,0.882407327,0.9057,763.2427733,20.57126455,-0.684000015,73,35° N,79° W,"Hacke, 2000b, Oecologia",North Carolina,USA
1131 ,Gym,Pinaceae,Pinus taeda,-3.89 ,0.83 ,,,,24.20 ,2.408333331,14.83 ,1165.00 ,0.832321853,0.9181,793.5546533,10.60838144,-2.815999985,80,35°59' N,79°05' W,"Johnson, 2016, Tree physiology",North Carolina,USA
1330 ,Gym,Pinaceae,Pinus taeda,-2.41 ,3.27 ,0.86 ,,0.68 ,25.00 ,2.366666635,20.36 ,1765.00 ,0.818603122,1.0864,359.0264792,17.9971639,9.279999733,110,25°37'S,54°20'W,"Liu, 2019, Science Advances",northern Argentina,Argentina 
1413 ,Gym,Pinaceae,Pinus taeda,-3.13 ,0.32 ,0.35 ,12.34 ,0.46 ,,2.424999982,14.90 ,1150.00 ,0.80813385,0.9145,796.7224354,11.37109856,-2.828000069,79,36°01' N,78°59' W,"Maherali, 2006, Plant, Cell and Environment",North Carolina,USA
509 ,Gym,Pinaceae,Pinus ucinata,-4.18 ,,,,0.39 ,10.00 ,4.425000032,7.12 ,1199.00 ,0.442320318,1.5777,512.1273599,18.0773881,-1.787999988,64,42°54' N,0°05' E,"Cochard, 2006, Comptes Rendus Physique",Barèges,France
1132 ,Gym,Pinaceae,Pinus virginiana,-3.63 ,1.42 ,,,,8.40 ,2.408333331,14.83 ,1165.00 ,0.832321853,0.9181,793.5546533,10.60838144,-2.815999985,80,35°59' N,79°05' W,"Johnson, 2016, Tree physiology",North Carolina,USA
2501 ,Gym,Pinaceae,Pinus yunnanensis,,,0.23 ,,,,2.816666643,2.32 ,776.00 ,6.982331523,1.0537,659.7644595,96.74401021,-12.15600014,2,29°27'N,101°36'E,"Xu, 2020, New Phytologist",Sichuan province,China
715 ,Ang,Piperaceae,Piper aduncum,,7.82 ,2.22 ,,,,2.708333333,26.29 ,2977.00 ,NA,2.331,43.33440365,34.52594325,21.56999969,117,5°08' S,145°41' E,"Feild & Balun, 2008, New Phytologist",20 km north of Madang,Papua New Guinea
716 ,Ang,Piperaceae,Piper beetle,,1.06 ,1.25 ,,,,2.708333333,26.29 ,2977.00 ,NA,2.331,43.33440365,34.52594325,21.56999969,117,5°08' S,145°41' E,"Feild & Balun, 2008, New Phytologist",20 km north of Madang,Papua New Guinea
2372 ,Ang,Piperaceae,Piper reticulatum,-0.91 ,4.19 ,0.57 ,,,,1.650000006,26.79 ,2330.00 ,0.716664737,1.3739,67.82329313,69.04398102,22.50799942,19,9°10'N,79°07'W,"van der Sande, 2013, Oecologia",Isthmus of Panama,Panama
1641 ,Ang,Fabaceae,Piptadenia constricta,,6.49 ,,37.63 ,0.73 ,,2.533333361,25.07 ,999.00 ,NA,0.4434,207.0734595,111.2129666,17.13199997,2,19°29'N,105°02'W,"Mendez-Alonzo, 2013, Trees-Strucyture and Function",the Pacific coast of Jalisco,Mexico
1241 ,Ang,Fabaceae,Piptadenia stipulacea,-2.17 ,,,,0.57 ,,1.950000008,26.56 ,879.00 ,1.02707824,0.5112,59.08015702,114.9634108,20.78000069,2,3°47'S,39°16'W,"Lima, 2018, New Phytologist",northeastern Brazil,Brazil
1242 ,Ang,Fabaceae,Piptadenia viridiflora,-3.45 ,,,,0.59 ,,1.950000008,26.56 ,879.00 ,1.02707824,0.5112,59.08015702,114.9634108,20.78000069,2,3°47'S,39°16'W,"Lima, 2018, New Phytologist",northeastern Brazil,Brazil
N52,Ang,Fabaceae,Piscidia cartagenensis,,,,,0.64 ,,3.533333381,26.60 ,1633.00 ,1.163631518,1.0017,80.14568299,93.82169736,21.43599892,2,10°43?31.39?N,85°35?46.99?W,"Vargas, 2021, New Phytologist",Horizontes,Costa Rica
N86,Ang,Fabaceae,Piscidia piscipula,,4.18 ,2.35 ,,0.78 ,,2.366666665,25.43 ,1087.00 ,1.022873596,0.5479,207.2946945,70.07447924,15.63199997,22,20°5?26.73?N,89°33?47.66?W,"Vargas, 2021, New Phytologist",Kaxil Kiuic,Mexico
N51,Ang,Nyctaginaceae,Pisonia aculeata,,4.11 ,0.43 ,,0.44 ,,3.533333381,26.60 ,1633.00 ,1.163631518,1.0017,80.14568299,93.82169736,21.43599892,2,10°43?31.39?N,85°35?46.99?W,"Vargas, 2021, New Phytologist",Horizontes,Costa Rica
N15,Ang,Nyctaginaceae,Pisonia albida,,1.19 ,2.04 ,,0.44 ,,3.99999994,26.07 ,939.00 ,NA,0.7402,130.6923339,58.51883815,19.67916679,26,17°58?2.17?N,66°53?17.54?W,"Vargas, 2021, New Phytologist",Guanica,Puerto Rico
413 ,Ang,Anacardiaceae,Pistacia chinensis,-4.13 ,2.98 ,0.40 ,22.40 ,0.73 ,,2.791666687,12.90 ,750.00 ,0.833278615,0.7018,1029.416139,109.3542796,-7.93599987,8,35°46'N,117°47'E,"Chen, 2019, 2020, 2021, Tree Physiology","Xintai, Shandong province",China
3175 ,Ang,Anacardiaceae,Pistacia chinensis,-0.51 ,,,,0.77 ,,1.575000008,21.79 ,1244.00 ,0.682104923,0.9054,514.7271923,76.36396698,9.815999985,19,22°07'N,106°45'E,"???, 2019, ??????",Guangxi province,China
1897 ,Ang,Anacardiaceae,Pistacia lentiscus,-3.09 ,0.69 ,0.35 ,,,1.38 ,2.733333329,16.24 ,465.00 ,1.255760801,0.4115,673.8307813,54.27653412,0.451999992,5,38°14' N,4°12' W,"Quero, 2011, Oecologia",Sierra De Cardena,Spain
452 ,Ang,Anacardiaceae,Pistacia terebinthus,-8.42 ,,,,,,3.699999948,17.92 ,307.00 ,0.933144571,0.2751,534.1157013,47.51409588,5.993750095,5,38°20'N,0°32'W,"Choat, 2012, Nature",Alicante,Spain
1971 ,Ang,Anacardiaceae,Pistacia terebinthus,-3.44 ,,,,0.71 ,,2.224999984,13.22 ,1284.00 ,0.550608952,1.2953,680.3336276,20.82444629,0.263999999,70,45°38'N,13°48''E,"Savi, 2019, Tree Physiology",Trieste,Italy
2735 ,Ang,Anacardiaceae,Pistacia weinmannifolia,,0.21 ,0.53 ,,0.62 ,,1.299999992,13.24 ,983.00 ,2.92760473,0.7174,576.9135477,90.39955827,-0.60799998,10,29°26'N,102°10'E,"Xu, 2020, New Phytologist",Sichuan province,China
761 ,Ang,Anacardiaceae,Pistacia weinmanniifolia,-3.98 ,2.66 ,0.54 ,,0.69 ,,1.450000008,19.61 ,1575.00 ,0.7831742,1.2463,355.3021639,76.07293498,9.543999672,18,21°54' N,101°46' E,"Fu, 2012, Annals of Botany",Yunnan Province,China
2924 ,Ang,Anacardiaceae,Pistacia weinmanniifolia,-4.10 ,2.01 ,0.52 ,,0.72 ,8.00 ,1.450000008,19.61 ,1575.00 ,0.7831742,1.2463,355.3021639,76.07293498,9.543999672,18,21°54'N,101°46'E,"Zhu, 2017, Tree Physiology; Tan, 2020, Agricultural and Forest Meteorology",Yunnan province,China
3061 ,Ang,Anacardiaceae,Pistacia weinmanniifolia,-3.31 ,1.42 ,0.57 ,,0.67 ,,1.241666675,21.73 ,1241.00 ,0.650657102,0.5667,418.0369268,86.52378798,10.16399956,13,23°27'N,102°10'E,"Zhu, 2018, Tree Physiology; Zhang, 2017, Frontiers in Plant Science",Yunnan province,China
2036 ,Ang,Fabaceae,Pithecellobium dulce,-1.65 ,0.54 ,0.65 ,,,,2.308333337,22.92 ,1162.00 ,0.859320757,0.694,73.08045044,62.82491845,17.07600021,18,10°15' N,67°03' W,"Sobrado, 1997, Acta Ecologica",Estado Miranda,Venezuela
N100,Ang,Fabaceae,Pithecellobium dulce,,,,,0.58 ,,3.533333381,26.60 ,1633.00 ,1.163631518,1.0017,80.14568299,93.82169736,21.43599892,2,10°43?31.39?N,85°35?46.99?W,"Vargas, 2021, New Phytologist",Santa Rosa,Costa Rica
N16,Ang,Fabaceae,Pithecellobium unguis-cati,,0.80 ,0.67 ,,0.75 ,,3.99999994,26.07 ,939.00 ,NA,0.7402,130.6923339,58.51883815,19.67916679,26,17°58?2.17?N,66°53?17.54?W,"Vargas, 2021, New Phytologist",Guanica,Puerto Rico
1611 ,Ang,Rubiaceae,Pittoniotis trichantha,-2.11 ,3.92 ,0.31 ,,0.40 ,,1.916666647,26.94 ,2169.00 ,0.756386424,1.2534,65.14634424,68.85282668,22.84545517,16,9°00'N,79°33'W,"Medina-Vega, 2021, Journal of Ecology",near Panama City,Panama
249 ,Ang,Pittosporaceae,Pittosporum bicolor,,,,,0.73 ,,5.674999992,6.25 ,1531.00 ,0.387481756,2.0783,305.9782469,21.03196025,-2.220000029,85,42°40'S,146°37'E,"Blackman, 2014, Annals of Botany; Blackman, 2012, Oecologia; Blackman, 2010, New Phytologist",Tasmania,Australia
3176 ,Ang,Pittosporaceae,Pittosporum pulchrum,-1.92 ,,,,0.78 ,,1.575000008,21.79 ,1244.00 ,0.682104923,0.9054,514.7271923,76.36396698,9.815999985,19,22°07'N,106°45'E,"???, 2019, ??????",Guangxi province,China
2144 ,Ang,Pittosporaceae,Pittosporum tobira,,0.73 ,0.69 ,,0.66 ,,1.708333333,15.31 ,1184.00 ,0.558582058,1.1298,632.1588893,75.233605,1.911999941,18,26°15'N,105°80'E,This study,Guizhou Province,China
1261 ,Ang,Pittosporaceae,Pittosporum undulatum,-1.19 ,,,,,,2.99999998,17.07 ,417.00 ,1.296086607,0.3235,471.5872751,94.41524756,3.832000017,1,34°08' N,118°17' W,"Litvak, 2012, Tree Physiology",Southern California,USA
643 ,Ang,Pittosporaceae,Pittosporum xylocarpum,-1.58 ,1.78 ,1.03 ,,,,1.683333327,17.11 ,1321.00 ,0.531200841,1.1745,699.3437258,66.72986946,3.036000013,28,25°26' N,108°05' E,"Fan, 2011, Tree Physiology",Guizhou Province,China
823 ,Ang,Lecythidaceae,Planchonia careya,,9.35 ,0.53 ,42.09 ,0.44 ,5.00 ,4.891666691,23.63 ,2084.00 ,0.865874479,1.3729,289.0695581,88.38712088,14.96000004,29,18°24' S,146°6' E,"Gleason, 2012, Functional Ecology",Queensland,Australia
900 ,Ang,Lecythidaceae,Planchonia careya,,10.27 ,0.38 ,33.53 ,0.54 ,5.00 ,3.433333337,20.90 ,1400.00 ,1.018901775,0.7223,326.6472719,92.01642804,9.711999893,18,18°18' S,145°30' E,"Gleason, 2012, Functional Ecology; Blackman, 2014, Annals of Botany; Blackman, 2018, Annals of Botany","Einasleigh, northern queensland",Australia
535 ,Ang,Platanaceae,Platanus acerifolia,-2.02 ,,,18.69 ,,12.38 ,2.199999988,10.34 ,439.00 ,0.837276485,0.4003,1058.052428,105.8021687,-12.22000027,3,37°26?N,112°32?E,"Dai, 2020, Plant Physiology and Biochemistry",Shanxi provience,China
3192 ,Ang,Platanaceae,Platanus hispanica,-1.80 ,2.24 ,,,,,1.608333329,13.31 ,647.00 ,0.686999546,0.5277,948.9971862,72.73185173,-6.144000053,5,34°14´N,108°06´E,"???, 2012, ????",Shanxi province,China
1262 ,Ang,Platanaceae,Platanus racemosa,-1.56 ,,,,,,2.99999998,17.07 ,417.00 ,1.296086607,0.3235,471.5872751,94.41524756,3.832000017,1,34°08' N,118°17' W,"Litvak, 2012, Tree Physiology",Southern California,USA
16 ,Ang,Icacinaceae,Platea excelsa,,1.63 ,0.50 ,39.80 ,,27.20 ,1.208333343,21.09 ,1997.00 ,0.725864083,1.393,41.63576929,29.39761851,15.43999958,96,1°29'S,120°04'E,"Alexandra, 2013, Flora",Central Sulawesi,Indonesia
2815 ,Ang,Icacinaceae,Platea excelsa,,1.63 ,0.50 ,39.80 ,,27.20 ,1.166666677,21.09 ,1997.00 ,0.725864083,1.3865,41.63576929,29.39761851,15.43999958,96,1°29'S,120°04'E,"Zach, 2010, Flora",Sulawesi,Indonesia
644 ,Ang,Juglandaceae,Platycarya longipes,-1.06 ,5.68 ,1.41 ,,,,1.683333327,17.11 ,1321.00 ,0.531200841,1.1745,699.3437258,66.72986946,3.036000013,28,25°26' N,108°05' E,"Fan, 2011, Tree Physiology",Guizhou Province,China
655 ,Ang,Juglandaceae,Platycarya longipes,-1.50 ,2.73 ,1.11 ,,0.55 ,,1.708333333,15.31 ,1184.00 ,0.558582058,1.1298,632.1588893,75.233605,1.911999941,18,26°15' N,105°44' E,"Fan, 2011, Tree Physiology; Fan, 2018, Forest Ecosystems",Guizhou Province,China
2145 ,Ang,Juglandaceae,Platycarya strobilacea,,3.35 ,0.73 ,,0.55 ,,1.708333333,15.31 ,1184.00 ,0.558582058,1.1298,632.1588893,75.233605,1.911999941,18,26°15'N,105°80'E,This study,Guizhou Province,China
536 ,Gym,Cupressaceae,Platycladus orientalis,-7.61 ,,,6.23 ,,6.45 ,2.199999988,10.34 ,439.00 ,0.837276485,0.4003,1058.052428,105.8021687,-12.22000027,3,37°26?N,112°32?E,"Dai, 2020, Plant Physiology and Biochemistry",Shanxi provience,China
1593 ,Ang,Bignoniaceae,Pleonotoma variabilis,-1.63 ,6.21 ,0.47 ,,0.55 ,,1.974999984,26.20 ,2501.00 ,0.620433427,2.4056,55.1326178,61.10977054,22.31999969,24,9°17' N,79°58' W,"Medina-Vega, 2021, Journal of Ecology",near the Caribbean coast of Panama,Panama
1783 ,Gym,Podocarpaceae,Podocarpus cunninghamii,-6.61 ,0.72 ,,10.80 ,0.54 ,,3.108333329,11.81 ,1411.00 ,0.397580257,1.3867,389.635639,15.5596951,0.879999995,88,38°53' S,175°25' E,"Pittermann, 2006a, 2006b",Wellington,New Zealand
267 ,Gym,Podocarpaceae,Podocarpus lawrencei,,0.15 ,0.11 ,,,,5.674999992,6.25 ,1531.00 ,0.387481756,2.0783,305.9782469,21.03196025,-2.220000029,85,42°40'S,146°37'E,"Brodribb & Feild, 2000, Plant, Cell and Environment",Tasmania,Australia
717 ,Gym,Podocarpaceae,Podocarpus neriifolius,,0.45 ,0.31 ,,,,2.708333333,26.29 ,2977.00 ,NA,2.331,43.33440365,34.52594325,21.56999969,117,5°08' S,145°41' E,"Feild & Balun, 2008, New Phytologist",20 km north of Madang,Papua New Guinea
912 ,Ang,Fabaceae,Podolobium ilicifolium,,1.03 ,0.57 ,40.65 ,0.80 ,2.00 ,2.458333313,16.28 ,874.00 ,0.857961244,0.5743,450.6347406,33.16001174,4,38,32°47' S,150°55' E,"Gleason, 2012, Functional Ecology; Blackman, 2014, Annals of Botany; Blackman, 2018, Annals of Botany","New South Wales, Eastern Australia",Australia
809 ,Ang,Rubiaceae,Pogonolobus reticulatus,,,,,,3.00 ,3.433333337,20.90 ,1400.00 ,1.018901775,0.7223,326.6472719,92.01642804,9.711999893,18,18°18' S,145°30' E,"Gleason, 2012, Functional Ecology",Einasleigh,Australia
1512 ,Ang,Rubiaceae,Pogonopus tubulosus,,1.98 ,1.41 ,,0.29 ,,2.950000008,24.77 ,1143.00 ,0.998740338,0.6171,167.8732009,62.51391847,16.2159996,16,16°07' S,61°43' W,"Markesteijn et al, 2011a, 2011b","Near Conception, Santa Cruz",Bolivia
1243 ,Ang,Fabaceae,Poincianella bracteosa,,,,,0.65 ,,1.950000008,26.56 ,879.00 ,1.02707824,0.5112,59.08015702,114.9634108,20.78000069,2,3°47'S,39°16'W,"Lima, 2018, New Phytologist",northeastern Brazil,Brazil
2819 ,Ang,Annonaceae,Polyalthia cerasoides,-2.86 ,3.91 ,1.64 ,,0.51 ,,1.241666675,21.73 ,1241.00 ,0.650657102,0.5667,418.0369268,86.52378798,10.16399956,13,23°27'N,102°10'E,"Zhang, 2019, Forests",Yunnan province,China
2673 ,Ang,Polygalaceae,Polygala fallax,,0.76 ,1.68 ,,0.57 ,,1.908333331,7.08 ,884.00 ,6.066549556,0.9004,638.6576091,89.54447083,-7.079999924,8,29°35'N,102°03'E,"Xu, 2020, New Phytologist",Sichuan province,China
824 ,Ang,Araliaceae,Polyscias elegans,,4.35 ,,32.97 ,0.38 ,,4.891666691,23.63 ,2084.00 ,0.865874479,1.3729,289.0695581,88.38712088,14.96000004,29,18°24' S,146°6' E,"Gleason, 2012, Functional Ecology",Queensland,Australia
692 ,Ang,Sapindaceae,Pometia pinnata,,,,189.30 ,0.63 ,41.94 ,1.266666651,21.56 ,1641.00 ,0.894353661,0.9726,335.0943307,76.6728934,11.23200035,16,21°41' N,101°25' E,"Fan, 2012, Journal of Ecology",Yunnan Province,China
1110 ,Ang,Fabaceae,Pongamia pinnata,-6.27 ,1.25 ,0.36 ,99.37 ,0.56 ,,2.833333353,22.64 ,2301.00 ,0.587819246,1.8989,541.3383096,89.03357105,11.68000031,33,21° 34? N,108° 08? E,"Jiang, 2017, Tree Physiology",Guangxi province,China
2944 ,Ang,Fabaceae,Pongamia pinnata,-6.27 ,,,,,,3.216666639,24.54 ,1745.00 ,0.697412468,1.3928,390.1725221,69.8213515,15.09599972,24,19°38'N,110°47'E,"Zhu, 2018, Tree Physiology",Hainan province,China
2790 ,Ang,Rosaceae,Populus × hopeiensis,,,0.46 ,20.64 ,,,2.141666661,9.62 ,592.00 ,0.661215941,0.635,902.384731,79.18673104,-9.227999687,4,35°09'N,108°45'E,"Yin, 2019, Forests",Shaanxi Province,China
1705 ,Ang,Salicaceae,Populus alba,-1.50 ,,,,,,3.125,9.76 ,583.00 ,0.605816588,0.7281,745.6629679,28.56675466,-5.191999912,30,48°14' N,16°20' E,"Nolf, 2015b, New Phytologist",Vienna,Austria
2319 ,Ang,Salicaceae,Populus angustifolia,-1.60 ,,,,,,4.283333302,6.29 ,380.00 ,0.610497737,0.4636,954.4874935,57.21569702,-14.25199986,12,49°42' N,112°49' W,"Tyree, 1994, Tree Physiology","Lethbridge, Alberta",Canada
1010 ,Ang,Salicaceae,Populus balsamifera,-1.81 ,2.29 ,,,,,3.716666698,9.40 ,439.00 ,0.761959222,0.3718,827.2080462,51.78640568,-10.89599991,20,53°32' N,113°31'W,"Hillabrand, 2016, Plant, Cell and Environment",downslope of the University of Alberta,Canada
2320 ,Ang,Salicaceae,Populus balsamifera,-1.56 ,,,,,,4.283333302,6.29 ,380.00 ,0.610497737,0.4636,954.4874935,57.21569702,-14.25199986,12,49°42' N,112°49' W,"Tyree, 1994, Tree Physiology","Lethbridge, Alberta",Canada
1370 ,Ang,Salicaceae,Populus davidiana,-2.33 ,2.17 ,0.24 ,22.70 ,0.42 ,11.90 ,1.833333333,3.27 ,661.00 ,0.432660541,0.8044,1257.058799,95.56655616,-21.12800026,5,42°24'N,128°29'E,"Liu, 2019, Science Advances; Yin, 2018, New Phytologist",Jilin Province,China
2475 ,Ang,Salicaceae,Populus davidiana,,,1.03 ,,,,2.391666641,2.43 ,759.00 ,0.389803522,0.8267,661.8772376,97.80626751,-11.29199982,2,29°33'N,101°23'E,"Xu, 2020, New Phytologist",Sichuan province,China
2791 ,Ang,Salicaceae,Populus davidiana,,,0.38 ,18.81 ,,,2.141666661,9.62 ,592.00 ,0.661215941,0.635,902.384731,79.18673104,-9.227999687,4,35°09'N,108°45'E,"Yin, 2019, Forests",Shaanxi Province,China
3132 ,Ang,Salicaceae,Populus davidiana,-1.90 ,5.06 ,0.96 ,,,,3.516666671,2.79 ,594.00 ,0.46329067,0.8569,1416.032805,107.0789385,-24.60400009,3,45°24´N,127°40´E,"??, 2017, ??????; Jin, 2016, Functional Plant Biology; Jin, 2018, Tree Physiology",Heilongjiang province ,China
3139 ,Ang,Salicaceae,Populus davidiana,-1.96 ,5.58 ,0.88 ,49.55 ,0.43 ,,2.266666661,9.30 ,519.00 ,0.702280034,0.5251,959.9457379,88.82626146,-10.55999947,2,35°58'N,110°05'E,"???, 2010, ????; ???, 2010, ????????",Shanxi province,China
3147 ,Ang,Salicaceae,populus davidiana,-1.92 ,7.27 ,1.89 ,,0.47 ,10.00 ,2.224999994,9.06 ,523.00 ,0.696710268,0.5184,956.2625809,87.88328894,-11.01200008,3,36°05' N,109°11' E,"???, 2014, ??????",Shanxi province,China
468 ,Ang,Salicaceae,Populus deltoides,-1.53 ,,,34.10 ,,,1.449999993,-5.20 ,373.00 ,0.362357696,0.5461,1540.629759,115.0483303,-36.10800171,2,53°25'N,113°32'W,"Christensen-Dalsgaard?Tyree, 2013, 2014",Alberta,Canada
480 ,Ang,Salicaceae,Populus deltoides,-1.30 ,,,,,15.00 ,3.199999988,9.67 ,775.00 ,0.500635756,0.9623,630.7069029,11.28856702,-4.06799984,51,48°45' N,6°20' E,"Cochard, 1992b,  Plant Physiology",Clermont-Ferrand,France
1377 ,Ang,Salicaceae,Populus deltoides,-1.21 ,,,,,,3.183333298,18.78 ,819.00 ,NA,0.8167,553.5924922,54.63518914,8.490909576,12,38°11' N,15°33' E,"Lo Gullo & Salleo, 1992, Plant, Cell and Environment",Messina,Italy
2321 ,Ang,Salicaceae,Populus deltoides,-0.67 ,,,,,,4.283333302,6.29 ,380.00 ,0.610497737,0.4636,954.4874935,57.21569702,-14.25199986,12,49°42' N,112°49' W,"Tyree, 1994, Tree Physiology","Lethbridge, Alberta",Canada
701 ,Ang,Populus euphratica,Populus euphratica,-1.39 ,1.52 ,0.43 ,,0.41 ,,2.158333341,11.90 ,38.00 ,1.488392218,0.0296,1332.298378,94.25690233,-17.01600075,0,40°47'N,86°37'E,"Fan, 2020, Frontiers in Plant Science",Xingjiang province,China
702 ,Ang,Populus euphratica,Populus euphratica,-1.67 ,1.51 ,0.41 ,,0.49 ,,2.216666659,11.47 ,35.00 ,1.521477419,0.0255,1335.920286,88.75171751,-17.54000092,0,40°25'N,87°28'E,"Fan, 2020, Frontiers in Plant Science",Xingjiang province,China
703 ,Ang,Populus euphratica,Populus euphratica,-1.22 ,2.94 ,0.44 ,,0.47 ,,2.208333343,11.33 ,33.00 ,1.495969786,0.0211,1330.911695,88.89898933,-17.61600113,0,40°05'N,87°43'E,"Fan, 2020, Frontiers in Plant Science",Xingjiang province,China
704 ,Ang,Populus euphratica,Populus euphratica,-2.22 ,2.02 ,0.66 ,,0.50 ,,2.208333333,11.60 ,34.00 ,1.552281583,0.0179,1336.954428,83.8578327,-17.50399971,0,39°54'N,87°58'E,"Fan, 2020, Frontiers in Plant Science",Xingjiang province,China
3123 ,Ang,Salicaceae,Populus euphratica,,1.93 ,0.47 ,,,,2.608333359,11.19 ,20.00 ,1.550744817,0.0141,1302.931578,73.85489459,-16.7840004,0,40°06'N,90°06'E,"???, 2017, ?????",??,China
1818 ,Ang,Salicaceae,Populus fremontii,-1.38 ,3.01 ,,26.89 ,,,3.041666667,18.41 ,391.00 ,1.813401252,0.2265,703.9524282,77.36163668,-0.032000002,5,32°01' N,110°37' W,"Pockman & Sperry, 2000, American Journal of Botany","Pima County, Arizona",USA
2532 ,Ang,Salicaceae,Populus kangdingensis,,1.20 ,0.54 ,,0.42 ,,2.433333337,5.86 ,847.00 ,15.35548757,1.0344,601.2807223,94.0150966,-7.832000256,5,29°27'N,101°53'E,"Xu, 2020, New Phytologist",Sichuan province,China
1371 ,Ang,Salicaceae,Populus koreana,-1.87 ,3.56 ,0.50 ,28.10 ,0.41 ,6.97 ,1.833333333,3.27 ,661.00 ,0.432660541,0.8044,1257.058799,95.56655616,-21.12800026,5,42°24'N,128°29'E,"Liu, 2019, Science Advances; Yin, 2018, New Phytologist",Jilin Province,China
490 ,Ang,Salicaceae,Populus nigra,-2.95 ,,,,,,2.699999988,11.29 ,598.00 ,0.592509912,0.6645,603.3775522,38.21785488,-2.052000046,27,45°47' N,3°09' E,"Cochard, 2005, Cochard, Physiologia Plantarum",Clermont-Ferrand,France
2760 ,Ang,Salicaceae,Populus pseudo-simonii,-1.71 ,4.69 ,,28.20 ,0.37 ,,1.833333333,3.27 ,661.00 ,0.432660541,0.8044,1257.058799,95.56655616,-21.12800026,5,42°24' N,128°28' E,"Yin, 2018, New Phytologist",Jilin province,China
537 ,Ang,Salicaceae,Populus simonii,-1.61 ,,,23.68 ,,14.84 ,2.199999988,10.34 ,439.00 ,0.837276485,0.4003,1058.052428,105.8021687,-12.22000027,3,37°26?N,112°32?E,"Dai, 2020, Plant Physiology and Biochemistry",Shanxi provience,China
2792 ,Ang,Salicaceae,Populus simonii  ,,,0.47 ,20.30 ,,,2.141666661,9.62 ,592.00 ,0.661215941,0.635,902.384731,79.18673104,-9.227999687,4,35°09'N,108°45'E,"Yin, 2019, Forests",Shaanxi Province,China
3193 ,Ang,Salicaceae,Populus tomentosa,-2.36 ,3.55 ,,,,,1.608333329,13.31 ,647.00 ,0.686999546,0.5277,948.9971862,72.73185173,-6.144000053,5,34°14´N,108°06´E,"???, 2012, ????",Shanxi province,China
597 ,Ang,Salicaceae,Populus tremula,-2.48 ,,,,,,3.391666651,9.01 ,851.00 ,0.532095556,1.0322,578.2636918,16.97276287,-3.536000013,51,45° 47' N,3° 26' E,"Dusotoit-Coucaud, 2014, Physiolgia Plantrarum",Central France,France
928 ,Ang,Salicaceae,Populus tremula,-2.62 ,0.72 ,,,,17.60 ,3.833333353,9.61 ,778.00 ,0.410464714,1.0745,562.6062554,14.86652388,-2.592000008,45,52°00'N,6°08'E,"Gonzalez-Munoz, 2018, Plos One",,The Netherlands
936 ,Ang,Salicaceae,Populus tremula,-2.92 ,0.66 ,,,,8.40 ,3.85833329,7.70 ,561.00 ,0.465611363,0.8076,717.2851224,40.81572286,-6.960000038,27,49°17'N,16°44'E,"Gonzalez-Munoz, 2018, Plos One",,Czech Republic
939 ,Ang,Salicaceae,Populus tremula,-2.77 ,,,,,7.80 ,2.775000036,3.37 ,618.00 ,0.28209632,1.0897,876.9266395,33.23547789,-13.70800018,29,61°50'N,24°30'E,"Gonzalez-Munoz, 2018, Plos One",,Finland-HYY
943 ,Ang,Salicaceae,Populus tremula,-1.57 ,0.54 ,,,,7.80 ,2.325000008,-1.03 ,594.00 ,0.203827097,1.4046,900.6997302,33.86396525,-16.7159996,28,67°44'N,29°37'E,"Gonzalez-Munoz, 2018, Plos One",,Finland-VAR
1706 ,Ang,Salicaceae,Populus tremula,-2.19 ,,,,,,3.125,9.76 ,583.00 ,0.605816588,0.7281,745.6629679,28.56675466,-5.191999912,30,48°14' N,16°20' E,"Nolf, 2015b, New Phytologist",Vienna,Austria
2295 ,Ang,Salicaceae,Populus tremula,-1.30 ,0.92 ,,,,,1.724999974,13.87 ,723.00 ,0.713035551,0.7475,667.3842169,29.8469586,-0.376000017,28,43°17' N,11°35' E,"Tognetti, 1999, Tree Physiology",Siena,Italy
22 ,Ang,Salicaceae,Populus tremuloides,-2.01 ,0.58 ,0.35 ,,0.40 ,19.37 ,3.225000024,3.76 ,681.00 ,0.706171623,0.707,764.4064483,22.84288728,-13.8760004,28,37°29´N,108°12´W,"Anderegg & Hillerislambers, 2016, Global Change Biology",Southwest Colorado,USA
1011 ,Ang,Salicaceae,Populus tremuloides,-2.39 ,2.80 ,,,,,3.716666698,9.40 ,439.00 ,0.761959222,0.3718,827.2080462,51.78640568,-10.89599991,20,53°32' N,113°31'W,"Hillabrand, 2016, Plant, Cell and Environment",downslope of the University of Alberta,Canada
2061 ,Ang,Salicaceae,Populus tremuloides,-2.71 ,,,,,,3.924999992,2.16 ,518.00 ,0.788358225,1.2058,755.3609116,9.35195921,-11.75599957,35,40°36' N,111°34' W,"Sperry & Sullivan, 1992, Plant Physiology; Sperry, 1994, Ecology",Utah,USA
2408 ,Ang,Salicaceae,Populus tremuloides,,0.29 ,0.52 ,,,,2.083333304,4.38 ,623.00 ,0.440778781,0.7914,893.3477051,24.3006326,-15.5880003,33,53°45' N,122°42' W,"Wang, 2005,  Can. J. For. Res.","Prince George, British Columbia",Canada
2409 ,Ang,Salicaceae,Populus trichocarpa,,0.33 ,0.45 ,,,,2.083333304,4.38 ,623.00 ,0.440778781,0.7914,893.3477051,24.3006326,-15.5880003,33,53°45' N,122°42' W,"Wang, 2005,  Can. J. For. Res.","Prince George, British Columbia",Canada
1365 ,Ang,Salicaceae,Populus ussuriensis,-1.83 ,3.49 ,0.49 ,26.70 ,0.45 ,10.63 ,1.833333333,3.27 ,661.00 ,0.432660541,0.8044,1257.058799,95.56655616,-21.12800026,5,42°24'N,128°29'E,"Liu, 2019, Science Advances; Yang, 2019, Tree Physiology; Yin, 2018, New Phytologist",Jilin Province,China
2747 ,Ang,Salicaceae,Populus ussuriensis,,,,,0.46 ,,1.974999994,3.38 ,746.00 ,0.477410407,0.9118,1315.107456,97.50753008,-22.3920002,7,42°27´N,127°24´E,"Yang, 2020, Forests",Jilin Province,China
1338 ,Ang,Rosaceae,Potentilla fruticosa,,0.99 ,0.45 ,,0.69 ,1.75 ,2.691666663,-0.05 ,665.00 ,0.355473692,0.8908,726.8398641,87.44356515,-16.45999908,2,34°19'N,102°44'E,"Liu, 2019, Science Advances",,China
2248 ,Ang,Rosaceae,Potentilla fruticosa,,0.99 ,0.45 ,,0.69 ,,2.24999996,2.97 ,569.00 ,0.37155782,0.6592,787.7826325,89.13040335,-15.11999989,1,34°59'N,102°54'E,"This study; Zhu, 2018, Tree Physiology",Gansu province,China
2502 ,Ang,Rosaceae,Potentilla fruticosa,,,0.35 ,,,,2.816666643,2.32 ,776.00 ,6.982331523,1.0537,659.7644595,96.74401021,-12.15600014,2,29°27'N,101°36'E,"Xu, 2020, New Phytologist",Sichuan province,China
2622 ,Ang,Rosaceae,Potentilla fruticosa,,0.17 ,0.07 ,,0.79 ,,3.25000002,0.42 ,782.00 ,7.326257104,1.3644,679.4209524,92.66621245,-13.25599957,3,29°54'N,102°00'E,"Xu, 2020, New Phytologist",Sichuan province,China
2632 ,Ang,Rosaceae,Potentilla fruticosa,,0.20 ,0.16 ,,0.63 ,,3.325000008,0.42 ,782.00 ,7.326257104,1.4815,679.4209524,92.66621245,-13.25599957,3,29°55'N,102°01'E,"Xu, 2020, New Phytologist",Sichuan province,China
2509 ,Ang,Rosaceae,Potentilla fruticosa var. arbuscula,,,0.33 ,,,,2.924999992,0.31 ,780.00 ,3.611983221,1.1344,674.6779187,95.99849388,-13.99600029,2,29°31'N,101°40'E,"Xu, 2020, New Phytologist",Sichuan province,China
1339 ,Ang,Rosaceae,Potentilla glabra,,0.98 ,0.43 ,,0.68 ,1.15 ,2.691666663,-0.05 ,665.00 ,0.355473692,0.8908,726.8398641,87.44356515,-16.45999908,2,34°19'N,102°44'E,"Liu, 2019, Science Advances",,China
2249 ,Ang,Rosaceae,Potentilla glabra,,0.98 ,0.44 ,,0.68 ,,2.24999996,2.97 ,569.00 ,0.37155782,0.6592,787.7826325,89.13040335,-15.11999989,1,34°59'N,102°54'E,"This study; Zhu, 2018, Tree Physiology",Gansu province,China
1955 ,Ang,Moraceae,Poulsenia armata,,,,,0.43 ,,1.974999984,26.20 ,2501.00 ,0.620433427,2.4056,55.1326178,61.10977054,22.31999969,24,9°17' N,79°58' W,"Santiago, 2004, Oecologia",near the Caribbean coast of Panama,Panama
1956 ,Ang,Moraceae,Pourouma bicolor,,,,,0.45 ,,1.974999984,26.20 ,2501.00 ,0.620433427,2.4056,55.1326178,61.10977054,22.31999969,24,9°17' N,79°58' W,"Santiago, 2004, Oecologia",near the Caribbean coast of Panama,Panama
N68,Ang,Sapotaceae,Pouteira caimito,,0.93 ,0.79 ,,0.66 ,,0.933333327,27.11 ,2361.00 ,0.967750517,0.9,42.79068225,42.88318898,21.69199944,87,5°3?36?N,74°49?48?W,"Vargas, 2021, New Phytologist",Jabiru,Colombia
144 ,Ang,Sapotaceae,Pouteria anomala,-1.01 ,,,,,,1.166666687,26.44 ,2352.00 ,0.788916395,1.4227,44.22227014,42.47501585,21.47200012,81,2°37'S,60°13'W,"Barros, 2019, New Phytologist","Manaus, Amazonas",Brazil
739 ,Ang,Sapotaceae,Pouteria anomala,-1.80 ,,,,,,1.166666687,26.44 ,2352.00 ,0.788916395,1.4252,44.22227014,42.47501585,21.47200012,81,2°37'S,60°13'W,"Fontes, 2020, New Phytologist",Reserva Biol ogica do Cuieiras (ZF-2),Brazil
1937 ,Ang,Sapotaceae,Pouteria anomala,-1.77 ,2.94 ,0.68 ,,0.66 ,,1.724999984,26.11 ,2200.00 ,0.714118781,1.282,47.26106932,58.15009262,20.47200012,48,1°43'S,51°27'W,"Rowland, 2020, New Phytologist",eastern Amazonia,Brazil
1938 ,Ang,Sapotaceae,Pouteria decorticans,-2.92 ,3.08 ,0.83 ,,0.82 ,,1.724999984,26.11 ,2200.00 ,0.714118781,1.282,47.26106932,58.15009262,20.47200012,48,1°43'S,51°27'W,"Rowland, 2020, New Phytologist",eastern Amazonia,Brazil
145 ,Ang,Sapotaceae,Pouteria erythrochrysa,-3.92 ,,,,,,1.166666687,26.44 ,2352.00 ,0.788916395,1.4227,44.22227014,42.47501585,21.47200012,81,2°37'S,60°13'W,"Barros, 2019, New Phytologist","Manaus, Amazonas",Brazil
740 ,Ang,Sapotaceae,Pouteria erythrochrysa,-1.98 ,,,,,,1.166666687,26.44 ,2352.00 ,0.788916395,1.4252,44.22227014,42.47501585,21.47200012,81,2°37'S,60°13'W,"Fontes, 2020, New Phytologist",Reserva Biol ogica do Cuieiras (ZF-2),Brazil
20 ,Ang,Sapotaceae,Pouteria firma,,1.68 ,0.40 ,40.70 ,,36.10 ,1.208333343,21.09 ,1997.00 ,0.725864083,1.393,41.63576929,29.39761851,15.43999958,96,1°29'S,120°04'E,"Alexandra, 2015, Flora",Central Sulawesi,Indonesia
2816 ,Ang,Sapotaceae,Pouteria firma,,1.68 ,0.40 ,40.70 ,,36.10 ,1.166666677,21.09 ,1997.00 ,0.725864083,1.3865,41.63576929,29.39761851,15.43999958,96,1°29'S,120°04'E,"Zach, 2010, Flora",Sulawesi,Indonesia
1939 ,Ang,Sapotaceae,Pouteria venosa,-2.15 ,1.33 ,,,,,1.724999984,26.11 ,2200.00 ,0.714118781,1.282,47.26106932,58.15009262,20.47200012,48,1°43'S,51°27'W,"Rowland, 2020, New Phytologist",eastern Amazonia,Brazil
3076 ,Ang,Sapotaceae,Pradosia cochlearia,-6.25 ,,,,,,2.158333331,25.74 ,2796.00 ,0.649499163,1.8807,45.73945121,49.59006205,21.01600075,68,5°16'N,52°55'W,"Ziegler, 2019, Annals of Forest Science","Guiana Shield, French Guiana",France (overseas territories)
2835 ,Ang,Lamiaceae,Premna scandens,-2.99 ,2.22 ,,,0.44 ,,1.225000004,20.88 ,1683.00 ,0.85605524,1.0122,338.2657063,78.45212263,10.92399979,17,21°36?N,101°35?E,"Zhang, 2019, Tree Physiology",Yunnan province,China
1124 ,Ang,Celastraceae,Prionostemma aspera,-1.14 ,0.71 ,0.47 ,,0.58 ,,1.916666647,26.94 ,2169.00 ,0.756386424,1.2534,65.14634424,68.85282668,22.84545517,16,9°00'N,79°33'W,"Johnson, 2013, American Journal of Botany",near Panama City,Panama
1139 ,Ang,Fabaceae,Prosopis glandulosa,-4.50 ,,,,,,3.99999998,17.96 ,600.00 ,1.300554698,0.3724,737.0400322,40.15801859,0.483999997,25,30°55' N,99°54' W,"Johnson, 2018, Plant, Cell & Environment",Texas ,USA
1012 ,Ang,Fabaceae,Prosopis velutina,-2.28 ,0.38 ,0.15 ,41.45 ,0.68 ,,3.075000028,17.01 ,528.00 ,1.865581178,0.2885,669.0456061,75.18029209,-0.572000027,5,31°47' N,110°54' W,"Hultine, 2006, Tree Physiology",southeastern Arizona,USA
1819 ,Ang,Fabaceae,Prosopis velutina,-1.36 ,2.50 ,,33.60 ,,,3.041666667,18.41 ,391.00 ,1.813401252,0.2265,703.9524282,77.36163668,-0.032000002,5,32°01' N,110°37' W,"Pockman & Sperry, 2000, American Journal of Botany","Pima County, Arizona",USA
1054 ,Ang,Proteaceae,Protea laurifolia,,0.27 ,,24.19 ,0.52 ,8.00 ,3.683333317,14.30 ,602.00 ,1.077447454,0.5989,373.0088434,47.52210499,2.832000017,25,33°56' S,19°31' E,"Jacobsen, 2007a, 2009",Western Cape Province,South Africa
1055 ,Ang,Proteaceae,Protea repens,-3.81 ,1.42 ,,24.25 ,0.58 ,4.50 ,3.683333317,14.30 ,602.00 ,1.077447454,0.5989,373.0088434,47.52210499,2.832000017,25,33°56' S,19°31' E,"Jacobsen, 2007a, 2009",Western Cape Province,South Africa
158 ,Ang,Burseraceae,Protium apiculatum,-1.94 ,,,,,,1.341666689,26.36 ,1934.00 ,0.636951369,1.3225,59.60847558,71.64908622,21.23999977,32,2°31'S,54°35'W,"Barros, 2019, New Phytologist","Manaus, Amazonas",Brazil
741 ,Ang,Burseraceae,Protium divariatum,-0.98 ,1.27 ,0.82 ,,0.58 ,,1.166666687,26.44 ,2352.00 ,0.788916395,1.4252,44.22227014,42.47501585,21.47200012,81,2°37'S,60°13'W,"Fontes, 2020, New Phytologist",Reserva Biol ogica do Cuieiras (ZF-2),Brazil
1730 ,Ang,Burseraceae,Protium gallosum,-2.54 ,,,,,,1.141666691,26.88 ,2216.00 ,0.839025411,1.3428,52.339996,49.8643603,22.24399948,59,03°08'S,59°53'W,"Oliveire, 2019, New Phytologist",Manaus,Brazil
1731 ,Ang,Burseraceae,Protium grandifolium,-1.25 ,,,,,,1.141666691,26.88 ,2216.00 ,0.839025411,1.3428,52.339996,49.8643603,22.24399948,59,03°08'S,59°53'W,"Oliveire, 2019, New Phytologist",Manaus,Brazil
146 ,Ang,Burseraceae,Protium hebetatum,-1.49 ,,,,,,1.166666687,26.44 ,2352.00 ,0.788916395,1.4227,44.22227014,42.47501585,21.47200012,81,2°37'S,60°13'W,"Barros, 2019, New Phytologist","Manaus, Amazonas",Brazil
742 ,Ang,Burseraceae,Protium hebetatum,-1.24 ,0.06 ,0.07 ,,0.54 ,,1.166666687,26.44 ,2352.00 ,0.788916395,1.4252,44.22227014,42.47501585,21.47200012,81,2°37'S,60°13'W,"Fontes, 2020, New Phytologist",Reserva Biol ogica do Cuieiras (ZF-2),Brazil
1732 ,Ang,Burseraceae,Protium hebetatum,-3.10 ,,,,,,1.141666691,26.88 ,2216.00 ,0.839025411,1.3428,52.339996,49.8643603,22.24399948,59,03°08'S,59°53'W,"Oliveire, 2019, New Phytologist",Manaus,Brazil
748 ,Ang,Burseraceae,Protium llanorum,-1.31 ,1.32 ,0.58 ,,0.51 ,,1.216666679,26.65 ,2208.00 ,0.877515311,1.378,54.49266593,47.26506448,21.69600105,80,2°09'S,59°00'W,"Fontes, 2020, New Phytologist",Amazon Tall Tower Observatory (ATTO),Brazil
1733 ,Ang,Burseraceae,Protium nitidifolium,-2.91 ,,,,,,1.141666691,26.88 ,2216.00 ,0.839025411,1.3428,52.339996,49.8643603,22.24399948,59,03°08'S,59°53'W,"Oliveire, 2019, New Phytologist",Manaus,Brazil
3095 ,Ang,Burseraceae,Protium opacum,-2.41 ,,,,,,2.158333331,25.74 ,2796.00 ,0.649499163,1.8807,45.73945121,49.59006205,21.01600075,68,5°16'N,52°55'W,"Ziegler, 2019, Annals of Forest Science; Marechaux, 2015, Functional Ecology","Guiana Shield, French Guiana",France (overseas territories)
553 ,Ang,Burseraceae,Protium panamense,-1.62 ,1.94 ,,,0.62 ,,1.974999984,26.20 ,2501.00 ,0.620433427,2.4056,55.1326178,61.10977054,22.31999969,24,9°17' N,79°58' W,"De Guzman, 2020, Tree Physiology",near the Caribbean coast of Panama,Panama
1618 ,Ang,Burseraceae,Protium panamense,-1.70 ,,,,,16.00 ,1.974999984,26.20 ,2501.00 ,0.620433427,2.4056,55.1326178,61.10977054,22.31999969,24,9°17' N,79°58' W,"Meinzer, 2008, Oecologia; Johnson, 2009, Tree Physiology",near the Caribbean coast of Panama,Panama
1940 ,Ang,Burseraceae,Protium paniculatum,,3.51 ,0.85 ,,,,1.724999984,26.11 ,2200.00 ,0.714118781,1.282,47.26106932,58.15009262,20.47200012,48,1°43'S,51°27'W,"Rowland, 2020, New Phytologist",eastern Amazonia,Brazil
1941 ,Ang,Burseraceae,Protium pilosimum,,3.48 ,1.45 ,,,,1.724999984,26.11 ,2200.00 ,0.714118781,1.282,47.26106932,58.15009262,20.47200012,48,1°43'S,51°27'W,"Rowland, 2020, New Phytologist",eastern Amazonia,Brazil
3077 ,Ang,Burseraceae,Protium sagotianum,-4.94 ,,,,,,2.158333331,25.74 ,2796.00 ,0.649499163,1.8807,45.73945121,49.59006205,21.01600075,68,5°16'N,52°55'W,"Ziegler, 2019, Annals of Forest Science","Guiana Shield, French Guiana",France (overseas territories)
1989 ,Ang,Burseraceae,Protium sp,,7.40 ,0.23 ,,0.44 ,,1.816666663,20.44 ,1516.00 ,0.963975451,1.09,123.7480541,79.60995496,11.52799988,8,15°56' S,47°53' W,"Scholz, 2008, Journal of Plant Physiology",south of Brasilia,Brazil
3078 ,Ang,Burseraceae,Protium subserratum,-2.93 ,,,,,,2.158333331,25.74 ,2796.00 ,0.649499163,1.8807,45.73945121,49.59006205,21.01600075,68,5°16'N,52°55'W,"Ziegler, 2019, Annals of Forest Science","Guiana Shield, French Guiana",France (overseas territories)
1942 ,Ang,Burseraceae,Protium tenuifolium,-2.29 ,3.41 ,0.88 ,,0.52 ,,1.724999984,26.11 ,2200.00 ,0.714118781,1.282,47.26106932,58.15009262,20.47200012,48,1°43'S,51°27'W,"Rowland, 2020, New Phytologist",eastern Amazonia,Brazil
1734 ,Ang,Burseraceae,Protium trifoliolatum,-1.33 ,,,,,,1.141666691,26.88 ,2216.00 ,0.839025411,1.3428,52.339996,49.8643603,22.24399948,59,03°08'S,59°53'W,"Oliveire, 2019, New Phytologist",Manaus,Brazil
1782 ,Gym,Podocarpaceae,Prumnopytis ferruginea,-5.58 ,0.48 ,,11.50 ,0.74 ,,5.166666706,14.12 ,1366.00 ,NA,1.4938,305.6655164,20.40526179,6.133333206,83,37°25' S,175°43' E,"Pittermann, 2006a, 2006b","Waikatere, North Island",New Zealand
520 ,Ang,Rosaceae,Prunus avium,-4.76 ,,,48.41 ,0.65 ,12.00 ,3.283333341,9.55 ,707.00 ,0.562120773,0.9201,581.9455584,27.5665858,-3.023999929,37,45°43' N,3°3' E,"Cochard, 2007, Tree Physiology",Clermont-Ferrand,France
524 ,Ang,Rosaceae,Prunus avium,-4.76 ,,,,,,3.683333278,8.39 ,807.00 ,0.562120773,1.0277,578.1804918,21.79634086,-3.823999882,45,45°41' N,3° E,"Cochard, 2008, Journal of Plant Physiology",Auvergne Volcano Park,France
1756 ,Ang,Rosaceae,Prunus avium,,0.92 ,,,0.56 ,3.83 ,6.400000056,6.54 ,406.00 ,0.488371917,0.5609,461.8872988,49.34328165,-5.504000187,15,46°11' S,71°37' W,"Peschiutta, 2013, Trees",Santa Cruz province,Argentina
1757 ,Ang,Rosaceae,Prunus avium,,0.42 ,,,0.56 ,3.20 ,6.400000056,6.54 ,406.00 ,0.488371917,0.5609,461.8872988,49.34328165,-5.504000187,15,46°11' S,71°37' W,"Peschiutta, 2013, Trees",Santa Cruz province,Argentina
1758 ,Ang,Rosaceae,Prunus avium,,1.28 ,,,0.54 ,3.88 ,6.400000056,6.54 ,406.00 ,0.488371917,0.5609,461.8872988,49.34328165,-5.504000187,15,46°11' S,71°37' W,"Peschiutta, 2013, Trees",Santa Cruz province,Argentina
1084 ,Ang,Rosaceae,Prunus ilicifolia,-4.39 ,0.71 ,,26.78 ,0.68 ,,3.633333345,16.29 ,426.00 ,1.125048534,0.4043,426.7080897,99.9189354,5.268000126,1,34°06' N,118°39' W,"Jacobsen, 2007c, Ecological Monographs",Southern California,USA
1915 ,Ang,Rosaceae,Prunus ilicifolia,-4.87 ,,,,,,3.033333361,15.72 ,443.00 ,1.235994051,0.4577,514.632028,90.34097219,2.019999981,2,33°39'N,117°24'W,"Ramirez, 2020, Conservation Physiology",California,USA
1905 ,Ang,Rosaceae,Prunus ilicifolia ssp. Lyonii,-5.49 ,,,,,,3.566666702,16.15 ,341.00 ,0.682563246,0.3127,321.3511065,99.04029823,7.554166794,1,33°24'N,118°24'W,"Ramirez, 2020, Conservation Physiology",California,USA
523 ,Ang,Rosaceae,Prunus mahaleb,-5.55 ,,,47.36 ,0.77 ,3.00 ,2.699999988,11.29 ,598.00 ,0.592509912,0.6645,603.3775522,38.21785488,-2.052000046,27,45°47' N,3°09' E,"Cochard, 2007, Tree Physiology",Clermont-Ferrand,France
527 ,Ang,Rosaceae,Prunus mahaleb,-5.37 ,,,,,,2.950000008,10.29 ,655.00 ,0.592509912,0.7525,582.5256024,32.04087501,-2.528000116,32,45°45' N,3°3' E,"Cochard, 2008, Journal of Plant Physiology",Limagne valley,France
1972 ,Ang,Rosaceae,Prunus mahaleb,-5.36 ,,,,0.84 ,,2.224999984,13.22 ,1284.00 ,0.550608952,1.2953,680.3336276,20.82444629,0.263999999,70,45°38'N,13°48''E,"Savi, 2019, Tree Physiology",Trieste,Italy
521 ,Ang,Rosaceae,Prunus padus,-3.54 ,,,41.40 ,0.61 ,10.00 ,3.283333341,9.55 ,707.00 ,0.562120773,0.9201,581.9455584,27.5665858,-3.023999929,37,45°43' N,3°3' E,"Cochard, 2007, Tree Physiology",Clermont-Ferrand,France
525 ,Ang,Rosaceae,Prunus padus,-3.54 ,,,,,,3.683333278,8.39 ,807.00 ,0.562120773,1.0277,578.1804918,21.79634086,-3.823999882,45,45°41' N,3° E,"Cochard, 2008, Journal of Plant Physiology",Auvergne Volcano Park,France
2165 ,Ang,Rosaceae,Prunus padus,,1.10 ,1.15 ,,0.52 ,,2.383333345,14.83 ,1141.00 ,0.681450467,1.1928,885.8909326,59.00553992,-2.440000057,20,31°48'N,114°04'E,This study,Henan province,China
2086 ,Ang,Rosaceae,Prunus persica,-1.77 ,,,,,,2.683333298,12.06 ,209.00 ,1.331817061,0.18,973.1224656,28.68156641,-8.812000275,7,37°51'N,110°12'W,"Sperry, 2012, Plant, Cell and Environment",Utah,USA
1133 ,Ang,Rosaceae,Prunus serotina,-4.88 ,0.55 ,,,,7.20 ,2.408333331,14.83 ,1165.00 ,0.832321853,0.9181,793.5546533,10.60838144,-2.815999985,80,35°59' N,79°05' W,"Johnson, 2016, Tree physiology",North Carolina,USA
3194 ,Ang,Rosaceae,Prunus serrulata,-3.49 ,1.45 ,,,,,1.608333329,13.31 ,647.00 ,0.686999546,0.5277,948.9971862,72.73185173,-6.144000053,5,34°14´N,108°06´E,"???, 2012, ????",Shanxi province,China
522 ,Ang,Rosaceae,Prunus spinosa,-5.36 ,,,44.47 ,0.62 ,2.00 ,3.283333341,9.55 ,707.00 ,0.562120773,0.9201,581.9455584,27.5665858,-3.023999929,37,45°43' N,3°3' E,"Cochard, 2007, Tree Physiology",Clermont-Ferrand,France
526 ,Ang,Rosaceae,Prunus spinosa,-5.27 ,,,,,,3.683333278,8.39 ,807.00 ,0.562120773,1.0277,578.1804918,21.79634086,-3.823999882,45,45°41' N,3° E,"Cochard, 2008, Journal of Plant Physiology",Auvergne Volcano Park,France
1991 ,Ang,Pinaceae,Psedotsuga menziessi,,,,,,55.00 ,3.508333286,5.83 ,1317.00 ,0.544323708,1.6643,547.2715296,65.71898029,-6.891999722,22,44° N,122° W,"Scholz, 2011, Size-and age-related changes in tree structure and function","H. J. Andrews Experimental Forest, Oregon",USA
3113 ,Ang,Malvaceae,Pseudobombax septenatum,-1.00 ,1.60 ,0.30 ,,0.25 ,,1.608333349,26.51 ,2440.00 ,0.651162324,1.8771,63.25839735,64.44993932,22.71999931,16,9°10' N,79°51' W,"Zotz, 1994, New Phytologist; Machado & Tyree, 1994, Tree Physiology",Barro Colorado Island (BCI),Panama
23 ,Gym,Pinaceae ,Pseudotsuga menziesii,-3.29 ,,,,,,3.116666635,0.22 ,327.00 ,0.59716141,0.4165,1425.756026,128.9453995,-27.91199875,1,49°41´N,114°13´W,"Andrews, 2012, Tree Physiology",Southwestern Alberta,Canada
25 ,Gym,Pinaceae ,Pseudotsuga menziesii,-3.42 ,,,,,,3.083333333,-0.02 ,343.00 ,0.58395917,0.4516,1430.464576,126.6628732,-28.12000084,2,49°55´N,114°13´W,"Andrews, 2012, Tree Physiology",Southwestern Alberta,Canada
123 ,Gym,Pinaceae,Pseudotsuga menziesii,-4.78 ,0.31 ,,,,,2.616666655,7.17 ,733.00 ,0.646922595,0.7616,736.4493701,36.03984239,-9.675999641,26,46°50? N,116°43' W,"Baker, 2019, AoB Plants","Princeton, Idaho",USA
129 ,Gym,Pinaceae ,Pseudotsuga menziesii,-2.40 ,,,,0.45 ,,3.116666675,11.23 ,1377.00 ,0.63725769,1.328,538.7626407,60.78753021,-2.71600008,18,44°22´N,122°50´W,"Barnard, 2011, Plant, Cell & Environment",Oregon,USA
131 ,Gym,Pinaceae ,Pseudotsuga menziesii,-2.00 ,,,,0.39 ,,3.433333337,5.04 ,509.00 ,0.661337195,0.5509,678.3710991,50.24606623,-11.77999973,17,43°35´N,121°13´W,"Barnard, 2011, Plant, Cell & Environment",Oregon,USA
263 ,Gym,Pinaceae,Pseudotsuga menziesii,-4.67 ,,,,,,2.99999998,10.93 ,1539.00 ,0.555666844,1.3173,517.9211537,70.73286057,-1.883999944,18,44°38' N,123°17' W,"Bond&Kavanagh, 1999, Tree Physiology; Johnson, 2009, Tree Physiology","Corvallis, Oregon",USA
351 ,Gym,Pinaceae,Pseudotsuga menziesii,,,0.32 ,,,,2.199999998,6.39 ,422.00 ,0.643275931,0.4711,796.629029,23.633778,-12.05200005,26,46°05'N,114°50'W,"Callaway, 2000, Ecosystems","90 km south of Missoula, Montana",USA
473 ,Gym,Pinaceae,Pseudotsuga menziesii,-4.98 ,,,,,,3.108333349,4.98 ,406.00 ,0.680905276,0.455,829.0639635,25.05210589,-13.14799976,26,46°53'N,113°20'W,"Clute, 2020, Oecologia",western Montana,USA
475 ,Gym,Pinaceae,Pseudotsuga menziesii,-4.89 ,,,,,,3.37499998,3.96 ,449.00 ,0.680905276,0.5729,788.2286543,24.58102763,-12.50399971,28,46°53'N,113°18'W,"Clute, 2020, Oecologia",western Montana,USA
577 ,Gym,Pinaceae,Pseudotsuga menziesii,-5.95 ,0.34 ,,14.10 ,0.55 ,,3.133333345,9.20 ,1966.00 ,0.525498726,2.8142,621.1864284,66.00855732,-5.840000153,26,45°49' N,121°57' W,"Domec, 2009, IAWA Journal; Domec, 2004, Oecologia; McCulloh, 2014, Plant, cell and Envirnoment",southern Washington,USA
1764 ,Gym,Pinaceae,Pseudotsuga menziesii,-5.21 ,0.20 ,0.45 ,,,,2.566666683,6.99 ,369.00 ,0.704702676,0.3601,865.4122486,25.45058358,-12.54800034,21,46°55' N,114°05' W,"Piñol & Sala, 2000, Functional Ecology","Missoula, MT",USA
2103 ,Gym,Pinaceae,Pseudotsuga menziesii,-4.87 ,0.39 ,0.77 ,,,,2.441666623,5.46 ,365.00 ,0.631664392,0.346,791.9933992,26.57771507,-11.68000031,22,47° N,114°28' W,"Stout & Sala, 2003, Tree Physiology","Alberton, Montana",USA
2410 ,Gym,Pinaceae,Pseudotsuga menziesii,,0.04 ,0.08 ,,,,2.083333304,4.38 ,623.00 ,0.440778781,0.7914,893.3477051,24.3006326,-15.5880003,33,53°45' N,122°42' W,"Wang, 2005,  Can. J. For. Res.","Prince George, British Columbia",Canada
996 ,Ang,Winteraceae,Pseudowintera axillaris,-3.70 ,,,,,,4.991666675,11.30 ,2105.00 ,0.333167355,3.4692,324.3897652,14.70501513,2.756000042,116,40°48' S,172°28' E,"Hacke, 2007, International Journal of Plant Sciences",Wakamarama Range,New Zealand
994 ,Ang,Winteraceae,Pseudowintera colorata,-4.30 ,,,,,,4.62500002,10.06 ,3611.00 ,0.404992164,4.4945,332.5142522,27.28271558,1.368000031,198,42°52' S,171°10' E,"Hacke, 2007, International Journal of Plant Sciences",West coast of S island,New Zealand
995 ,Ang,Winteraceae,Pseudowintera traversii,-5.62 ,,,,,,5.216666659,10.11 ,2777.00 ,0.333167355,3.878,307.5395121,18.25949133,2.371999979,167,40°48' S,172°27' E,"Hacke, 2007, International Journal of Plant Sciences",Wakamarama Range,New Zealand
2836 ,Ang,Annonaceae,Pseuduvaria trimera,-2.53 ,3.26 ,,,0.45 ,,1.225000004,20.88 ,1683.00 ,0.85605524,1.0122,338.2657063,78.45212263,10.92399979,17,21°36?N,101°35?E,"Zhang, 2019, Tree Physiology",Yunnan province,China
1513 ,Ang,Myrtaceae,Psidium sartorianum,,0.89 ,0.32 ,,0.56 ,,2.950000008,24.77 ,1143.00 ,0.998740338,0.6171,167.8732009,62.51391847,16.2159996,16,16°07' S,61°43' W,"Markesteijn et al, 2011a, 2011b","Near Conception, Santa Cruz",Bolivia
2056 ,Gym,Pinaceae,Psuedotsuga menziesii,-4.62 ,,,,,,3.416666627,5.11 ,495.00 ,0.788358225,0.6225,809.0536305,15.40942263,-12.47599983,30,40°45' N,111°36' W,"Sperry & Ikeda, 1997, Tree Physiology",Utah,USA
2177 ,Ang,Rubiaceae,Psychotria asiatica,-2.52 ,0.87 ,0.49 ,,0.59 ,,1.87499999,20.60 ,1835.00 ,0.759396395,1.3895,565.6792834,66.92045161,8.623999596,37,23°10' N,112°32' E,"This study; Zhu, 2013, Plant, Cell & Environment",Guangdong Province,China
3111 ,Ang,Rubiaceae,Psychotria horizontalis,-4.50 ,0.06 ,0.42 ,,,,1.608333349,26.51 ,2440.00 ,0.651162324,1.8771,63.25839735,64.44993932,22.71999931,16,9°10' N,79°51' W,"Zotz, 1994, New Phytologist; Lopez, 2005, Tree Physiology",Barro Colorado Island (BCI),Panama
619 ,Ang,Rubiaceae,Psychotria vellosiana,,,,,0.42 ,12.00 ,2.316666623,12.79 ,1908.00 ,0.576561968,1.778,299.2870573,65.81115372,1.95599997,37,22°42' S,45°25' W,"Eller, 2018, Plant, Cell and environment",SP,Brazil
2210 ,Ang,Rubiaceae,Psydrax dicocca,-0.76 ,1.57 ,1.22 ,,,,1.87499999,20.60 ,1835.00 ,0.759396395,1.3895,565.6792834,66.92045161,8.623999596,37,23°10' N,112°32' E,"This study; Zhu, 2013, Plant, Cell & Environment; Zhu, 2018, Tree Physiology",Guangdong Province,China
645 ,Ang,Cannabaceae,Pteroceltis tatarinowii,-0.96 ,3.60 ,0.72 ,,,,1.683333327,17.11 ,1321.00 ,0.531200841,1.1745,699.3437258,66.72986946,3.036000013,28,25°26' N,108°05' E,"Fan, 2011, Tree Physiology",Guizhou Province,China
1514 ,Ang,Fabaceae,Pterogyne nitens,,6.41 ,0.58 ,,0.35 ,,2.950000008,24.77 ,1143.00 ,0.998740338,0.6171,167.8732009,62.51391847,16.2159996,16,16°07' S,61°43' W,"Markesteijn et al, 2011a, 2011b","Near Conception, Santa Cruz",Bolivia
1056 ,Ang,Asteraceae,Pteronia fasciculata,-8.66 ,0.21 ,,14.30 ,0.83 ,1.00 ,3.683333317,14.30 ,602.00 ,1.077447454,0.5989,373.0088434,47.52210499,2.832000017,25,33°56' S,19°31' E,"Jacobsen, 2007a, 2009",Western Cape Province,South Africa
1057 ,Ang,Asteraceae,Pteronia paniculata,-7.53 ,0.12 ,,15.66 ,0.86 ,1.00 ,3.683333317,14.30 ,602.00 ,1.077447454,0.5989,373.0088434,47.52210499,2.832000017,25,33°56' S,19°31' E,"Jacobsen, 2007a, 2009",Western Cape Province,South Africa
2211 ,Ang,Malvaceae,Pterospermum heterophyllum,,6.22 ,0.90 ,,0.37 ,20.00 ,1.87499999,20.60 ,1835.00 ,0.759396395,1.3895,565.6792834,66.92045161,8.623999596,37,23°10' N,112°32' E,"This study; Zhu, 2013, Plant, Cell & Environment; Zhu, 2018, Tree Physiology",Guangdong Province,China
2212 ,Ang,Malvaceae,Pterospermum lanceifolium,-0.77 ,2.06 ,0.89 ,,0.33 ,24.00 ,1.87499999,20.60 ,1835.00 ,0.759396395,1.3895,565.6792834,66.92045161,8.623999596,37,23°10' N,112°32' E,"This study; Zhu, 2013, Plant, Cell & Environment; Zhu, 2018, Tree Physiology",Guangdong Province,China
693 ,Ang,Malvaceae,Pterospermum menglunense,,,,125.80 ,0.49 ,36.11 ,1.266666651,21.56 ,1641.00 ,0.894353661,0.9726,335.0943307,76.6728934,11.23200035,16,21°41' N,101°25' E,"Fan, 2012, Journal of Ecology",Yunnan Province,China
2837 ,Ang,Malvaceae,Pterospermum menglunense,-1.82 ,0.78 ,,,0.34 ,,1.225000004,20.88 ,1683.00 ,0.85605524,1.0122,338.2657063,78.45212263,10.92399979,17,21°36?N,101°35?E,"Zhang, 2019, Tree Physiology",Yunnan province,China
980 ,Ang,Fabaceae,Pueraria montana,,,,145.31 ,,,2.350000024,14.72 ,1366.00 ,0.853392463,1.1189,766.4352208,9.509275435,-2.220000029,99,35°12' N,82°14' W,"Hacke, 2006, Tree Physiology","Tyron, North Carolina",USA
846 ,Ang,Fabaceae,Pultenaea juniperina,,0.05 ,0.35 ,,,1.40 ,4.083333333,10.05 ,640.00 ,0.468981124,0.5986,365.5327037,17.11005639,-0.815999985,37,42°23' S,147°03' E,"Gleason, 2012, Functional Ecology",Tasmanian Central Highland forests,Australia
913 ,Ang,Fabaceae,Pultenaea scabra,,0.86 ,0.49 ,27.87 ,0.80 ,1.50 ,2.458333313,16.28 ,874.00 ,0.857961244,0.5743,450.6347406,33.16001174,4,38,32°47' S,150°55' E,"Gleason, 2012, Functional Ecology; Blackman, 2014, Annals of Botany; Blackman, 2018, Annals of Botany","New South Wales, Eastern Australia",Australia
2420 ,Ang,Rosaceae,Purshia tridentata,-4.30 ,,,20.70 ,,,3.12499998,7.42 ,494.00 ,1.007528871,0.5303,842.2885333,18.36524204,-9.472000122,27,40°15' N,111°37' W,"Wheeler, 2005, Plant, Cell and Environment","Salt Lake City, Utah (UT)",USA
2213 ,Ang,Rosaceae,Pygeum topengii,-1.20 ,4.78 ,1.04 ,,0.48 ,,1.87499999,20.60 ,1835.00 ,0.759396395,1.3895,565.6792834,66.92045161,8.623999596,37,23°10' N,112°32' E,"This study; Zhu, 2013, Plant, Cell & Environment; Zhu, 2018, Tree Physiology",Guangdong Province,China
2146 ,Ang,Rosaceae,Pyracantha fortuneana,,0.86 ,0.35 ,,0.66 ,,1.708333333,15.31 ,1184.00 ,0.558582058,1.1298,632.1588893,75.233605,1.911999941,18,26°15'N,105°80'E,This study,Guizhou Province,China
2694 ,Ang,Rosaceae,Pyracantha fortuneana,,0.95 ,0.40 ,,0.59 ,,1.649999996,12.79 ,928.00 ,6.066549556,0.8259,567.4750116,90.2711391,-1.203999996,9,29°39'N,102°06'E,"Xu, 2020, New Phytologist",Sichuan province,China
2716 ,Ang,Rosaceae,Pyracantha fortuneana,,,0.74 ,,,,1.524999996,12.54 ,926.00 ,6.066549556,0.8051,563.7753109,89.68643892,-1.220000029,9,29°39'N,102°08'E,"Xu, 2020, New Phytologist",Sichuan province,China
2736 ,Ang,Rosaceae,Pyracantha fortuneana,,0.77 ,0.18 ,,0.52 ,,1.299999992,13.24 ,983.00 ,2.92760473,0.7174,576.9135477,90.39955827,-0.60799998,10,29°26'N,102°10'E,"Xu, 2020, New Phytologist",Sichuan province,China
1020 ,Ang,Rosaceae,Pyrus amygdaliformis,-3.29 ,,,15.11 ,,,3.800000012,20.31 ,122.00 ,1.487184874,0.0941,555.9145618,113.3935517,5.384000301,0,30°39' N,20°18' E,"Iovi, 2009, Tree Physiology",Epirus region,Greece
2793 ,Ang,Leguminoseae,Pyrus betulaefolia,,,0.31 ,18.18 ,,,2.141666661,9.62 ,592.00 ,0.661215941,0.635,902.384731,79.18673104,-9.227999687,4,35°09'N,108°45'E,"Yin, 2019, Forests",Shaanxi Province,China
951 ,Ang,Vochysiaceae,Qualea dichotoma,,,0.11 ,,0.57 ,,1.816666663,20.44 ,1516.00 ,0.963975451,1.0732,123.7480541,79.60995496,11.52799988,8,15°56'S,47°53'W,"Gotsch, 2010, Oecologia",cerrado of central Brazil,Brazil
1990 ,Ang,Vochysiaceae,Qualea grandiflora,,1.75 ,0.24 ,,0.57 ,,1.816666663,20.44 ,1516.00 ,0.963975451,1.09,123.7480541,79.60995496,11.52799988,8,15°56' S,47°53' W,"Scholz, 2008, Journal of Plant Physiology",south of Brasilia,Brazil
309 ,Ang,Vochysiaceae,Qualea parviflora,-1.65 ,0.94 ,0.16 ,,0.48 ,3.70 ,1.816666663,20.44 ,1516.00 ,0.963975451,1.09,123.7480541,79.60995496,11.52799988,8,15°56' S,47°53' W,"Bucci, 2006, Plant Cell and Environment",33 km south of Brasilia,Brasil
319 ,Ang,Vochysiaceae,Qualea parviflora,-1.65 ,,0.08 ,,0.53 ,3.40 ,1.816666663,20.44 ,1516.00 ,0.963975451,1.09,123.7480541,79.60995496,11.52799988,8,15°56' S,47°53' W,"Bucci, 2008, Brazilian Journal of Plant Physiology; Domec, 2006a, Plant Cell and Environment; Scholz, 2007, Plant Cell and Environment; Gotsch, 2010, Oecologia",south of Brasilia,Brazil
3079 ,Ang,Vochysiaceae,Qualea rosea,-1.86 ,,,,,,2.158333331,25.74 ,2796.00 ,0.649499163,1.8807,45.73945121,49.59006205,21.01600075,68,5°16'N,52°55'W,"Ziegler, 2019, Annals of Forest Science","Guiana Shield, French Guiana",France (overseas territories)
1188 ,Ang,Fagaceae,Quercus acutissima,-3.39 ,2.42 ,,,0.75 ,,2.208333323,17.35 ,1684.00 ,0.676074042,1.5223,844.751388,58.67976924,1.547999978,45,29°05'N,117°55'E,"Kröber, 2014, PloS one",Jiangxi province,China
1373 ,Ang,Fagaceae,Quercus acutissima,-4.56 ,31.55 ,,,,,2.949999968,12.32 ,728.00 ,0.838116128,0.6821,1035.001413,112.1710721,-8.795999527,6,36°26'N,117°27'E,"Liu, 2020, Frontiers in Plant Science","Jinan, Shandong province",China
2147 ,Ang,Fagaceae,Quercus acutissima,,3.11 ,0.85 ,,0.70 ,,1.708333333,15.31 ,1184.00 ,0.558582058,1.1298,632.1588893,75.233605,1.911999941,18,26°15'N,105°80'E,This study,Guizhou Province,China
3162 ,Ang,Fagaceae,Quercus acutissima,,2.43 ,0.50 ,45.93 ,0.58 ,11.50 ,,16.65 ,1219.00 ,0.464880167,#VALUE!,779.7846714,37.61802156,3.539999962,46,29°58'N,122°23'E,"???, 2017, ??????",Zejiang province,China
369 ,Ang,Fagaceae,Quercus agrifolia,-1.96 ,2.29 ,2.55 ,38.10 ,,,3.708333353,13.94 ,814.00 ,0.715008,0.791,324.3947169,94.00605383,3.691999912,3,37°01'N,122°04'W,"Chacon, 2020, Plos One",California,USA
1085 ,Ang,Fagaceae,Quercus agrifolia,-1.97 ,4.05 ,,50.88 ,0.64 ,,3.633333345,16.29 ,426.00 ,1.125048534,0.4043,426.7080897,99.9189354,5.268000126,1,34°06' N,118°39' W,"Jacobsen, 2007c, Ecological Monographs",Southern California,USA
1795 ,Ang,Fagaceae,Quercus agrifolia,-4.79 ,3.23 ,0.27 ,,0.59 ,,2.800000012,17.37 ,335.00 ,1.184487994,0.2555,500.2328626,87.24346036,3.43599987,2,33°29' N,117°09' W,"Pivovaroff, 2014, New Phytologist",Southern California,USA
2007 ,Ang,Fagaceae,Quercus agrifolia,-4.32 ,,,,,,3.041666706,14.18 ,1025.00 ,0.969736638,0.8249,467.5811721,94.72533747,-0.768000007,1,38°35'N,122°44'W,"Skelton, 2018, Plant Physiology",California,USA
1414 ,Ang,Fagaceae,Quercus alba,-1.37 ,1.37 ,0.69 ,50.51 ,0.63 ,,2.424999982,14.90 ,1150.00 ,0.80813385,0.9145,796.7224354,11.37109856,-2.828000069,79,36°01' N,78°59' W,"Maherali, 2006, Plant, Cell and Environment",North Carolina,USA
637 ,Ang,Fagaceae,Quercus aliena,-2.09 ,6.30 ,1.01 ,,,,1.708333333,15.31 ,1184.00 ,0.558582058,1.1298,632.1588893,75.233605,1.911999941,18,26°15' N,105°44' E,"Fan, 2011, Tree Physiology",Guizhou Province,China
2794 ,Ang,Betulaceae,Quercus aliena,,,0.50 ,24.19 ,,,2.141666661,9.62 ,592.00 ,0.661215941,0.635,902.384731,79.18673104,-9.227999687,4,35°09'N,108°45'E,"Yin, 2019, Forests",Shaanxi Province,China
202 ,Ang,Fagaceae,Quercus berberidifolia,-2.60 ,0.72 ,0.12 ,,,,3.62500002,15.59 ,480.00 ,0.788134638,0.5247,338.7349418,98.72914819,5.920000076,0,34°30' N,119°49' W,"Bhaskar, 2007, New Phytologist","Santa Barbara, California",USA
1060 ,Ang,Fagaceae,Quercus berberidifolia,-2.60 ,2.48 ,,46.83 ,0.74 ,3.30 ,3.674999992,16.29 ,426.00 ,1.125048534,0.4373,426.7080897,99.9189354,5.268000126,1,34°06' N,118°39' W,"Jacobsen, 2007b, Plant, Cell and Environment; Jacobsen, 2007c, Ecological Monographs; Jacobsen, 2008, New Phytologist; Hacke, 2009, Plant, Cell and Environment",Southern California,USA
1101 ,Ang,Fagaceae,Quercus berberidifolia,-2.29 ,2.21 ,,38.70 ,0.75 ,,3.416666627,14.47 ,374.00 ,1.453334251,0.2615,669.9579101,94.28395293,-0.555999994,2,34°40' N,118°26' W,"Jacobsen, 2016, Plant, Cell and Environment",California,USA
1796 ,Ang,Fagaceae,Quercus berberidifolia,,3.28 ,0.16 ,,0.79 ,,2.800000012,17.37 ,335.00 ,1.184487994,0.2555,500.2328626,87.24346036,3.43599987,2,33°29' N,117°09' W,"Pivovaroff, 2014, New Phytologist",Southern California,USA
1916 ,Ang,Fagaceae,Quercus berberidifolia,-1.24 ,,,,,,3.033333361,15.72 ,443.00 ,1.235994051,0.4577,514.632028,90.34097219,2.019999981,2,33°39'N,117°24'W,"Ramirez, 2020, Conservation Physiology",California,USA
2008 ,Ang,Fagaceae,Quercus berberidifolia,-5.95 ,,,,,,3.041666706,14.18 ,1025.00 ,0.969736638,0.8249,467.5811721,94.72533747,-0.768000007,1,38°35'N,122°44'W,"Skelton, 2018, Plant Physiology",California,USA
6 ,Ang,Fagaceae,Quercus candicans,-1.10 ,,0.03 ,,,,2.408333321,15.90 ,898.00 ,1.087248448,0.7738,215.6836173,103.5477214,4.559999943,7,19°39'N,101°23'W,"Aguilar-Romero, 2017, Tree Physiology",between the Michoacán and Guanajuato states,Mexico
8 ,Ang,Fagaceae,Quercus castanea,-0.72 ,,0.03 ,,,,2.258333325,16.80 ,945.00 ,1.087248448,0.6699,213.3607159,101.7060999,4.888000011,6,19°32'N,101°18'W,"Aguilar-Romero, 2017, Tree Physiology",between the Michoacán and Guanajuato states,Mexico
1752 ,Ang,Fagaceae,Quercus cornelius-mulleri,-3.17 ,,,,,2.17 ,3.516666671,12.79 ,504.00 ,1.898801884,0.272,672.0120797,69.76744186,-2.676000118,3,33°35'N,116°27'W,"Paddock, 2013, Aliso",California,USA
5 ,Ang,Fagaceae,Quercus crassipes,-0.41 ,,0.02 ,,,,2.308333317,16.41 ,944.00 ,1.087248448,0.793,214.9258995,102.9766377,4.28000021,7,19°31'N,101°26'W,"Aguilar-Romero, 2017, Tree Physiology",between the Michoacán and Guanajuato states,Mexico
10 ,Ang,Fagaceae,Quercus deserticola,-0.51 ,,0.03 ,,,,2.299999992,17.36 ,719.00 ,1.117514769,0.5009,224.8774241,107.9084915,6.639999866,6,20°00'N,100°58'W,"Aguilar-Romero, 2017, Tree Physiology",between the Michoacán and Guanajuato states,Mexico
2009 ,Ang,Fagaceae,Quercus douglasii,-6.27 ,,,,,,3.041666706,14.18 ,1025.00 ,0.969736638,0.8249,467.5811721,94.72533747,-0.768000007,1,38°35'N,122°44'W,"Skelton, 2018, Plant Physiology",California,USA
2015 ,Ang,Fagaceae,Quercus douglasii,-4.98 ,,,,,,2.858333329,14.50 ,884.00 ,1.239979795,0.6933,710.5872372,72.0827893,-2.472000122,3,40°21'N,121°53'W,"Skelton, 2019, New Phytologist",California,USA
2016 ,Ang,Fagaceae,Quercus douglasii,-4.03 ,,,,,,2.849999984,16.81 ,473.00 ,1.396984662,0.2901,694.1533124,84.19948074,-1.967999935,2,37°49'N,120°39'W,"Skelton, 2019, New Phytologist",California,USA
2017 ,Ang,Fagaceae,Quercus douglasii,-4.52 ,,,,,,2.824999988,14.39 ,879.00 ,1.357553059,0.6231,670.5785914,85.27231009,-2.559999943,2,37°59'N,120°22'W,"Skelton, 2019, New Phytologist",California,USA
2018 ,Ang,Fagaceae,Quercus douglasii,-4.19 ,,,,,,2.866666675,12.23 ,1133.00 ,1.012210662,0.8333,648.4155193,82.79229749,-2.947999954,5,38°07'N,120°14'W,"Skelton, 2019, New Phytologist",California,USA
2019 ,Ang,Fagaceae,Quercus douglasii,-3.97 ,,,,,,2.950000008,14.89 ,446.00 ,1.013797873,0.4098,528.193359,92.8886105,-0.344000012,0,35°05'N,120°04'W,"Skelton, 2019, New Phytologist",California,USA
2020 ,Ang,Fagaceae,Quercus douglasii,-4.26 ,,,,,,4.375,12.83 ,648.00 ,NA,0.6144,1006.453939,103.9996532,-6.072727203,8,37°06'N,119°44'W,"Skelton, 2019, New Phytologist",California,USA
2021 ,Ang,Fagaceae,Quercus douglasii,-4.45 ,,,,,,3.549999992,9.31 ,657.00 ,0.669061329,0.7672,1214.981847,104.2019704,-12.57600021,7,40°40'N,122°22'W,"Skelton, 2019, New Phytologist",California,USA
1189 ,Ang,Fagaceae,Quercus fabri,-5.14 ,3.15 ,,,0.67 ,,2.208333323,17.35 ,1684.00 ,0.676074042,1.5223,844.751388,58.67976924,1.547999978,45,29°05'N,117°55'E,"Kröber, 2014, PloS one",Jiangxi province,China
1415 ,Ang,Fagaceae,Quercus falcata,-0.92 ,1.49 ,0.49 ,45.82 ,0.63 ,,2.424999982,14.90 ,1150.00 ,0.80813385,0.9145,796.7224354,11.37109856,-2.828000069,79,36°01' N,78°59' W,"Maherali, 2006, Plant, Cell and Environment",North Carolina,USA
1021 ,Ang,Fagaceae,Quercus frainetto,-4.56 ,,,31.86 ,,,3.800000012,20.31 ,122.00 ,1.487184874,0.0941,555.9145618,113.3935517,5.384000301,0,30°39' N,20°18' E,"Iovi, 2009, Tree Physiology",Epirus region,Greece
1584 ,Ang,Fagaceae,Quercus fusiformis,-1.80 ,1.70 ,,,,,3.99999998,17.96 ,600.00 ,1.300554698,0.3702,737.0400322,40.15801859,0.483999997,25,30°55' N,99°54' W,"McElrone, 2004, New Phytologist; Johnson, 2018, Plant, Cell & Environment",Texas ,USA
2084 ,Ang,Fagaceae,Quercus gambelii,-0.24 ,1.49 ,,,,,3.466666679,9.22 ,558.00 ,1.047863447,0.6533,899.1572254,27.39784947,-9.944000244,25,40°46'N,111°48'W,"Sperry, 2012, Plant, Cell and Environment",Salt Lake City,USA
2010 ,Ang,Fagaceae,Quercus garryana,-3.32 ,,,,,,3.041666706,14.18 ,1025.00 ,0.969736638,0.8249,467.5811721,94.72533747,-0.768000007,1,38°35'N,122°44'W,"Skelton, 2018, Plant Physiology",California,USA
11 ,Ang,Fagaceae,Quercus gentryi,-0.56 ,,0.03 ,,,,2.12499998,17.21 ,738.00 ,1.117514769,0.4265,221.2305756,108.4775972,6.452000141,6,19°59'N,100°55'W,"Aguilar-Romero, 2017, Tree Physiology",between the Michoacán and Guanajuato states,Mexico
2476 ,Ang,Fagaceae,Quercus guyavifolia,,,0.35 ,,,,2.391666641,2.43 ,759.00 ,0.389803522,0.8267,661.8772376,97.80626751,-11.29199982,2,29°33'N,101°23'E,"Xu, 2020, New Phytologist",Sichuan province,China
2491 ,Ang,Fagaceae,Quercus guyavifolia,,,0.41 ,,,,2.691666643,2.55 ,774.00 ,6.982331523,0.9977,653.3985796,96.99491164,-11.75199986,2,29°28'N,101°32'E,"Xu, 2020, New Phytologist",Sichuan province,China
2503 ,Ang,Fagaceae,Quercus guyavifolia,,,0.41 ,,,,2.816666643,2.32 ,776.00 ,6.982331523,1.0537,659.7644595,96.74401021,-12.15600014,2,29°27'N,101°36'E,"Xu, 2020, New Phytologist",Sichuan province,China
2510 ,Ang,Fagaceae,Quercus guyavifolia,,,0.19 ,,,,2.924999992,0.31 ,780.00 ,3.611983221,1.1344,674.6779187,95.99849388,-13.99600029,2,29°31'N,101°40'E,"Xu, 2020, New Phytologist",Sichuan province,China
495 ,Ang,Fagaceae,Quercus ilex,-4.13 ,,,,,,5.308333397,14.86 ,650.00 ,0.814566681,0.7375,593.0053932,34.87490412,2.684000015,20,43°36' N,3°51' E,"Cochard, 2005, Cochard, Physiologia Plantarum",Montpellier,France
1247 ,Ang,Fagaceae,Quercus ilex,-3.88 ,1.86 ,0.26 ,26.67 ,0.84 ,5.50 ,4.383333365,13.66 ,666.00 ,0.788884806,0.7353,621.6212737,32.08554056,0.428000003,22,43°44' N,3°36' E,"Limousin, 2010, Tree Physiology",North-West of Montpellier,France
1533 ,Ang,Fagaceae,Quercus ilex,-2.02 ,2.53 ,0.25 ,35.01 ,,7.00 ,3.466666679,12.32 ,601.00 ,0.758594782,0.6892,623.9790215,30.20544711,-1.419999957,19,41°13' N,0°55' E,"Martinez-Vilalta, 2002, Oecologia",Prades,Spain
1766 ,Ang,Fagaceae,Quercus ilex,-3.21 ,1.38 ,,25.61 ,,,3.158333341,16.13 ,623.00 ,0.90446366,0.5392,518.8327965,60.6357405,2.575999975,4,38° 32' N,8°00' W,"Pinto, 2012, Forest Ecology and Management",Southern Portugal,Portugal
1898 ,Ang,Fagaceae,Quercus ilex,-5.63 ,0.11 ,0.22 ,,,1.04 ,2.733333329,16.24 ,465.00 ,1.255760801,0.4115,673.8307813,54.27653412,0.451999992,5,38°14' N,4°12' W,"Quero, 2011, Oecologia",Sierra De Cardena,Spain
1973 ,Ang,Fagaceae,Quercus ilex,-4.97 ,,,,0.88 ,,2.224999984,13.22 ,1284.00 ,0.550608952,1.2953,680.3336276,20.82444629,0.263999999,70,45°38'N,13°48''E,"Savi, 2019, Tree Physiology",Trieste,Italy
2296 ,Ang,Fagaceae,Quercus ilex,-1.55 ,1.58 ,1.28 ,,,6.00 ,1.724999974,13.87 ,723.00 ,0.713035551,0.7475,667.3842169,29.8469586,-0.376000017,28,43°17' N,11°35' E,"Tognetti, 1999, Tree Physiology; Tognetti, 1998, The New Phytologist",Siena,Italy
2011 ,Ang,Fagaceae,Quercus kelloggii,-4.73 ,,,,,,3.041666706,14.18 ,1025.00 ,0.969736638,0.8249,467.5811721,94.72533747,-0.768000007,1,38°35'N,122°44'W,"Skelton, 2018, Plant Physiology",California,USA
4 ,Ang,Fagaceae,Quercus laeta,-0.50 ,,0.10 ,,,,2.174999982,16.41 ,944.00 ,1.087248448,0.7019,214.9258995,102.9766377,4.28000021,7,19°31'N,101°27'W,"Aguilar-Romero, 2017, Tree Physiology",between the Michoacán and Guanajuato states,Mexico
1403 ,Ang,Fagaceae,Quercus laevis,-1.89 ,0.49 ,0.56 ,51.34 ,0.68 ,,2.558333357,15.84 ,1199.00 ,0.902189226,0.9392,770.0876755,17.70821084,-1.375999928,76,36°10' N,79°22' W,"Maherali, 2006, Plant, Cell and Environment",North Carolina,USA
3148 ,Ang,Fagaceae,quercus liaotungensi,-2.73 ,14.62 ,1.17 ,,0.53 ,9.00 ,2.224999994,9.06 ,523.00 ,0.696710268,0.5184,956.2625809,87.88328894,-11.01200008,3,36°05' N,109°11' E,"???, 2014, ??????",Shanxi province,China
2012 ,Ang,Fagaceae,Quercus lobata,-3.58 ,,,,,,3.041666706,14.18 ,1025.00 ,0.969736638,0.8249,467.5811721,94.72533747,-0.768000007,1,38°35'N,122°44'W,"Skelton, 2018, Plant Physiology",California,USA
9 ,Ang,Fagaceae,Quercus magnolifolia,-0.46 ,,0.05 ,,,,2.25,16.83 ,933.00 ,1.115607815,0.6178,211.3406688,106.5141836,5.967999935,7,19°38'N,101°11'W,"Aguilar-Romero, 2017, Tree Physiology",between the Michoacán and Guanajuato states,Mexico
1361 ,Ang,Fagaceae,Quercus mongolica,,5.40 ,3.51 ,47.98 ,0.65 ,8.40 ,1.833333333,3.27 ,661.00 ,0.432660541,0.8044,1257.058799,95.56655616,-21.12800026,5,42°24'N,128°29'E,"Liu, 2019, Science Advances; Yang, 2019, Tree Physiology",Jilin Province,China
2795 ,Ang,Fagaceae,Quercus mongolica,,,0.49 ,23.40 ,,,2.141666661,9.62 ,592.00 ,0.661215941,0.635,902.384731,79.18673104,-9.227999687,4,35°09'N,108°45'E,"Yin, 2019, Forests",Shaanxi Province,China
3126 ,Ang,Fagaceae,Quercus mongolica,,4.37 ,0.63 ,,,,3.516666671,2.79 ,594.00 ,0.46329067,0.8569,1416.032805,107.0789385,-24.60400009,3,45°24´N,127°40´E,"??, 2017, ??????; Jin, 2016, Functional Plant Biology",Heilongjiang province ,China
3140 ,Ang,Fagaceae,Quercus mongolica,-1.13 ,2.01 ,0.84 ,66.34 ,0.58 ,,2.266666661,9.30 ,519.00 ,0.702280034,0.5251,959.9457379,88.82626146,-10.55999947,2,35°58'N,110°05'E,"???, 2010, ????; ???, 2010, ????????",Shanxi province,China
1416 ,Ang,Fagaceae,Quercus nigra,-1.31 ,1.19 ,0.51 ,43.91 ,0.63 ,,2.424999982,14.90 ,1150.00 ,0.80813385,0.9145,796.7224354,11.37109856,-2.828000069,79,36°01' N,78°59' W,"Maherali, 2006, Plant, Cell and Environment",North Carolina,USA
303 ,Ang,Fagaceae,Quercus oleoides,-3.03 ,2.10 ,0.85 ,,,,3.325000008,26.46 ,1746.00 ,0.996001165,1.0501,77.51506781,91.484941,21.35199928,1,10°52' N,85°34' W,"Brodribb, 2005, New Phytologist; Brodribb, 2003, Plant Cell and Environment; Brodribb, 2002, Plant Cell and Environment; Brodribb & Holbrook, 2003, Plant Physiology", the Northern Pacific coast,Costa Rica
N93,Ang,Fagaceae,Quercus oleoides,,,,,0.80 ,,3.533333381,26.60 ,1633.00 ,1.163631518,1.0017,80.14568299,93.82169736,21.43599892,2,10°43?31.39?N,85°35?46.99?W,"Vargas, 2021, New Phytologist",Santa Elena,Costa Rica
1906 ,Ang,Fagaceae,Quercus pacifica,-1.96 ,,,,,,3.566666702,16.15 ,341.00 ,0.682563246,0.3127,321.3511065,99.04029823,7.554166794,1,33°24'N,118°24'W,"Ramirez, 2020, Conservation Physiology",California,USA
477 ,Ang,Fagaceae,Quercus petraea,-3.45 ,,,,,15.00 ,3.199999988,9.67 ,775.00 ,0.500635756,0.9623,630.7069029,11.28856702,-4.06799984,51,48°45' N,6°20' E,"Cochard, 1992a,  Annales des Sciences Forestières; Tyree & Cochard, 1996, Annales des Sciences Forestières",Clermont-Ferrand,France
573 ,Ang,Fagaceae,Quercus petraea,-5.00 ,,,,,,2.591666659,9.23 ,988.00 ,0.444126799,1.5049,647.6486462,15.63213473,-4.047999859,63,47°28'N,7°30'E,"Dietrich, 2019, Journal of Ecology",Basel,Switzerland
1707 ,Ang,Fagaceae,Quercus petraea,-2.38 ,,,,,,3.125,9.76 ,583.00 ,0.605816588,0.7281,745.6629679,28.56675466,-5.191999912,30,48°14' N,16°20' E,"Nolf, 2015b, New Phytologist",Vienna,Austria
1417 ,Ang,Fagaceae,Quercus phellos,-1.42 ,1.35 ,0.55 ,49.17 ,0.68 ,,2.424999982,14.90 ,1150.00 ,0.80813385,0.9145,796.7224354,11.37109856,-2.828000069,79,36°01' N,78°59' W,"Maherali, 2006, Plant, Cell and Environment",North Carolina,USA
1190 ,Ang,Fagaceae,Quercus phillyraeoides,,,,,0.69 ,,2.208333323,17.35 ,1684.00 ,0.676074042,1.5223,844.751388,58.67976924,1.547999978,45,29°05'N,117°55'E,"Kröber, 2014, PloS one",Jiangxi province,China
1309 ,Ang,Fagaceae,Quercus phillyraeoides,,0.81 ,,,0.60 ,,2.383333345,16.19 ,1749.00 ,0.606894284,1.7554,831.410251,57.04453011,1.052000046,44,29°15' N,118°07' E,"Liu, 2016, Ecology",Zhejiang province,China
981 ,Ang,Fagaceae,Quercus prinus,,,,41.83 ,,,2.350000024,14.72 ,1366.00 ,0.853392463,1.1189,766.4352208,9.509275435,-2.220000029,99,35°12' N,82°14' W,"Hacke, 2006, Tree Physiology","Tyron, North Carolina",USA
476 ,Ang,Fagaceae,Quercus pubescens,-3.30 ,,,,,15.00 ,3.199999988,9.67 ,775.00 ,0.500635756,0.9623,630.7069029,11.28856702,-4.06799984,51,48°45' N,6°20' E,"Cochard, 1992a,  Annales des Sciences Forestières",Clermont-Ferrand,France
1690 ,Ang,Fagaceae,Quercus pubescens,-2.00 ,,,33.60 ,0.50 ,,2.466666639,12.66 ,1268.00 ,NA,1.4257,671.2691649,21.22951887,-0.037500001,68,45°41'N,13°44'E,"Nardini, 2012, New Phytologist; Nardini, 2013, New Phytologist",Trieste province,Italy
1974 ,Ang,Fagaceae,Quercus pubescens,-3.00 ,,,,0.76 ,,2.224999984,13.22 ,1284.00 ,0.550608952,1.2953,680.3336276,20.82444629,0.263999999,70,45°38'N,13°48''E,"Savi, 2019, Tree Physiology",Trieste,Italy
2297 ,Ang,Fagaceae,Quercus pubescens,-3.35 ,0.56 ,0.89 ,,,6.00 ,1.724999974,13.87 ,723.00 ,0.713035551,0.7475,667.3842169,29.8469586,-0.376000017,28,43°17' N,11°35' E,"Tognetti, 1999, Tree Physiology; Tognetti, 1998, The New Phytologist",Siena,Italy
478 ,Ang,Fagaceae,Quercus robur,-2.80 ,,,,,15.00 ,3.199999988,9.67 ,775.00 ,0.500635756,0.9623,630.7069029,11.28856702,-4.06799984,51,48°45' N,6°20' E,"Cochard, 1992a,  Annales des Sciences Forestières; Tyree & Cochard, 1996, Annales des Sciences Forestières",Clermont-Ferrand,France
491 ,Ang,Fagaceae,Quercus robur,-2.08 ,,,,,,2.699999988,11.29 ,598.00 ,0.592509912,0.6645,603.3775522,38.21785488,-2.052000046,27,45°47' N,3°09' E,"Cochard, 2005, Cochard, Physiologia Plantarum",Clermont-Ferrand,France
479 ,Ang,Fagaceae,Quercus rubra,-2.40 ,,,,,20.00 ,3.199999988,9.67 ,775.00 ,0.500635756,0.9623,630.7069029,11.28856702,-4.06799984,51,48°45' N,6°20' E,"Cochard, 1992a,  Annales des Sciences Forestières; Tyree & Cochard, 1996, Annales des Sciences Forestières",Clermont-Ferrand,France
1418 ,Ang,Fagaceae,Quercus rubra,-1.61 ,1.33 ,0.57 ,43.36 ,0.69 ,,2.424999982,14.90 ,1150.00 ,0.80813385,0.9145,796.7224354,11.37109856,-2.828000069,79,36°01' N,78°59' W,"Maherali, 2006, Plant, Cell and Environment",North Carolina,USA
3 ,Ang,Fagaceae,Quercus rugosa,-0.62 ,,0.03 ,,,,2.333333313,15.05 ,1031.00 ,1.080900186,0.8519,215.3273014,101.2802234,3.779999971,8,19°20'N,101°31'W,"Aguilar-Romero, 2017, Tree Physiology",between the Michoacán and Guanajuato states,Mexico
2013 ,Ang,Fagaceae,Quercus sadleriana,-2.74 ,,,,,,3.041666706,14.18 ,1025.00 ,0.969736638,0.8249,467.5811721,94.72533747,-0.768000007,1,38°35'N,122°44'W,"Skelton, 2018, Plant Physiology",California,USA
208 ,Ang,Fagaceae,Quercus sebifera,-5.50 ,0.71 ,0.41 ,,,,2.074999968,16.95 ,555.00 ,1.307651315,0.3205,188.7757412,87.79243127,8.236000061,7,18°15' N,97°26' W,"Bhaskar, 2007, New Phytologist",Tehuacan Valey,Mexico
1191 ,Ang,Fagaceae,Quercus serrata,-2.70 ,2.87 ,,,0.69 ,,2.208333323,17.35 ,1684.00 ,0.676074042,1.5223,844.751388,58.67976924,1.547999978,45,29°05'N,117°55'E,"Kröber, 2014, PloS one",Jiangxi province,China
1310 ,Ang,Fagaceae,Quercus serrata,,3.90 ,,,0.65 ,,2.383333345,16.19 ,1749.00 ,0.606894284,1.7554,831.410251,57.04453011,1.052000046,44,29°15' N,118°07' E,"Liu, 2016, Ecology",Zhejiang province,China
2717 ,Ang,Fagaceae,Quercus serrata var. brevipetiolata,,,1.01 ,,,,1.524999996,12.54 ,926.00 ,6.066549556,0.8051,563.7753109,89.68643892,-1.220000029,9,29°39'N,102°08'E,"Xu, 2020, New Phytologist",Sichuan province,China
2737 ,Ang,Fagaceae,Quercus spinosa,,0.62 ,0.50 ,,0.67 ,,1.299999992,13.24 ,983.00 ,2.92760473,0.7174,576.9135477,90.39955827,-0.60799998,10,29°26'N,102°10'E,"Xu, 2020, New Phytologist",Sichuan province,China
1404 ,Ang,Fagaceae,Quercus stellata,-1.44 ,0.81 ,0.46 ,47.24 ,0.74 ,,2.558333357,15.84 ,1199.00 ,0.902189226,0.9392,770.0876755,17.70821084,-1.375999928,76,36°10' N,79°22' W,"Maherali, 2006, Plant, Cell and Environment",North Carolina,USA
1765 ,Ang,Fagaceae,Quercus suber,-2.89 ,1.03 ,,25.28 ,,,3.449999988,16.57 ,701.00 ,0.661439187,0.6268,443.6620314,64.35833221,5.739999771,6,38° 50' N,8° 49' W,"Pinto, 2012, Forest Ecology and Management",Central Portugal,Portugal
1767 ,Ang,Fagaceae,Quercus suber,-2.94 ,1.03 ,,22.21 ,,,3.158333341,16.13 ,623.00 ,0.90446366,0.5392,518.8327965,60.6357405,2.575999975,4,38° 32' N,8°00' W,"Pinto, 2012, Forest Ecology and Management",Southern Portugal,Portugal
2314 ,Ang,Fagaceae,Quercus suber,-5.20 ,,,,,1.00 ,3.199999988,9.67 ,775.00 ,0.500635756,0.9623,630.7069029,11.28856702,-4.06799984,51,48°45' N,6°20' E,"Tyree & Cochard, 1996, Annales des Sciences Forestières",Champenoux,France
2277 ,Ang,Fagaceae,Quercus variabilis,,3.36 ,0.50 ,,0.68 ,,2.383333345,14.83 ,1141.00 ,0.681450467,1.1928,885.8909326,59.00553992,-2.440000057,20,31°48'N,114°04'E,"This study; Zhu, 2018, Tree Physiology",Henan province,China
1086 ,Ang,Fagaceae,Quercus wislizeni,-2.49 ,1.88 ,,38.14 ,0.72 ,,3.633333345,16.29 ,426.00 ,1.125048534,0.4043,426.7080897,99.9189354,5.268000126,1,34°06' N,118°39' W,"Jacobsen, 2007c, Ecological Monographs",Southern California,USA
1102 ,Ang,Fagaceae,Quercus wislizeni,-1.47 ,1.50 ,,36.80 ,0.68 ,,3.416666627,14.47 ,374.00 ,1.453334251,0.2615,669.9579101,94.28395293,-0.555999994,2,34°40' N,118°26' W,"Jacobsen, 2016, Plant, Cell and Environment",California,USA
2014 ,Ang,Fagaceae,Quercus wislizeni,-4.10 ,,,,,,3.041666706,14.18 ,1025.00 ,0.969736638,0.8249,467.5811721,94.72533747,-0.768000007,1,38°35'N,122°44'W,"Skelton, 2018, Plant Physiology",California,USA
2307 ,Ang,Paracryphiaceae,Quintinia major,-2.50 ,0.14 ,,,0.65 ,,4.933333357,19.11 ,2769.00 ,0.662711101,2.3716,182.0378957,24.83423299,12.4279995,140,21° 53' S,166° 25' E,"Trueba, 2017, Plant, Cell and Environment; Trueba, 2019, Journal of Experimental Botany",New Caledonia,France (Overseas territories)
3039 ,Ang,Combretaceae,Quisqualis caudata ,-1.53 ,,,,,,1.225000014,22.42 ,1640.00 ,0.894353661,0.8598,350.4611648,75.65033519,11.8760004,18,21°55'N,101°16'E,"Zhu, 2018, Tree Physiology; Yan, 2020, Biology Letters",Yuanan province,China
2880 ,Ang,Combretaceae,Quisqualis indica,-1.43 ,3.07 ,1.15 ,173.00 ,0.50 ,,1.450000008,19.61 ,1575.00 ,0.7831742,1.2463,355.3021639,76.07293498,9.543999672,18,21°54' N,101°46' E,"Zhu & Cao, 2009, Plant Ecology",Yunnan Province,China
694 ,Ang,Bignoniaceae,Radermachera microcalyx,,,,121.70 ,0.57 ,14.95 ,1.266666651,21.56 ,1641.00 ,0.894353661,0.9726,335.0943307,76.6728934,11.23200035,16,21°41' N,101°25' E,"Fan, 2012, Journal of Ecology",Yunnan Province,China
2111 ,Ang,Myrsinaceae,Rapanea melanophloeos,-1.86 ,,,,,,4.416666647,15.47 ,836.00 ,0.889985229,0.7322,352.3083026,57.40640208,5.427999973,25,33°57' S,18°55' E,"Swift, 2008, South African Journal of Botany",Western Cape Province,South Africa
3080 ,Ang,Fabaceae,Recordoxylon speciosum,-4.13 ,,,,,,2.158333331,25.74 ,2796.00 ,0.649499163,1.8807,45.73945121,49.59006205,21.01600075,68,5°16'N,52°55'W,"Ziegler, 2019, Annals of Forest Science","Guiana Shield, French Guiana",France (overseas territories)
304 ,Ang,Verbenaceae,Rehdera trinervis,-2.80 ,1.72 ,0.82 ,,,,3.325000008,26.46 ,1746.00 ,0.996001165,1.0501,77.51506781,91.484941,21.35199928,1,10°52' N,85°34' W,"Brodribb, 2005, New Phytologist; Brodribb, 2003, Plant Cell and Environment; Brodribb, 2002, Plant Cell and Environment; Brodribb & Holbrook, 2003, Plant Physiology", the Northern Pacific coast,Costa Rica
N94,Ang,Verbenaceae,Rehdera trinervis,,,,,0.74 ,,3.533333381,26.60 ,1633.00 ,1.163631518,1.0017,80.14568299,93.82169736,21.43599892,2,10°43?31.39?N,85°35?46.99?W,"Vargas, 2021, New Phytologist",Santa Elena,Costa Rica
1647 ,Ang,Fabaceae,Retama sphaerocarpa,-3.14 ,0.05 ,0.32 ,,,,3.416666687,16.76 ,268.00 ,0.920882824,0.267,590.3075718,50.05748087,3.351999998,2,37°01' N,2°25' W,"Miranda, 2010, Functional Plant Biology","Tamernas, Almeria Province",Spain
277 ,Gym,Podocarpaceae,Retrophyllum comptonii,,0.45 ,0.29 ,,,,3.900000016,19.33 ,2351.00 ,0.718162138,1.9001,192.9429245,29.3970836,12.20800018,110,22°02' S,166°28' E,"Brodribb & Feild, 2000, Plant, Cell and Environment",New Caledonia,France (Overseas territories)
734 ,Gym,Podocarpaceae,Retrophyllum comptonii,,0.29 ,0.38 ,,,,3.524999976,20.34 ,2080.00 ,0.718162138,1.4162,199.6488682,29.13938773,13.28800011,90,22°03'S,166°26'E,"Field, 2000, International Journal of Plant Sciences","Province Sud, New Caledonia",France (Overseas territories)
1781 ,Gym,Podocarpaceae,Retrophyllum minor,-2.17 ,1.19 ,,17.70 ,0.39 ,,3.583333353,21.92 ,2131.00 ,0.698298269,1.8644,227.5555288,34.72627134,14.98799992,106,22°18' S,166°58' E,"Pittermann, 2006a, 2006b","Province Sud, New Caledonia",France (Overseas territories)
633 ,Ang,Rhamnaceae,Rhamnella franguloides,-1.64 ,4.93 ,0.78 ,,,,1.533333331,17.19 ,1259.00 ,0.599097986,1.063,606.2322877,78.61021309,4.047999859,17,25°42' N,105°35' E,"Fan, 2011, Tree Physiology",Guizhou Province,China
2148 ,Ang,Rhamnaceae,Rhamnella franguloides,,4.48 ,0.81 ,,0.62 ,,1.708333333,15.31 ,1184.00 ,0.558582058,1.1298,632.1588893,75.233605,1.911999941,18,26°15'N,105°80'E,This study,Guizhou Province,China
453 ,Ang,Rhamnaceae,Rhamnus alaternus,-8.09 ,,,,,,3.699999948,17.92 ,307.00 ,0.933144571,0.2751,534.1157013,47.51409588,5.993750095,5,38°20'N,0°32'W,"Choat, 2012, Nature",Alicante,Spain
1095 ,Ang,Rhamnaceae,Rhamnus californica,-2.00 ,1.51 ,,26.61 ,0.46 ,,3.674999992,16.29 ,426.00 ,1.125048534,0.4373,426.7080897,99.9189354,5.268000126,1,34°06' N,118°39' W,"Jacobsen, 2007c, Ecological Monographs; Pratt, 2007a; 2007b",Southern California,USA
1093 ,Ang,Rhamnaceae,Rhamnus crocea,-5.26 ,1.07 ,,26.24 ,0.64 ,,3.633333345,16.29 ,426.00 ,1.125048534,0.4043,426.7080897,99.9189354,5.268000126,1,34°06' N,118°39' W,"Jacobsen, 2007c, Ecological Monographs; Pratt, 2007a; 2007b",Southern California,USA
1354 ,Ang,Rhamnaceae,Rhamnus davurica,,1.71 ,0.80 ,,0.54 ,4.97 ,1.833333333,3.27 ,661.00 ,0.432660541,0.8044,1257.058799,95.56655616,-21.12800026,5,42°24'N,128°29'E,"Liu, 2019, Science Advances",Jilin Province,China
2167 ,Ang,Rhamnaceae,Rhamnus davurica,,1.99 ,0.97 ,,0.71 ,,2.383333345,14.83 ,1141.00 ,0.681450467,1.1928,885.8909326,59.00553992,-2.440000057,20,31°48'N,114°04'E,This study,Henan province,China
2796 ,Ang,Berberidaceae,Rhamnus davurica,,,0.40 ,20.46 ,,,2.141666661,9.62 ,592.00 ,0.661215941,0.635,902.384731,79.18673104,-9.227999687,4,35°09'N,108°45'E,"Yin, 2019, Forests",Shaanxi Province,China
2460 ,Ang,Rhamnaceae,Rhamnus dumetorum,,0.81 ,0.64 ,,0.62 ,,2.308333327,5.61 ,751.00 ,2.957267348,0.6981,607.8590627,99.25253833,-9.423999786,2,29°23'N,101°01'E,"Xu, 2020, New Phytologist",Sichuan province,China
2738 ,Ang,Rhamnaceae,Rhamnus dumetorum,,0.13 ,0.48 ,,0.66 ,,1.299999992,13.24 ,983.00 ,2.92760473,0.7174,576.9135477,90.39955827,-0.60799998,10,29°26'N,102°10'E,"Xu, 2020, New Phytologist",Sichuan province,China
448 ,Ang,Rhamnaceae,Rhamnus frangula,-2.92 ,,,,,,3.708333313,11.60 ,796.00 ,0.539929419,0.8978,529.6588266,23.66372411,-0.175999999,44,47°05'N,0°45'W,"Choat, 2012, Nature",Toutlemonde,France
2149 ,Ang,Rhamnaceae,Rhamnus heterophylla,,0.37 ,1.00 ,,0.77 ,,1.708333333,15.31 ,1184.00 ,0.558582058,1.1298,632.1588893,75.233605,1.911999941,18,26°15'N,105°80'E,This study,Guizhou Province,China
1094 ,Ang,Rhamnaceae,Rhamnus ilicifolia,-6.55 ,1.25 ,,26.24 ,0.64 ,,3.633333345,16.29 ,426.00 ,1.125048534,0.4043,426.7080897,99.9189354,5.268000126,1,34°06' N,118°39' W,"Jacobsen, 2007c, Ecological Monographs; Pratt, 2007a; 2007b",Southern California,USA
1103 ,Ang,Rhamnaceae,Rhamnus ilicifolia,-4.66 ,0.96 ,,20.50 ,0.71 ,,3.416666627,14.47 ,374.00 ,1.453334251,0.2615,669.9579101,94.28395293,-0.555999994,2,34°40' N,118°26' W,"Jacobsen, 2016, Plant, Cell and Environment",California,USA
1797 ,Ang,Rhamnaceae,Rhamnus ilicifolia,-1.03 ,1.36 ,0.21 ,,0.72 ,,2.800000012,17.37 ,335.00 ,1.184487994,0.2555,500.2328626,87.24346036,3.43599987,2,33°29' N,117°09' W,"Pivovaroff, 2014, New Phytologist",Southern California,USA
1917 ,Ang,Rhamnaceae,Rhamnus ilicifolia,-4.90 ,,,,,,3.033333361,15.72 ,443.00 ,1.235994051,0.4577,514.632028,90.34097219,2.019999981,2,33°39'N,117°24'W,"Ramirez, 2020, Conservation Physiology",California,USA
2150 ,Ang,Rhamnaceae,Rhamnus leptophylla,,1.34 ,0.66 ,,0.67 ,,1.708333333,15.31 ,1184.00 ,0.558582058,1.1298,632.1588893,75.233605,1.911999941,18,26°15'N,105°80'E,This study,Guizhou Province,China
454 ,Ang,Rhamnaceae,Rhamnus lycioides,-8.40 ,,,,,,3.699999948,17.92 ,307.00 ,0.933144571,0.2751,534.1157013,47.51409588,5.993750095,5,38°20'N,0°32'W,"Choat, 2012, Nature",Alicante,Spain
2477 ,Ang,Rhamnaceae,Rhamnus maximovicziana,,,0.48 ,,,,2.391666641,2.43 ,759.00 ,0.389803522,0.8267,661.8772376,97.80626751,-11.29199982,2,29°33'N,101°23'E,"Xu, 2020, New Phytologist",Sichuan province,China
1907 ,Ang,Rhamnaceae,Rhamnus pirifolia,-3.23 ,,,,,,3.566666702,16.15 ,341.00 ,0.682563246,0.3127,321.3511065,99.04029823,7.554166794,1,33°24'N,118°24'W,"Ramirez, 2020, Conservation Physiology",California,USA
1580 ,Ang,Rhamnaceae,Rhamnus purshiana,-2.40 ,1.48 ,,32.17 ,0.27 ,,3.008333325,10.64 ,1702.00 ,0.555666844,1.6976,507.2504549,71.12042383,-1.952000022,19,44°38'N  ,123°18'W,"McCulloh, 2015, Tree Physiology","Corvallis, Oregon",USA
2718 ,Ang,Rhamnaceae,Rhamnus tangutica,,,0.74 ,,,,1.524999996,12.54 ,926.00 ,6.066549556,0.8051,563.7753109,89.68643892,-1.220000029,9,29°39'N,102°08'E,"Xu, 2020, New Phytologist",Sichuan province,China
2797 ,Ang,Berberidaceae,Rhamnus utilis,,,0.40 ,,,,2.141666661,9.62 ,592.00 ,0.661215941,0.635,902.384731,79.18673104,-9.227999687,4,35°09'N,108°45'E,"Yin, 2019, Forests",Shaanxi Province,China
2898 ,Ang,Rosaceae,Rhaphiolepis indica,-2.88 ,1.05 ,,,0.75 ,,2.391666651,22.44 ,2177.00 ,0.679918148,1.613,520.8183658,75.162042,11.56799984,28,22°34' N,112°50' E,"Zhu, 2017, Forest Ecology and Management",Guangdong Province,China
2990 ,Ang,Rosaceae,Rhaphiolepis indica,-2.88 ,,,,,,1.866666645,20.60 ,1835.00 ,0.759396395,1.4258,565.6792834,66.92045161,8.623999596,37,23°10'N,112°31'E,"Zhu, 2018, Tree Physiology",Guangdong Province,China
2063 ,Ang,Rhizophoraceae,Rhizophora mangle,-6.30 ,0.43 ,0.31 ,24.40 ,,,4.574999968,24.40 ,1451.00 ,0.973449952,1.0813,318.9026769,61.44576285,16.21999931,33,25°33' N,80°13' W,"Sperry, 1988b, Physiologia Plantarum; Hao, 2009, Tree Physiology",Florida,USA
1565 ,Ang,Ericaceae,Rhododendron × intermedium,-1.95 ,0.19 ,,7.41 ,0.43 ,0.50 ,3.916666647,2.82 ,1069.00 ,0.426773122,2.5363,620.1051171,33.76836154,-8.951999664,51,47°11' N,11°17' E,"Mayr, 2010, Oecologia",Tyrol,Austria
2719 ,Ang,Ericaceae,Rhododendron augustinii,,,0.29 ,,,,1.524999996,12.54 ,926.00 ,6.066549556,0.8051,563.7753109,89.68643892,-1.220000029,9,29°39'N,102°08'E,"Xu, 2020, New Phytologist",Sichuan province,China
2587 ,Ang,Ericaceae,Rhododendron calophytum,,,0.74 ,,,,2.458333294,0.75 ,846.00 ,38.61108759,1.0824,647.250795,90.57201924,-13,7,29°34'N,101°59'E,"Xu, 2020, New Phytologist",Sichuan province,China
2607 ,Ang,Ericaceae,Rhododendron calophytum,,0.73 ,1.43 ,,0.50 ,,2.324999978,0.75 ,846.00 ,38.61108759,1.0448,647.250795,90.57201924,-13,7,29°34'N,102°00'E,"Xu, 2020, New Phytologist",Sichuan province,China
2655 ,Ang,Ericaceae,Rhododendron calophytum,,0.53 ,1.22 ,,0.48 ,,2.074999998,3.00 ,858.00 ,6.066549556,0.9714,635.2643433,90.25313014,-10.72399998,8,29°35'N,102°02'E,"Xu, 2020, New Phytologist",Sichuan province,China
198 ,Ang,Ericaceae,Rhododendron catawbiense,-5.50 ,0.21 ,,,,,3.416666647,9.91 ,1306.00 ,0.53273008,1.3623,729.7813014,11.61978521,-6.15199995,87,36°06'N,81°58'W,"Berry, 2015, Tree Physiology",North Carolina,USA
529 ,Ang,Ericaceae,Rhododendron catawbiense,-1.75 ,,,14.40 ,,,3.775000016,11.34 ,1924.00 ,0.613660491,1.8919,699.7789842,9.957188974,-4.708000183,134,32°02' N,83°27' W,"Cordero & Nilsen, 2002, Tree Physiol",Coweeta,North Carolina
364 ,Ang,Ericaceae,Rhododendron columbianum,-4.30 ,0.76 ,0.37 ,17.60 ,,,3.933333357,11.59 ,1129.00 ,NA,1.1164,251.5002013,83.13214918,2.641176462,4,39°23'N,123°49'W,"Cary & Pittermann, 2018, American Journal of Botany; Cary, 2020, New Phytologist",,USA
2571 ,Ang,Ericaceae,Rhododendron decorum,,0.43 ,0.51 ,,0.44 ,,2.299999972,0.78 ,828.00 ,15.35548757,0.9958,691.690106,92.74818783,-13.50800037,4,29°22'N,101°55'E,"Xu, 2020, New Phytologist",Sichuan province,China
2608 ,Ang,Ericaceae,Rhododendron decorum,,0.33 ,0.31 ,,0.50 ,,2.324999978,0.75 ,846.00 ,38.61108759,1.0448,647.250795,90.57201924,-13,7,29°34'N,102°00'E,"Xu, 2020, New Phytologist",Sichuan province,China
1564 ,Ang,Ericaceae,Rhododendron ferrugineum,-2.76 ,0.31 ,,6.58 ,0.44 ,1.00 ,3.433333317,-1.72 ,1266.00 ,1.913868695,2.2795,632.6261754,19.20766343,-13.29599953,79,47°09' N,11°07' E,"Mayr, 2010, Oecologia",Tyrol,Austria
1563 ,Ang,Ericaceae,Rhododendron hirsutum,-2.70 ,0.20 ,,6.68 ,0.43 ,0.50 ,2.616666675,5.32 ,975.00 ,0.515632172,2.1538,626.493407,33.09024049,-7.196000099,55,47°16' N,10°42' E,"Mayr, 2010, Oecologia",Tyrol,Austria
2492 ,Ang,Ericaceae,Rhododendron intricatum,,,0.18 ,,,,2.691666643,2.55 ,774.00 ,6.982331523,0.9977,653.3985796,96.99491164,-11.75199986,2,29°28'N,101°32'E,"Xu, 2020, New Phytologist",Sichuan province,China
2504 ,Ang,Ericaceae,Rhododendron intricatum,,,0.22 ,,,,2.816666643,2.32 ,776.00 ,6.982331523,1.0537,659.7644595,96.74401021,-12.15600014,2,29°27'N,101°36'E,"Xu, 2020, New Phytologist",Sichuan province,China
2511 ,Ang,Ericaceae,Rhododendron intricatum,,,0.17 ,,,,2.924999992,0.31 ,780.00 ,3.611983221,1.1344,674.6779187,95.99849388,-13.99600029,2,29°31'N,101°40'E,"Xu, 2020, New Phytologist",Sichuan province,China
2515 ,Ang,Ericaceae,Rhododendron intricatum,,,0.09 ,,,,3.708333373,-0.49 ,798.00 ,3.611983221,1.4773,676.958601,94.42575903,-14.30799961,3,29°31'N,101°43'E,"Xu, 2020, New Phytologist",Sichuan province,China
2623 ,Ang,Ericaceae,Rhododendron intricatum,,0.11 ,0.07 ,,0.57 ,,3.25000002,0.42 ,782.00 ,7.326257104,1.3644,679.4209524,92.66621245,-13.25599957,3,29°54'N,102°00'E,"Xu, 2020, New Phytologist",Sichuan province,China
2633 ,Ang,Ericaceae,Rhododendron intricatum,,,0.06 ,,,,3.325000008,0.42 ,782.00 ,7.326257104,1.4815,679.4209524,92.66621245,-13.25599957,3,29°55'N,102°01'E,"Xu, 2020, New Phytologist",Sichuan province,China
1311 ,Ang,Ericaceae,Rhododendron latoucheae,,0.54 ,,,0.50 ,,2.383333345,16.19 ,1749.00 ,0.606894284,1.7554,831.410251,57.04453011,1.052000046,44,29°15' N,118°07' E,"Liu, 2016, Ecology",Zhejiang province,China
2588 ,Ang,Ericaceae,Rhododendron lutescens,,,0.75 ,,,,2.458333294,0.75 ,846.00 ,38.61108759,1.0824,647.250795,90.57201924,-13,7,29°34'N,101°59'E,"Xu, 2020, New Phytologist",Sichuan province,China
361 ,Ang,Ericaceae,Rhododendron macrophyllum,,,0.77 ,,,,3.933333357,11.59 ,1129.00 ,NA,1.1164,251.5002013,83.13214918,2.641176462,4,39°23'N,123°49'W,"Cary & Pittermann, 2018, American Journal of Botany",,USA
528 ,Ang,Ericaceae,Rhododendron macrophyllum,-2.96 ,,,18.70 ,,,3.308333377,9.60 ,1677.00 ,0.635838941,1.8164,571.1535124,62.79035095,-4.739999771,22,44°12' N,122°15' W,"Cordero & Nilsen, 2002, Tree Physiol",Blue River,Oregon
530 ,Ang,Ericaceae,Rhododendron maximum,-2.42 ,,,15.20 ,,,3.775000016,11.34 ,1924.00 ,0.613660491,1.8919,699.7789842,9.957188974,-4.708000183,134,32°02' N,83°27' W,"Cordero & Nilsen, 2002, Tree Physiol",Coweeta,North Carolina
1250 ,Ang,Ericaceae,Rhododendron maximum,-2.20 ,,,,,,4.058333317,9.29 ,1099.00 ,0.589159978,1.2303,782.2355638,11.09612569,-7.552000046,76,37°21' N,80°32' W,"Lipp & Nilsen, 1997, Plant Cell and Environment","Mountain Lake, Virginia",USA
1312 ,Ang,Ericaceae,Rhododendron ovatum,,0.44 ,,,0.50 ,,2.383333345,16.19 ,1749.00 ,0.606894284,1.7554,831.410251,57.04453011,1.052000046,44,29°15' N,118°07' E,"Liu, 2016, Ecology",Zhejiang province,China
2872 ,Ang,Ericaceae,Rhododendron ovatum,,0.22 ,0.33 ,,0.58 ,,3.800000052,17.04 ,1262.00 ,0.591932528,1.3539,825.8536277,42.18081321,2.092000008,45,29°52'N,121°39'E,"Zhao, 2016, Chinese Journal of Plant Ecology",Zhejiang Province,China
2572 ,Ang,Ericaceae,Rhododendron pachytrichum,,0.86 ,0.99 ,,0.45 ,,2.299999972,0.78 ,828.00 ,15.35548757,0.9958,691.690106,92.74818783,-13.50800037,4,29°22'N,101°55'E,"Xu, 2020, New Phytologist",Sichuan province,China
2589 ,Ang,Ericaceae,Rhododendron pachytrichum,,,0.79 ,,,,2.458333294,0.75 ,846.00 ,38.61108759,1.0824,647.250795,90.57201924,-13,7,29°34'N,101°59'E,"Xu, 2020, New Phytologist",Sichuan province,China
2516 ,Ang,Ericaceae,Rhododendron phaeochrysum,,,0.15 ,,,,3.708333373,-0.49 ,798.00 ,3.611983221,1.4773,676.958601,94.42575903,-14.30799961,3,29°31'N,101°43'E,"Xu, 2020, New Phytologist",Sichuan province,China
2624 ,Ang,Ericaceae,Rhododendron phaeochrysum,,0.32 ,0.26 ,,0.50 ,,3.25000002,0.42 ,782.00 ,7.326257104,1.3644,679.4209524,92.66621245,-13.25599957,3,29°54'N,102°00'E,"Xu, 2020, New Phytologist",Sichuan province,China
2634 ,Ang,Ericaceae,Rhododendron phaeochrysum,,0.15 ,0.09 ,,0.52 ,,3.325000008,0.42 ,782.00 ,7.326257104,1.4815,679.4209524,92.66621245,-13.25599957,3,29°55'N,102°01'E,"Xu, 2020, New Phytologist",Sichuan province,China
2551 ,Ang,Ericaceae,Rhododendron polylepis,,0.62 ,0.46 ,,0.44 ,,2.091666649,3.70 ,847.00 ,15.35548757,0.9333,618.9011041,93.37889157,-9.944000244,5,29°25'N,101°55'E,"Xu, 2020, New Phytologist",Sichuan province,China
2656 ,Ang,Ericaceae,Rhododendron polylepis,,0.50 ,0.42 ,,0.48 ,,2.074999998,3.00 ,858.00 ,6.066549556,0.9714,635.2643433,90.25313014,-10.72399998,8,29°35'N,102°02'E,"Xu, 2020, New Phytologist",Sichuan province,China
2674 ,Ang,Ericaceae,Rhododendron polylepis,,0.36 ,0.62 ,,0.40 ,,1.908333331,7.08 ,884.00 ,6.066549556,0.9004,638.6576091,89.54447083,-7.079999924,8,29°35'N,102°03'E,"Xu, 2020, New Phytologist",Sichuan province,China
2517 ,Ang,Ericaceae,Rhododendron telmateium,,,0.06 ,,,,3.708333373,-0.49 ,798.00 ,3.611983221,1.4773,676.958601,94.42575903,-14.30799961,3,29°31'N,101°43'E,"Xu, 2020, New Phytologist",Sichuan province,China
2214 ,Ang,Myrtaceae,Rhodomyrtus tomentosa,-1.10 ,2.95 ,0.50 ,,0.59 ,2.00 ,1.87499999,20.60 ,1835.00 ,0.759396395,1.3895,565.6792834,66.92045161,8.623999596,37,23°10' N,112°32' E,"This study; Zhu, 2013, Plant, Cell & Environment; Zhu, 2018, Tree Physiology",Guangdong Province,China
2899 ,Ang,Myrtaceae,Rhodomyrtus tomentosa,-1.10 ,3.73 ,,,0.67 ,,2.391666651,22.44 ,2177.00 ,0.679918148,1.613,520.8183658,75.162042,11.56799984,28,22°34' N,112°50' E,"Zhu, 2017, Forest Ecology and Management",Guangdong Province,China
1192 ,Ang,Anacardiaceae,Rhus chinensis,-2.42 ,3.60 ,,,0.45 ,,2.208333323,17.35 ,1684.00 ,0.676074042,1.5223,844.751388,58.67976924,1.547999978,45,29°05'N,117°55'E,"Kröber, 2014, PloS one",Jiangxi province,China
2695 ,Ang,Anacardiaceae,Rhus chinensis,,0.77 ,1.53 ,,0.41 ,,1.649999996,12.79 ,928.00 ,6.066549556,0.8259,567.4750116,90.2711391,-1.203999996,9,29°39'N,102°06'E,"Xu, 2020, New Phytologist",Sichuan province,China
2720 ,Ang,Anacardiaceae,Rhus chinensis,,,1.08 ,,,,1.524999996,12.54 ,926.00 ,6.066549556,0.8051,563.7753109,89.68643892,-1.220000029,9,29°39'N,102°08'E,"Xu, 2020, New Phytologist",Sichuan province,China
1087 ,Ang,Anacardiaceae,Rhus integrifolia,-1.80 ,2.07 ,,35.43 ,0.51 ,,3.633333345,16.29 ,426.00 ,1.125048534,0.4043,426.7080897,99.9189354,5.268000126,1,34°06' N,118°39' W,"Jacobsen, 2007c, Ecological Monographs",Southern California,USA
1908 ,Ang,Anacardiaceae,Rhus integrifolia,-1.54 ,,,,,,3.566666702,16.15 ,341.00 ,0.682563246,0.3127,321.3511065,99.04029823,7.554166794,1,33°24'N,118°24'W,"Ramirez, 2020, Conservation Physiology",California,USA
1197 ,Ang,Anacardiaceae,Rhus laurina,-2.40 ,,,,,,3.766666631,16.28 ,392.00 ,1.125048534,0.3355,347.5370192,99.93090982,6.93599987,0,34°02' N,118°42' W,"Langan, 1997, Plant, Cell and Environment","Pepperdine, California",USA
203 ,Ang,Anacardiaceae,Rhus ovata,-2.70 ,1.74 ,0.34 ,,,,3.62500002,15.59 ,480.00 ,0.788134638,0.5247,338.7349418,98.72914819,5.920000076,0,34°30' N,119°49' W,"Bhaskar, 2007, New Phytologist","Santa Barbara, California",USA
1035 ,Ang,Anacardiaceae,Rhus ovata,-0.89 ,2.23 ,,39.30 ,0.52 ,2.80 ,3.674999992,16.29 ,426.00 ,1.125048534,0.4373,426.7080897,99.9189354,5.268000126,1,34°06' N,118°39' W,"Jacobsen, 2005, Plant Physiology; Jacobsen, 2007b, Plant, Cell and Environment; Jacobsen, 2007c, Ecological Monographs; Jacobsen, 2008, New Phytologist; Hacke, 2009, Plant, Cell and Environment",Southern California,USA
1104 ,Ang,Anacardiaceae,Rhus ovata,-1.08 ,1.61 ,,31.20 ,0.56 ,,3.416666627,14.47 ,374.00 ,1.453334251,0.2615,669.9579101,94.28395293,-0.555999994,2,34°40' N,118°26' W,"Jacobsen, 2016, Plant, Cell and Environment",California,USA
1753 ,Ang,Anacardiaceae,Rhus ovata,-2.36 ,,,,,1.94 ,3.516666671,12.79 ,504.00 ,1.898801884,0.272,672.0120797,69.76744186,-2.676000118,3,33°35'N,116°27'W,"Paddock, 2013, Aliso",California,USA
1798 ,Ang,Anacardiaceae,Rhus ovata,-4.11 ,1.55 ,0.21 ,,0.67 ,,2.800000012,17.37 ,335.00 ,1.184487994,0.2555,500.2328626,87.24346036,3.43599987,2,33°29' N,117°09' W,"Pivovaroff, 2014, New Phytologist",Southern California,USA
1918 ,Ang,Anacardiaceae,Rhus ovata,-1.06 ,,,,,,3.033333361,15.72 ,443.00 ,1.235994051,0.4577,514.632028,90.34097219,2.019999981,2,33°39'N,117°24'W,"Ramirez, 2020, Conservation Physiology",California,USA
2798 ,Ang,Anacardiaceae,Rhus potaninii,,,0.39 ,26.42 ,,,2.141666661,9.62 ,592.00 ,0.661215941,0.635,902.384731,79.18673104,-9.227999687,4,35°09'N,108°45'E,"Yin, 2019, Forests",Shaanxi Province,China
209 ,Ang,Anacardiaceae,Rhus standleyii,-2.70 ,2.49 ,0.49 ,,,,2.074999968,16.95 ,555.00 ,1.307651315,0.3205,188.7757412,87.79243127,8.236000061,7,18°15' N,97°26' W,"Bhaskar, 2007, New Phytologist",Tehuacan Valey,Mexico
1088 ,Ang,Anacardiaceae,Rhus trilobata,-2.95 ,5.56 ,,39.78 ,0.48 ,,3.633333345,16.29 ,426.00 ,1.125048534,0.4043,426.7080897,99.9189354,5.268000126,1,34°06' N,118°39' W,"Jacobsen, 2007c, Ecological Monographs",Southern California,USA
414 ,Ang,Anacardiaceae,Rhus typhina,-2.41 ,3.65 ,1.18 ,30.66 ,0.46 ,,2.791666687,12.90 ,750.00 ,0.833278615,0.7018,1029.416139,109.3542796,-7.93599987,8,35°46'N,117°47'E,"Chen, 2019, 2020, 2021, Tree Physiology","Xintai, Shandong province",China
1374 ,Ang,Anacardiaceae,Rhus typhina,-4.09 ,8.10 ,,,,,2.949999968,12.32 ,728.00 ,0.838116128,0.6821,1035.001413,112.1710721,-8.795999527,6,36°26'N,117°27'E,"Liu, 2020, Frontiers in Plant Science","Jinan, Shandong province",China
1340 ,Ang,Grossulariaceae,Ribes alpestre,,1.13 ,0.52 ,,0.66 ,2.00 ,2.691666663,-0.05 ,665.00 ,0.355473692,0.8908,726.8398641,87.44356515,-16.45999908,2,34°19'N,102°44'E,"Liu, 2019, Science Advances",,China
2250 ,Ang,Grossulariaceae,Ribes alpestre,,1.13 ,0.54 ,,0.66 ,,2.24999996,2.97 ,569.00 ,0.37155782,0.6592,787.7826325,89.13040335,-15.11999989,1,34°59'N,102°54'E,"This study; Zhu, 2018, Tree Physiology",Gansu province,China
2478 ,Ang,Grossulariaceae,Ribes alpestre,,,0.33 ,,,,2.391666641,2.43 ,759.00 ,0.389803522,0.8267,661.8772376,97.80626751,-11.29199982,2,29°33'N,101°23'E,"Xu, 2020, New Phytologist",Sichuan province,China
2493 ,Ang,Grossulariaceae,Ribes alpestre,,,0.29 ,,,,2.691666643,2.55 ,774.00 ,6.982331523,0.9977,653.3985796,96.99491164,-11.75199986,2,29°28'N,101°32'E,"Xu, 2020, New Phytologist",Sichuan province,China
458 ,Ang,Grossulariaceae,Ribes alpinum,-3.57 ,,,,,,3.283333341,9.55 ,707.00 ,0.562120773,0.9201,581.9455584,27.5665858,-3.023999929,37,45°43'N,3°03'E,"Choat, 2012, Nature",Clermont-Ferrand,France
2552 ,Ang,Grossulariaceae,Ribes glaciale,,0.78 ,0.36 ,,0.67 ,,2.091666649,3.70 ,847.00 ,15.35548757,0.9333,618.9011041,93.37889157,-9.944000244,5,29°25'N,101°55'E,"Xu, 2020, New Phytologist",Sichuan province,China
2590 ,Ang,Grossulariaceae,Ribes glaciale,,,1.05 ,,,,2.458333294,0.75 ,846.00 ,38.61108759,1.0824,647.250795,90.57201924,-13,7,29°34'N,101°59'E,"Xu, 2020, New Phytologist",Sichuan province,China
2609 ,Ang,Grossulariaceae,Ribes glaciale,,1.31 ,1.30 ,,0.69 ,,2.324999978,0.75 ,846.00 ,38.61108759,1.0448,647.250795,90.57201924,-13,7,29°34'N,102°00'E,"Xu, 2020, New Phytologist",Sichuan province,China
2657 ,Ang,Grossulariaceae,Ribes glaciale,,1.24 ,1.05 ,,0.69 ,,2.074999998,3.00 ,858.00 ,6.066549556,0.9714,635.2643433,90.25313014,-10.72399998,8,29°35'N,102°02'E,"Xu, 2020, New Phytologist",Sichuan province,China
1341 ,Ang,Grossulariaceae,Ribes himalense,,1.66 ,0.67 ,,0.65 ,1.50 ,2.691666663,-0.05 ,665.00 ,0.355473692,0.8908,726.8398641,87.44356515,-16.45999908,2,34°19'N,102°44'E,"Liu, 2019, Science Advances",,China
2251 ,Ang,Grossulariaceae,Ribes himalense,,1.66 ,0.72 ,,0.65 ,,2.24999996,2.97 ,569.00 ,0.37155782,0.6592,787.7826325,89.13040335,-15.11999989,1,34°59'N,102°54'E,"This study; Zhu, 2018, Tree Physiology",Gansu province,China
2610 ,Ang,Grossulariaceae,Ribes longiracemosum,,1.04 ,0.86 ,,0.68 ,,2.324999978,0.75 ,846.00 ,38.61108759,1.0448,647.250795,90.57201924,-13,7,29°34'N,102°00'E,"Xu, 2020, New Phytologist",Sichuan province,China
2675 ,Ang,Grossulariaceae,Ribes longiracemosum,,0.90 ,1.58 ,,0.55 ,,1.908333331,7.08 ,884.00 ,6.066549556,0.9004,638.6576091,89.54447083,-7.079999924,8,29°35'N,102°03'E,"Xu, 2020, New Phytologist",Sichuan province,China
2278 ,Ang,Grossulariaceae,Ribes nigrum,,1.02 ,0.60 ,,0.67 ,,2.383333345,14.83 ,1141.00 ,0.681450467,1.1928,885.8909326,59.00553992,-2.440000057,20,31°48'N,114°04'E,"This study; Zhu, 2018, Tree Physiology",Henan province,China
2625 ,Ang,Grossulariaceae,Ribes takare,,0.65 ,0.28 ,,0.63 ,,3.25000002,0.42 ,782.00 ,7.326257104,1.3644,679.4209524,92.66621245,-13.25599957,3,29°54'N,102°00'E,"Xu, 2020, New Phytologist",Sichuan province,China
2635 ,Ang,Grossulariaceae,Ribes takare,,0.48 ,0.32 ,,0.60 ,,3.325000008,0.42 ,782.00 ,7.326257104,1.4815,679.4209524,92.66621245,-13.25599957,3,29°55'N,102°01'E,"Xu, 2020, New Phytologist",Sichuan province,China
250 ,Ang,Ericaceae ,Richea scoparia,,,,,0.55 ,,5.674999992,6.25 ,1531.00 ,0.387481756,2.0783,305.9782469,21.03196025,-2.220000029,85,42°40'S,146°37'E,"Blackman, 2014, Annals of Botany; Blackman, 2012, Oecologia; Blackman, 2010, New Phytologist",Tasmania,Australia
268 ,Ang,Ericaceae ,Richea scoparium,,0.13 ,0.05 ,,,,5.674999992,6.25 ,1531.00 ,0.387481756,2.0783,305.9782469,21.03196025,-2.220000029,85,42°40'S,146°37'E,"Brodribb & Feild, 2000, Plant, Cell and Environment",Tasmania,Australia
159 ,Ang,Violaceae,Rinorea passourea,-2.99 ,,,,,,1.341666689,26.36 ,1934.00 ,0.636951369,1.3225,59.60847558,71.64908622,21.23999977,32,2°31'S,54°35'W,"Barros, 2019, New Phytologist","Manaus, Amazonas",Brazil
1735 ,Ang,Violaceae,Rinorea racemosa,-4.18 ,,,,,,1.141666691,26.88 ,2216.00 ,0.839025411,1.3428,52.339996,49.8643603,22.24399948,59,03°08'S,59°53'W,"Oliveire, 2019, New Phytologist",Manaus,Brazil
415 ,Ang,Fabaceae,Robinia pseudoacacia,-2.07 ,4.37 ,0.35 ,40.90 ,0.65 ,,2.791666687,12.90 ,750.00 ,0.833278615,0.7018,1029.416139,109.3542796,-7.93599987,8,35°46'N,117°47'E,"Chen, 2019, 2020, 2021, Tree Physiology","Xintai, Shandong province",China
538 ,Ang,Fabaceae,Robinia pseudoacacia,-1.55 ,,,73.42 ,,11.41 ,2.199999988,10.34 ,439.00 ,0.837276485,0.4003,1058.052428,105.8021687,-12.22000027,3,37°26?N,112°32?E,"Dai, 2020, Plant Physiology and Biochemistry",Shanxi provience,China
1375 ,Ang,Fabaceae,Robinia pseudoacacia,-3.26 ,39.20 ,,,,,2.949999968,12.32 ,728.00 ,0.838116128,0.6821,1035.001413,112.1710721,-8.795999527,6,36°26'N,117°27'E,"Liu, 2020, Frontiers in Plant Science","Jinan, Shandong province",China
1975 ,Ang,Fabaceae,Robinia pseudoacacia,-2.59 ,,,,0.72 ,,2.224999984,13.22 ,1284.00 ,0.550608952,1.2953,680.3336276,20.82444629,0.263999999,70,45°38'N,13°48''E,"Savi, 2019, Tree Physiology",Trieste,Italy
2168 ,Ang,Fabaceae,Robinia pseudoacacia,,5.47 ,0.84 ,,0.52 ,,2.383333345,14.83 ,1141.00 ,0.681450467,1.1928,885.8909326,59.00553992,-2.440000057,20,31°48'N,114°04'E,This study,Henan province,China
2413 ,Ang,Fabaceae,Robinia pseudoacacia,-3.74 ,,,,,7.00 ,1.633333335,13.21 ,658.00 ,0.764636188,0.5317,946.8049481,73.17557611,-6.360000134,5,34°16' N,108°04'E,"Wang, 2014, Plan, Cell and environment",Shanxi province,China
3141 ,Ang,Fabaceae,Robinia pseudoacacia,-0.90 ,1.53 ,1.96 ,93.90 ,0.50 ,,2.266666661,9.30 ,519.00 ,0.702280034,0.5251,959.9457379,88.82626146,-10.55999947,2,35°58'N,110°05'E,"???, 2010, ????; ???, 2010, ????????",Shanxi province,China
3195 ,Ang,Fabaceae,Robinia pseudoacacia,-0.65 ,5.38 ,,,,,1.608333329,13.31 ,647.00 ,0.686999546,0.5277,948.9971862,72.73185173,-6.144000053,5,34°14´N,108°06´E,"???, 2012, ????",Shanxi province,China
1515 ,Ang,Annonaceae,Rollinia herzogii,,3.04 ,0.38 ,,0.50 ,,2.950000008,24.77 ,1143.00 ,0.998740338,0.6171,167.8732009,62.51391847,16.2159996,16,16°07' S,61°43' W,"Markesteijn et al, 2011a, 2011b","Near Conception, Santa Cruz",Bolivia
2151 ,Ang,Rosaceae,Rosa cymosa,,5.27 ,0.57 ,,0.66 ,,1.708333333,15.31 ,1184.00 ,0.558582058,1.1298,632.1588893,75.233605,1.911999941,18,26°15'N,105°80'E,This study,Guizhou Province,China
2721 ,Ang,Rosaceae,Rosa glomerata,,,0.64 ,,,,1.524999996,12.54 ,926.00 ,6.066549556,0.8051,563.7753109,89.68643892,-1.220000029,9,29°39'N,102°08'E,"Xu, 2020, New Phytologist",Sichuan province,China
2799 ,Ang,Rosaceae,Rosa hugonis,,,0.40 ,11.06 ,,,2.141666661,9.62 ,592.00 ,0.661215941,0.635,902.384731,79.18673104,-9.227999687,4,35°09'N,108°45'E,"Yin, 2019, Forests",Shaanxi Province,China
1342 ,Ang,Rosaceae,Rosa moyesii,,3.32 ,0.93 ,,0.59 ,2.50 ,2.691666663,-0.05 ,665.00 ,0.355473692,0.8908,726.8398641,87.44356515,-16.45999908,2,34°19'N,102°44'E,"Liu, 2019, Science Advances",,China
2252 ,Ang,Rosaceae,Rosa moyesii,,3.32 ,0.92 ,,0.59 ,,2.24999996,2.97 ,569.00 ,0.37155782,0.6592,787.7826325,89.13040335,-15.11999989,1,34°59'N,102°54'E,"This study; Zhu, 2018, Tree Physiology",Gansu province,China
2533 ,Ang,Rosaceae,Rosa moyesii,,1.98 ,0.85 ,,0.78 ,,2.433333337,5.86 ,847.00 ,15.35548757,1.0344,601.2807223,94.0150966,-7.832000256,5,29°27'N,101°53'E,"Xu, 2020, New Phytologist",Sichuan province,China
2573 ,Ang,Rosaceae,Rosa moyesii,,2.62 ,0.66 ,,0.67 ,,2.299999972,0.78 ,828.00 ,15.35548757,0.9958,691.690106,92.74818783,-13.50800037,4,29°22'N,101°55'E,"Xu, 2020, New Phytologist",Sichuan province,China
2421 ,Ang,Rosaceae,Rosa nutkana,-1.56 ,,,26.10 ,,,3.12499998,7.42 ,494.00 ,1.007528871,0.5303,842.2885333,18.36524204,-9.472000122,27,40°15' N,111°37' W,"Wheeler, 2005, Plant, Cell and Environment","Salt Lake City, Utah (UT)",USA
1343 ,Ang,Rosaceae,Rosa omeiensis,,1.53 ,0.62 ,,0.64 ,3.50 ,2.691666663,-0.05 ,665.00 ,0.355473692,0.8908,726.8398641,87.44356515,-16.45999908,2,34°19'N,102°44'E,"Liu, 2019, Science Advances",,China
2253 ,Ang,Rosaceae,Rosa omeiensis,,1.53 ,0.78 ,,0.64 ,,2.24999996,2.97 ,569.00 ,0.37155782,0.6592,787.7826325,89.13040335,-15.11999989,1,34°59'N,102°54'E,"This study; Zhu, 2018, Tree Physiology",Gansu province,China
2591 ,Ang,Rosaceae,Rosa omeiensis,,,1.84 ,,,,2.458333294,0.75 ,846.00 ,38.61108759,1.0824,647.250795,90.57201924,-13,7,29°34'N,101°59'E,"Xu, 2020, New Phytologist",Sichuan province,China
2611 ,Ang,Rosaceae,Rosa omeiensis,,0.84 ,1.43 ,,0.69 ,,2.324999978,0.75 ,846.00 ,38.61108759,1.0448,647.250795,90.57201924,-13,7,29°34'N,102°00'E,"Xu, 2020, New Phytologist",Sichuan province,China
2479 ,Ang,Rosaceae,Rosa soulieana,,,0.44 ,,,,2.391666641,2.43 ,759.00 ,0.389803522,0.8267,661.8772376,97.80626751,-11.29199982,2,29°33'N,101°23'E,"Xu, 2020, New Phytologist",Sichuan province,China
3142 ,Ang,Rosaceae,Rosa xanthina,-3.57 ,1.32 ,0.44 ,32.50 ,0.66 ,,2.266666661,9.30 ,519.00 ,0.702280034,0.5251,959.9457379,88.82626146,-10.55999947,2,35°58'N,110°05'E,"???, 2010, ????; ???, 2010, ????????",Shanxi province,China
455 ,Ang,Lamiaceae,Rosmarinus officinalis,-9.40 ,,,,,,3.699999948,17.92 ,307.00 ,0.933144571,0.2751,534.1157013,47.51409588,5.993750095,5,38°20'N,0°32'W,"Choat, 2012, Nature",Alicante,Spain
2658 ,Ang,Rosaceae,Rubus delavayi,,0.72 ,1.47 ,,0.59 ,,2.074999998,3.00 ,858.00 ,6.066549556,0.9714,635.2643433,90.25313014,-10.72399998,8,29°35'N,102°02'E,"Xu, 2020, New Phytologist",Sichuan province,China
2461 ,Ang,Rosaceae,Rubus lambertianus,,0.47 ,0.89 ,,0.47 ,,2.308333327,5.61 ,751.00 ,2.957267348,0.6981,607.8590627,99.25253833,-9.423999786,2,29°23'N,101°01'E,"Xu, 2020, New Phytologist",Sichuan province,China
2696 ,Ang,Rosaceae,Rubus lambertianus,,2.73 ,3.45 ,,0.59 ,,1.649999996,12.79 ,928.00 ,6.066549556,0.8259,567.4750116,90.2711391,-1.203999996,9,29°39'N,102°06'E,"Xu, 2020, New Phytologist",Sichuan province,China
2422 ,Ang,Rosaceae,Rubus leucodermis,-1.61 ,,,36.80 ,,,3.12499998,7.42 ,494.00 ,1.007528871,0.5303,842.2885333,18.36524204,-9.472000122,27,40°15' N,111°37' W,"Wheeler, 2005, Plant, Cell and Environment","Salt Lake City, Utah (UT)",USA
2739 ,Ang,Rosaceae,Rubus macilentus,,1.98 ,0.32 ,,0.53 ,,1.299999992,13.24 ,983.00 ,2.92760473,0.7174,576.9135477,90.39955827,-0.60799998,10,29°26'N,102°10'E,"Xu, 2020, New Phytologist",Sichuan province,China
2697 ,Ang,Rosaceae,Rubus mesogaeus,,0.81 ,1.60 ,,0.42 ,,1.649999996,12.79 ,928.00 ,6.066549556,0.8259,567.4750116,90.2711391,-1.203999996,9,29°39'N,102°06'E,"Xu, 2020, New Phytologist",Sichuan province,China
2423 ,Ang,Rosaceae,Rubus parviflorus,-1.56 ,,,37.60 ,,,3.12499998,7.42 ,494.00 ,1.007528871,0.5303,842.2885333,18.36524204,-9.472000122,27,40°15' N,111°37' W,"Wheeler, 2005, Plant, Cell and Environment","Salt Lake City, Utah (UT)",USA
2676 ,Ang,Rosaceae,Rubus pentagonus,,1.30 ,2.44 ,,0.61 ,,1.908333331,7.08 ,884.00 ,6.066549556,0.9004,638.6576091,89.54447083,-7.079999924,8,29°35'N,102°03'E,"Xu, 2020, New Phytologist",Sichuan province,China
2592 ,Ang,Rosaceae,Rubus pungens,,,4.72 ,,,,2.458333294,0.75 ,846.00 ,38.61108759,1.0824,647.250795,90.57201924,-13,7,29°34'N,101°59'E,"Xu, 2020, New Phytologist",Sichuan province,China
2553 ,Ang,Rosaceae,Rubus pungens var. oldhamii,,1.15 ,0.85 ,,0.42 ,,2.091666649,3.70 ,847.00 ,15.35548757,0.9333,618.9011041,93.37889157,-9.944000244,5,29°25'N,101°55'E,"Xu, 2020, New Phytologist",Sichuan province,China
2612 ,Ang,Rosaceae,Rubus pungens var. oldhamii,,1.74 ,1.83 ,,0.56 ,,2.324999978,0.75 ,846.00 ,38.61108759,1.0448,647.250795,90.57201924,-13,7,29°34'N,102°00'E,"Xu, 2020, New Phytologist",Sichuan province,China
2462 ,Ang,Rosaceae,Rubus setchuenensis,,1.08 ,0.76 ,,0.49 ,,2.308333327,5.61 ,751.00 ,2.957267348,0.6981,607.8590627,99.25253833,-9.423999786,2,29°23'N,101°01'E,"Xu, 2020, New Phytologist",Sichuan province,China
2698 ,Ang,Rosaceae,Rubus setchuenensis,,3.66 ,1.85 ,,0.55 ,,1.649999996,12.79 ,928.00 ,6.066549556,0.8259,567.4750116,90.2711391,-1.203999996,9,29°39'N,102°06'E,"Xu, 2020, New Phytologist",Sichuan province,China
2554 ,Ang,Sabiaceae,Sabia yunnanensis subsp. Latifolia,,4.18 ,1.87 ,,0.42 ,,2.091666649,3.70 ,847.00 ,15.35548757,0.9333,618.9011041,93.37889157,-9.944000244,5,29°25'N,101°55'E,"Xu, 2020, New Phytologist",Sichuan province,China
749 ,Ang,Humiriaceae,Sacoglottis guianensis,-1.70 ,,,,,,1.216666679,26.65 ,2208.00 ,0.877515311,1.378,54.49266593,47.26506448,21.69600105,80,2°09'S,59°00'W,"Fontes, 2020, New Phytologist",Amazon Tall Tower Observatory (ATTO),Brazil
1594 ,Ang,Celastraceae,Salacia multiflora,-0.92 ,5.57 ,0.16 ,,0.68 ,,1.974999984,26.20 ,2501.00 ,0.620433427,2.4056,55.1326178,61.10977054,22.31999969,24,9°17' N,79°58' W,"Medina-Vega, 2021, Journal of Ecology",near the Caribbean coast of Panama,Panama
446 ,Ang,Salicaceae,Salix arenaria,-2.32 ,,,,,,3.641666651,14.26 ,1245.00 ,0.539775359,1.5304,441.953685,25.0208918,4.788000107,59,43°31'N,1°30'W,"Choat, 2012, Nature",Biarrtiz,France
539 ,Ang,Salicaceae,Salix babylonica,-2.08 ,,,33.21 ,,13.07 ,2.199999988,10.34 ,439.00 ,0.837276485,0.4003,1058.052428,105.8021687,-12.22000027,3,37°26?N,112°32?E,"Dai, 2020, Plant Physiology and Biochemistry",Shanxi provience,China
492 ,Ang,Salicaceae,Salix caprea,-2.22 ,,,,,,2.699999988,11.29 ,598.00 ,0.592509912,0.6645,603.3775522,38.21785488,-2.052000046,27,45°47' N,3°09' E,"Cochard, 2005, Cochard, Physiologia Plantarum",Clermont-Ferrand,France
2574 ,Ang,Salicaceae,Salix cathayana,,0.18 ,0.24 ,,0.44 ,,2.299999972,0.78 ,828.00 ,15.35548757,0.9958,691.690106,92.74818783,-13.50800037,4,29°22'N,101°55'E,"Xu, 2020, New Phytologist",Sichuan province,China
462 ,Ang,Salicaceae,Salix cinerea,-1.99 ,,,,,,2.699999988,11.29 ,598.00 ,0.592509912,0.6645,603.3775522,38.21785488,-2.052000046,27,45°47'N,3°08'E,"Choat, 2012, Nature",Clermont-Ferrand,France
469 ,Ang,Salicaceae,salix dasyclados,-1.65 ,,,,,,1.449999993,-5.20 ,373.00 ,0.362357696,0.5461,1540.629759,115.0483303,-36.10800171,2,53°25'N,113°32'W,"Christensen-Dalsgaard?Tyree, 2013, 2014",Alberta,Canada
2427 ,Ang,Salicaceae,Salix exigua,-1.31 ,,,30.20 ,,,3.12499998,7.42 ,494.00 ,1.007528871,0.5303,842.2885333,18.36524204,-9.472000122,27,40°47' N,111°48' W,"Wheeler, 2005, Plant, Cell and Environment","East of Salt Lake City, Utah (UT)",USA
2518 ,Ang,Salicaceae,Salix flabellaris,,,0.14 ,,,,3.708333373,-0.49 ,798.00 ,3.611983221,1.4773,676.958601,94.42575903,-14.30799961,3,29°31'N,101°43'E,"Xu, 2020, New Phytologist",Sichuan province,China
463 ,Ang,Salicaceae,Salix fragilis,-1.39 ,,,,,,2.699999988,11.29 ,598.00 ,0.592509912,0.6645,603.3775522,38.21785488,-2.052000046,27,45°47'N,3°08'E,"Choat, 2012, Nature",Clermont-Ferrand,France
1820 ,Ang,Salicaceae,Salix gooddingii,-1.29 ,2.50 ,,28.24 ,,,3.041666667,18.41 ,391.00 ,1.813401252,0.2265,703.9524282,77.36163668,-0.032000002,5,32°01' N,110°37' W,"Pockman & Sperry, 2000, American Journal of Botany","Pima County, Arizona",USA
923 ,Ang,Salicaceae,Salix gordejevii,-1.28 ,4.10 ,0.54 ,,,,3.399999996,6.89 ,428.00 ,0.911477495,0.4092,1372.242874,114.5119983,-19.15999985,2,43°48?N,121°03?E,"Gong, 2020, Forest Ecology and Management",Inner Mongolia,China
1348 ,Ang,Salicaceae,Salix gordejevii,,1.81 ,0.25 ,,0.47 ,2.00 ,3.033333321,6.98 ,403.00 ,0.919943515,0.3812,1312.006948,111.2644035,-17.76000023,2,43°02'N,119°39'E,"Liu, 2019, Science Advances",Inner Mongolia,China
1349 ,Ang,Salicaceae,Salix linearistipularis,,2.52 ,0.41 ,,0.52 ,2.00 ,3.033333321,6.98 ,403.00 ,0.919943515,0.3812,1312.006948,111.2644035,-17.76000023,2,43°02'N,119°39'E,"Liu, 2019, Science Advances",Inner Mongolia,China
1355 ,Ang,Salicaceae,Salix matsudana,,4.39 ,0.61 ,,0.35 ,8.47 ,1.833333333,3.27 ,661.00 ,0.432660541,0.8044,1257.058799,95.56655616,-21.12800026,5,42°24'N,128°29'E,"Liu, 2019, Science Advances",Jilin Province,China
1220 ,Ang,Salicaceae,Salix psammophila,-1.63 ,10.17 ,0.66 ,,0.46 ,3.00 ,2.516666691,7.94 ,419.00 ,0.848656892,0.4289,1161.44435,105.9233403,-16.55999947,2,38°48' N,110°24'E,"Li, 2016, Ecological Research",Shaanxi Province,China
459 ,Ang,Salicaceae,Salix purpurea,-1.97 ,,,,,,3.283333341,9.55 ,707.00 ,0.562120773,0.9201,581.9455584,27.5665858,-3.023999929,37,45°43'N,3°03'E,"Choat, 2012, Nature",Clermont-Ferrand,France
2254 ,Ang,Salicaceae,Salix rehderiana,,1.09 ,0.42 ,,0.39 ,,2.24999996,2.97 ,569.00 ,0.37155782,0.6592,787.7826325,89.13040335,-15.11999989,1,34°59'N,102°54'E,"This study; Zhu, 2018, Tree Physiology",Gansu province,China
2626 ,Ang,Salicaceae,Salix sclerophylla,,0.55 ,0.26 ,,0.44 ,,3.25000002,0.42 ,782.00 ,7.326257104,1.3644,679.4209524,92.66621245,-13.25599957,3,29°54'N,102°00'E,"Xu, 2020, New Phytologist",Sichuan province,China
2636 ,Ang,Salicaceae,Salix sclerophylla,,0.24 ,0.40 ,,0.42 ,,3.325000008,0.42 ,782.00 ,7.326257104,1.4815,679.4209524,92.66621245,-13.25599957,3,29°55'N,102°01'E,"Xu, 2020, New Phytologist",Sichuan province,China
2627 ,Ang,Salicaceae,Salix spodiophylla,,0.23 ,0.67 ,,0.37 ,,3.25000002,0.42 ,782.00 ,7.326257104,1.3644,679.4209524,92.66621245,-13.25599957,3,29°54'N,102°00'E,"Xu, 2020, New Phytologist",Sichuan province,China
2411 ,Ang,Salicaceae,Salix spp.,,0.52 ,0.44 ,,,,2.083333304,4.38 ,623.00 ,0.440778781,0.7914,893.3477051,24.3006326,-15.5880003,33,53°45' N,122°42' W,"Wang, 2005,  Can. J. For. Res.","Prince George, British Columbia",Canada
2255 ,Ang,Salicaceae,Salix taoensis,,1.58 ,0.45 ,,0.40 ,,2.24999996,2.97 ,569.00 ,0.37155782,0.6592,787.7826325,89.13040335,-15.11999989,1,34°59'N,102°54'E,"This study; Zhu, 2018, Tree Physiology",Gansu province,China
2699 ,Ang,Salicaceae,Salix variegata,,,0.40 ,,,,1.649999996,12.79 ,928.00 ,6.066549556,0.8259,567.4750116,90.2711391,-1.203999996,9,29°39'N,102°06'E,"Xu, 2020, New Phytologist",Sichuan province,China
2463 ,Ang,Salicaceae,Salix wallichiana,,0.27 ,0.65 ,,0.42 ,,2.308333327,5.61 ,751.00 ,2.957267348,0.6981,607.8590627,99.25253833,-9.423999786,2,29°23'N,101°01'E,"Xu, 2020, New Phytologist",Sichuan province,China
2480 ,Ang,Salicaceae,Salix wallichiana,,,0.89 ,,,,2.391666641,2.43 ,759.00 ,0.389803522,0.8267,661.8772376,97.80626751,-11.29199982,2,29°33'N,101°23'E,"Xu, 2020, New Phytologist",Sichuan province,China
2700 ,Ang,Salicaceae,Salix wallichiana,,1.00 ,0.82 ,,0.43 ,,1.649999996,12.79 ,928.00 ,6.066549556,0.8259,567.4750116,90.2711391,-1.203999996,9,29°39'N,102°06'E,"Xu, 2020, New Phytologist",Sichuan province,China
2512 ,Ang,Salicaceae,Salix wuxuhaiensis,,,0.27 ,,,,2.924999992,0.31 ,780.00 ,3.611983221,1.1344,674.6779187,95.99849388,-13.99600029,2,29°31'N,101°40'E,"Xu, 2020, New Phytologist",Sichuan province,China
1648 ,Ang,Chenopodiaceae,Salsola genistoides,-1.84 ,0.01 ,0.10 ,,,,3.416666687,16.76 ,268.00 ,0.920882824,0.267,590.3075718,50.05748087,3.351999998,2,37°01' N,2°25' W,"Miranda, 2010, Functional Plant Biology","Tamernas, Almeria Province",Spain
1649 ,Ang,Chenopodiaceae,Salsola oppositifolia,-3.17 ,0.04 ,0.10 ,,,,3.416666687,16.76 ,268.00 ,0.920882824,0.267,590.3075718,50.05748087,3.351999998,2,37°01' N,2°25' W,"Miranda, 2010, Functional Plant Biology","Tamernas, Almeria Province",Spain
210 ,Ang,Lamiaceae,Salvia candicans,-7.30 ,0.73 ,0.14 ,,,,2.074999968,16.95 ,555.00 ,1.307651315,0.3205,188.7757412,87.79243127,8.236000061,7,18°15' N,97°26' W,"Bhaskar, 2007, New Phytologist",Tehuacan Valey,Mexico
1071 ,Ang,Lamiaceae,Salvia leucophylla,-1.68 ,2.07 ,,38.47 ,0.50 ,1.20 ,3.766666631,16.28 ,392.00 ,1.125048534,0.3894,347.5370192,99.93090982,6.93599987,0,34°03' N,118°42' W,"Jacobsen, 2007b, Plant, Cell and Environment; Jacobsen, 2008, New Phytologist; Hacke, 2009, Plant, Cell and Environment",Southern California,USA
204 ,Ang,Lamiaceae,Salvia mellifera,-8.30 ,1.19 ,0.29 ,,,,3.62500002,15.59 ,480.00 ,0.788134638,0.5247,338.7349418,98.72914819,5.920000076,0,34°30' N,119°49' W,"Bhaskar, 2007, New Phytologist","Santa Barbara, California",USA
1079 ,Ang,Lamiaceae,Salvia mellifera,-3.08 ,1.96 ,0.27 ,30.78 ,0.53 ,1.43 ,3.766666631,16.28 ,392.00 ,1.125048534,0.3894,347.5370192,99.93090982,6.93599987,0,34°03' N,118°42' W,"Jacobsen, 2007b, Plant, Cell and Environment; Jacobsen, 2008, New Phytologist; Hacke, 2009, Plant, Cell and Environment; Kolb & Davis, 1994, Ecology",Southern California,USA
1803 ,Ang,Lamiaceae,Salvia mellifera,-2.01 ,0.70 ,0.10 ,,0.61 ,,2.800000012,17.37 ,335.00 ,1.184487994,0.2555,500.2328626,87.24346036,3.43599987,2,33°29' N,117°09' W,"Pivovaroff, 2014, New Phytologist; Pivovaroff, 2016, Oecologia",Southern California,USA
1976 ,Ang,Lamiaceae,Salvia officinalis,-3.08 ,,,,0.58 ,,2.224999984,13.22 ,1284.00 ,0.550608952,1.2953,680.3336276,20.82444629,0.263999999,70,45°38'N,13°48''E,"Savi, 2019, Tree Physiology",Trieste,Italy
N53,Ang,Fabaceae,Samanea saman,,5.79 ,0.44 ,,0.54 ,,3.533333381,26.60 ,1633.00 ,1.163631518,1.0017,80.14568299,93.82169736,21.43599892,2,10°43?31.39?N,85°35?46.99?W,"Vargas, 2021, New Phytologist",Horizontes,Costa Rica
2424 ,Ang,Adoxaceae,Sambucus caerulea,-1.43 ,,,37.60 ,,,3.12499998,7.42 ,494.00 ,1.007528871,0.5303,842.2885333,18.36524204,-9.472000122,27,40°15' N,111°37' W,"Wheeler, 2005, Plant, Cell and Environment","Salt Lake City, Utah (UT)",USA
464 ,Ang,Adoxaceae,Sambucus nigra,-1.52 ,,,,,,2.699999988,11.29 ,598.00 ,0.592509912,0.6645,603.3775522,38.21785488,-2.052000046,27,45°47'N,3°08'E,"Choat, 2012, Nature",Clermont-Ferrand,France
1799 ,Ang,Adoxaceae,Sambucus nigra,-1.95 ,2.64 ,0.25 ,,0.40 ,,2.800000012,17.37 ,335.00 ,1.184487994,0.2555,500.2328626,87.24346036,3.43599987,2,33°29' N,117°09' W,"Pivovaroff, 2014, New Phytologist",Southern California,USA
1662 ,Ang,Santalaceae,Santalum accuminatum,,1.72 ,0.03 ,28.83 ,0.91 ,,3.441666683,16.82 ,359.00 ,1.116587761,0.2473,521.4274796,49.21736532,2.692000151,11,32°19' S,117°52' E,"Mitchell, 2008, Oecologia",Western Australia,Australia
880 ,Ang,Santalaceae,Santalum acuminatum,,1.21 ,0.20 ,24.92 ,0.72 ,5.00 ,2.758333325,17.54 ,410.00 ,1.496945786,0.2873,613.9776951,14.54176838,1.675999999,26,32°58' S,146°10' E,"Gleason, 2012, Functional Ecology; Blackman, 2014, Annals of Botany",New South Wales,Australia
13 ,Ang,Burseraceae,Santiria apiculata,,2.43 ,0.36 ,44.10 ,,29.40 ,1.208333343,21.09 ,1997.00 ,0.725864083,1.393,41.63576929,29.39761851,15.43999958,96,1°29'S,120°04'E,"Alexandra, 2010, Flora",Central Sulawesi,Indonesia
2817 ,Ang,Burseraceae,Santiria apiculata,,2.43 ,0.36 ,44.10 ,,29.40 ,1.166666677,21.09 ,1997.00 ,0.725864083,1.3865,41.63576929,29.39761851,15.43999958,96,1°29'S,120°04'E,"Zach, 2010, Flora",Sulawesi,Indonesia
1193 ,Ang,Sapindaceae,Sapindus saponaria,-3.57 ,1.76 ,,,0.73 ,,2.208333323,17.35 ,1684.00 ,0.676074042,1.5223,844.751388,58.67976924,1.547999978,45,29°05'N,117°55'E,"Kröber, 2014, PloS one",Jiangxi province,China
1194 ,Ang,Euphorbiaceae,Sapium discolor,-1.28 ,1.28 ,,,0.39 ,,2.208333323,17.35 ,1684.00 ,0.676074042,1.5223,844.751388,58.67976924,1.547999978,45,29°05'N,117°55'E,"Kröber, 2014, PloS one",Jiangxi province,China
N54,Ang,Euphorbiaceae,Sapium glandulosum,,,,,0.47 ,,3.533333381,26.60 ,1633.00 ,1.163631518,1.0017,80.14568299,93.82169736,21.43599892,2,10°43?31.39?N,85°35?46.99?W,"Vargas, 2021, New Phytologist",Horizontes,Costa Rica
1313 ,Ang,Euphorbiaceae,Sapium japonicum,,0.20 ,,,0.53 ,,2.383333345,16.19 ,1749.00 ,0.606894284,1.7554,831.410251,57.04453011,1.052000046,44,29°15' N,118°07' E,"Liu, 2016, Ecology",Zhejiang province,China
3177 ,Ang,Euphorbiaceae,Sapium rotundifolium,-0.87 ,,,,0.51 ,,1.575000008,21.79 ,1244.00 ,0.682104923,0.9054,514.7271923,76.36396698,9.815999985,19,22°07'N,106°45'E,"???, 2019, ??????",Guangxi province,China
650 ,Ang,Euphorbiaceae ,Sapium sebiferum,-0.65 ,4.58 ,1.01 ,,,,1.533333331,17.19 ,1259.00 ,0.599097986,1.063,606.2322877,78.61021309,4.047999859,17,25°42' N,105°35' E,"Fan, 2011, Tree Physiology; Fan, 2018, Forest Ecosystems",Guizhou Province,China
1195 ,Ang,Euphorbiaceae,Sapium sebiferum,-4.32 ,11.01 ,,,0.50 ,,2.208333323,17.35 ,1684.00 ,0.676074042,1.5223,844.751388,58.67976924,1.547999978,45,29°05'N,117°55'E,"Kröber, 2014, PloS one",Jiangxi province,China
2854 ,Ang,Fabaceae,Saraca dives,-1.20 ,2.47 ,0.86 ,,0.53 ,,1.575000008,21.79 ,1244.00 ,0.682104923,0.9054,514.7271923,76.36396698,9.815999985,19,22°07'N,106°45'E,"Zhang, 2021, Functional Ecology",Guangxi province,China
2178 ,Ang,Sapotaceae ,Sarcosperma laurinum,-3.14 ,1.25 ,0.77 ,,0.45 ,,1.87499999,20.60 ,1835.00 ,0.759396395,1.3895,565.6792834,66.92045161,8.623999596,37,23°10' N,112°32' E,"This study; Zhu, 2013, Plant, Cell & Environment",Guangdong Province,China
2215 ,Ang,Actinidiaceae ,Saurauia tristyla,-0.65 ,1.12 ,1.38 ,,0.39 ,6.00 ,1.87499999,20.60 ,1835.00 ,0.759396395,1.3895,565.6792834,66.92045161,8.623999596,37,23°10' N,112°32' E,"This study; Zhu, 2013, Plant, Cell & Environment; Zhu, 2018, Tree Physiology",Guangdong Province,China
2236 ,Ang,Araliaceae,Schefflera heptaphylla,,2.57 ,0.47 ,,0.47 ,15.00 ,1.87499999,20.60 ,1835.00 ,0.759396395,1.3895,565.6792834,66.92045161,8.623999596,37,23°10' N,112°32' E,"This study; Zhu, 2013, Plant, Cell & Environment; Zhu, 2019, Tree Physiology",Guangdong Province,China
310 ,Ang,Araliaceae,Schefflera macrocarpa,-1.72 ,2.14 ,0.32 ,,0.56 ,3.55 ,1.816666663,20.44 ,1516.00 ,0.963975451,1.09,123.7480541,79.60995496,11.52799988,8,15°56' S,47°53' W,"Bucci, 2006, Plant Cell and Environment",33 km south of Brasilia,Brasil
316 ,Ang,Araliaceae,Schefflera macrocarpa,,,0.06 ,,0.55 ,3.54 ,1.816666663,20.44 ,1516.00 ,0.963975451,1.09,123.7480541,79.60995496,11.52799988,8,15°56' S,47°53' W,"Bucci, 2008, Brazilian Journal of Plant Physiology; Bucci, 2004, Tree Physiology; Scholz, 2007, Plant Cell and Environment; Gotsch, 2010, Oecologia",south of Brasilia,Brazil
952 ,Ang,Araliaceae,Schefflera morototoni,,,0.05 ,,0.37 ,,1.816666663,20.44 ,1516.00 ,0.963975451,1.0732,123.7480541,79.60995496,11.52799988,8,15°56'S,47°53'W,"Gotsch, 2010, Oecologia",cerrado of central Brazil,Brazil
3114 ,Ang,Araliaceae,Schefflera morototoni,-1.49 ,,,,0.28 ,22.00 ,1.608333349,26.51 ,2440.00 ,0.651162324,1.8771,63.25839735,64.44993932,22.71999931,16,9°10' N,79°51' W,"Zotz, 1994, New Phytologist; Meinzer, 2003, Plant Cell and Environment; Tyree, 1991, Plant Physiology",the edge of Panama City,Panama
1196 ,Ang,Theaceae,Schima superba,-5.65 ,1.47 ,,,0.56 ,,2.208333323,17.35 ,1684.00 ,0.676074042,1.5223,844.751388,58.67976924,1.547999978,45,29°05'N,117°55'E,"Kröber, 2014, PloS one",Jiangxi province,China
1314 ,Ang,Theaceae,Schima superba,,1.62 ,,,0.48 ,,2.383333345,16.19 ,1749.00 ,0.606894284,1.7554,831.410251,57.04453011,1.052000046,44,29°15' N,118°07' E,"Liu, 2016, Ecology",Zhejiang province,China
2161 ,Ang,Theaceae,Schima superba,,1.35 ,,,0.50 ,,2.033333292,17.68 ,1677.00 ,0.640949642,1.3692,655.2663136,66.08128464,4.271999836,35,24°30'N,113°12'E,This study,Guangdong province,China
2226 ,Ang,Theaceae,Schima superba,-4.96 ,2.82 ,0.64 ,,0.57 ,,1.87499999,20.60 ,1835.00 ,0.759396395,1.3895,565.6792834,66.92045161,8.623999596,37,23°10' N,112°32' E,"This study; Zhu, 2013, Plant, Cell & Environment; Zhu, 2018, Tree Physiology; Zhu, 2019, Tree Physiology",Guangdong Province,China
2873 ,Ang,Theaceae,Schima superba,,1.03 ,0.16 ,,0.56 ,,3.800000052,17.04 ,1262.00 ,0.591932528,1.3539,825.8536277,42.18081321,2.092000008,45,29°52'N,121°39'E,"Zhao, 2016, Chinese Journal of Plant Ecology",Zhejiang Province,China
2904 ,Ang,Theaceae ,Schima superba,-5.19 ,3.11 ,0.63 ,,0.55 ,,2.391666651,22.44 ,2177.00 ,0.679918148,1.613,520.8183658,75.162042,11.56799984,28,22°34' N,112°50' E,"Zhu, 2017, Forest Ecology and Management; Tang, 2018, Global Ecology and Conservation",Guangdong Province,China
2991 ,Ang,Theaceae,Schima wallichii,-3.41 ,,,,,,1.866666645,20.60 ,1835.00 ,0.759396395,1.4258,565.6792834,66.92045161,8.623999596,37,23°10'N,112°31'E,"Zhu, 2018, Tree Physiology",Guangdong Province,China
1516 ,Ang,Anacardiaceae,Schinopsis brasiliensis,,2.30 ,0.72 ,,0.51 ,,2.950000008,24.77 ,1143.00 ,0.998740338,0.6171,167.8732009,62.51391847,16.2159996,16,16°07' S,61°43' W,"Markesteijn et al, 2011a, 2011b","Near Conception, Santa Cruz",Bolivia
338 ,Ang,Anacardiaceae,Schinus johnstonii,-3.59 ,0.13 ,0.05 ,7.60 ,0.47 ,2.10 ,6.283333381,9.38 ,136.00 ,0.64518605,0.1852,473.02423,46.29868929,-2.947999954,4,46°31' S,71°03' W,"Bucci, 2013, Plant, Cell & Environment? Bucci, 2009, Oecologia",northwest Santa Cruz,Argentina
1800 ,Ang,Anacardiaceae,Schinus molle,-1.51 ,5.27 ,0.41 ,,0.47 ,,2.800000012,17.37 ,335.00 ,1.184487994,0.2555,500.2328626,87.24346036,3.43599987,2,33°29' N,117°09' W,"Pivovaroff, 2014, New Phytologist",Southern California,USA
2006 ,Ang,Anacardiaceae,Schinus patagonicus,-3.05 ,,,,,,4.458333333,8.32 ,930.00 ,0.540178555,1.0102,436.8447751,57.49700711,-3.263999939,27,41°08'S,71°19'W,"Sergent, 2020, Forest Ecology and Management",Río Negro Province,Argentina
2071 ,Ang,Schisandraceae,Schisandra glabra,-1.06 ,,,,,,2.433333327,15.02 ,1563.00 ,0.801306707,1.1565,742.1972705,10.97933818,-2.104000092,116,34°40' N,83°21' W,"Sperry, 2007, International Journal of Plant Sciences",Georgia,USA
2534 ,Ang,Schisandraceae,Schisandra grandiflora,,,0.57 ,,,,2.433333337,5.86 ,847.00 ,15.35548757,1.0344,601.2807223,94.0150966,-7.832000256,5,29°27'N,101°53'E,"Xu, 2020, New Phytologist",Sichuan province,China
2555 ,Ang,Schisandraceae,Schisandra grandiflora,,0.03 ,0.52 ,,0.48 ,,2.091666649,3.70 ,847.00 ,15.35548757,0.9333,618.9011041,93.37889157,-9.944000244,5,29°25'N,101°55'E,"Xu, 2020, New Phytologist",Sichuan province,China
321 ,Ang,Leguminosae,Sclerolobium paniculatum,-3.30 ,,,,0.62 ,7.30 ,1.816666663,20.44 ,1516.00 ,0.963975451,1.09,123.7480541,79.60995496,11.52799988,8,15°56' S,47°53' W,"Bucci, 2008, Brazilian Journal of Plant Physiology; Zhang, 2009, Plant Cell and Environment; Scholz, 2007, Plant Cell and Environment",south of Brasilia,Brazil
147 ,Ang,Malvaceae,Scleronema micranthum,-1.77 ,,,,,,1.166666687,26.44 ,2352.00 ,0.788916395,1.4227,44.22227014,42.47501585,21.47200012,81,2°37'S,60°13'W,"Barros, 2019, New Phytologist","Manaus, Amazonas",Brazil
1058 ,Ang,Anacardiaceae,Searsia undulata,-1.69 ,6.25 ,,33.12 ,0.76 ,2.00 ,3.683333317,14.30 ,602.00 ,1.077447454,0.5989,373.0088434,47.52210499,2.832000017,25,33°56' S,19°31' E,"Jacobsen, 2007a, 2009",Western Cape Province,South Africa
1244 ,Ang,Euphorbiaceae,Sebastiania macrocarpa,,,,,0.62 ,,1.950000008,26.56 ,879.00 ,1.02707824,0.5112,59.08015702,114.9634108,20.78000069,2,3°47'S,39°16'W,"Lima, 2018, New Phytologist",northeastern Brazil,Brazil
N101,Ang,Euphorbiaceae,Sebastiania pavoniana,,,,,0.58 ,,3.533333381,26.60 ,1633.00 ,1.163631518,1.0017,80.14568299,93.82169736,21.43599892,2,10°43?31.39?N,85°35?46.99?W,"Vargas, 2021, New Phytologist",Santa Rosa,Costa Rica
2838 ,Ang,Anacardiaceae,Semecarpus reticulata,-1.90 ,1.22 ,,,0.33 ,,1.225000004,20.88 ,1683.00 ,0.85605524,1.0122,338.2657063,78.45212263,10.92399979,17,21°36?N,101°35?E,"Zhang, 2019, Tree Physiology",Yunnan province,China
695 ,Ang,Anacardiaceae,Semecarpus reticulatus,,,,155.90 ,0.58 ,26.19 ,1.266666651,21.56 ,1641.00 ,0.894353661,0.9726,335.0943307,76.6728934,11.23200035,16,21°41' N,101°25' E,"Fan, 2012, Journal of Ecology",Yunnan Province,China
N55,Ang,Celastraceae,Semialarium mexicanum,,,,,0.56 ,,3.533333381,26.60 ,1633.00 ,1.163631518,1.0017,80.14568299,93.82169736,21.43599892,2,10°43?31.39?N,85°35?46.99?W,"Vargas, 2021, New Phytologist",Horizontes,Costa Rica
339 ,Ang,Asteraceae,Senecio filaginoides,-4.99 ,0.41 ,0.07 ,11.50 ,0.91 ,0.55 ,6.283333381,9.38 ,136.00 ,0.64518605,0.1852,473.02423,46.29868929,-2.947999954,4,46°31' S,71°03' W,"Bucci, 2013, Plant, Cell & Environment? Bucci, 2009, Oecologia",northwest Santa Cruz,Argentina
881 ,Ang,Fabaceae,Senna artemisioides,,0.34 ,0.19 ,26.75 ,0.81 ,,2.758333325,17.54 ,410.00 ,1.496945786,0.2873,613.9776951,14.54176838,1.675999999,26,32°58' S,146°10' E,"Gleason, 2012, Functional Ecology; Blackman, 2014, Annals of Botany",New South Wales,Australia
1801 ,Ang,Fabaceae,Senna artemisioides,-2.59 ,0.92 ,0.11 ,,0.78 ,,2.800000012,17.37 ,335.00 ,1.184487994,0.2555,500.2328626,87.24346036,3.43599987,2,33°29' N,117°09' W,"Pivovaroff, 2014, New Phytologist",Southern California,USA
2373 ,Ang,Fabaceae,Senna dariensis,-2.09 ,2.47 ,0.26 ,,,,1.650000006,26.79 ,2330.00 ,0.716664737,1.3739,67.82329313,69.04398102,22.50799942,19,9°10'N,79°07'W,"van der Sande, 2013, Oecologia",Isthmus of Panama,Panama
1157 ,Ang,Fabaceae,Senna siamea,,5.17 ,,124.00 ,,5.50 ,3.016666691,19.72 ,692.00 ,0.900344312,0.4632,115.555556,73.90494713,12.73600006,11,1°19' S,36°55' E,"Kondoh, 2006, Tree Physiology","Tiva, Kitiui Prefecture",Kenya
2364 ,Ang,Fabaceae,Senna undulata,-1.09 ,5.80 ,0.52 ,,,,1.650000006,26.79 ,2330.00 ,0.716664737,1.3739,67.82329313,69.04398102,22.50799942,19,9°10'N,79°07'W,"van der Sande, 2013, Oecologia",Isthmus of Panama,Panama
365 ,Gym,Cupressaceae,Sequioa sempervirens,-4.10 ,0.78 ,0.83 ,12.90 ,,24.30 ,3.858333329,11.49 ,1186.00 ,NA,1.1295,265.9972385,84.28302751,2.364000082,4,39°22'N,123°47'W,"Cary & Pittermann, 2018, American Journal of Botany; Cary, 2020, New Phytologist",,USA
1769 ,Gym,Cupressaceae,Sequoia sempervirens,-6.04 ,1.61 ,,15.78 ,0.55 ,,3.416666667,12.51 ,1180.00 ,0.69127975,1.126,377.5363697,89.79333604,0.963999987,3,38°53' N,123°25' W,"Pittermann, 2006a, 2006b","Sonoma, northern California",USA
3154 ,Gym,Cupressaceae,Sequoia sempervirens,-2.95 ,0.13 ,,10.06 ,0.42 ,17.50 ,3.450000028,10.82 ,1598.00 ,0.47322563,2.0205,800.2749327,49.53918558,-3.835999966,43,30°24' N,119°26' E,"???, 2020, ????",Zhejiang province,China
1612 ,Ang,Sapindaceae,Serjania mexicana,-1.01 ,13.20 ,1.28 ,,0.33 ,,1.916666647,26.94 ,2169.00 ,0.756386424,1.2534,65.14634424,68.85282668,22.84545517,16,9°00'N,79°33'W,"Medina-Vega, 2021, Journal of Ecology",near Panama City,Panama
2348 ,Ang,Dipterocarpaceae,Shorea mecistopteryx,-0.63 ,,,,,,1.99999999,27.24 ,3207.00 ,0.836012663,2.0385,46.08495796,23.65472986,22.54400063,198,4°40' N,114°31' E,"Tyree, 1998, Tree Physiology",Andalau,Brunei
1344 ,Ang,Rosaceae,Sibiraea angustata,,1.21 ,0.51 ,,0.75 ,2.25 ,2.691666663,-0.05 ,665.00 ,0.355473692,0.8908,726.8398641,87.44356515,-16.45999908,2,34°19'N,102°44'E,"Liu, 2019, Science Advances",,China
2256 ,Ang,Rosaceae,Sibiraea angustata,,1.21 ,0.54 ,,0.75 ,,2.24999996,2.97 ,569.00 ,0.37155782,0.6592,787.7826325,89.13040335,-15.11999989,1,34°59'N,102°54'E,"This study; Zhu, 2018, Tree Physiology",Gansu province,China
2513 ,Ang,Rosaceae,Sibiraea angustata,,,0.33 ,,,,2.924999992,0.31 ,780.00 ,3.611983221,1.1344,674.6779187,95.99849388,-13.99600029,2,29°31'N,101°40'E,"Xu, 2020, New Phytologist",Sichuan province,China
N56,Ang,Sapotaceae,Sideroxylon capiri,,,0.35 ,,0.87 ,,3.533333381,26.60 ,1633.00 ,1.163631518,1.0017,80.14568299,93.82169736,21.43599892,2,10°43?31.39?N,85°35?46.99?W,"Vargas, 2021, New Phytologist",Horizontes,Costa Rica
1957 ,Ang,Simaroubaceae,Simarouba amara,,,,,0.41 ,,1.974999984,26.20 ,2501.00 ,0.620433427,2.4056,55.1326178,61.10977054,22.31999969,24,9°17' N,79°58' W,"Santiago, 2004, Oecologia",near the Caribbean coast of Panama,Panama
301 ,Ang,Simaroubaceae,Simarouba glauca,-2.00 ,1.20 ,0.59 ,,,,3.325000008,26.46 ,1746.00 ,0.996001165,1.0501,77.51506781,91.484941,21.35199928,1,10°52' N,85°34' W,"Brodribb, 2005, New Phytologist; Brodribb & Holbrook, 2004, New Phytologist; Brodribb, 2003, Plant Cell and Environment; Brodribb, 2002, Plant Cell and Environment; Brodribb & Holbrook, 2003, Plant Physiology", the Northern Pacific coast,Costa Rica
N57,Ang,Simaroubaceae,Simarouba glauca,,,,,0.41 ,,3.533333381,26.60 ,1633.00 ,1.163631518,1.0017,80.14568299,93.82169736,21.43599892,2,10°43?31.39?N,85°35?46.99?W,"Vargas, 2021, New Phytologist",Horizontes,Costa Rica
1517 ,Ang,Rubiaceae,Simira rubescens,,4.12 ,0.65 ,,0.52 ,,2.950000008,24.77 ,1143.00 ,0.998740338,0.6171,167.8732009,62.51391847,16.2159996,16,16°07' S,61°43' W,"Markesteijn et al, 2011a, 2011b","Near Conception, Santa Cruz",Bolivia
2333 ,Ang,Fabaceae,Sindora leiocarpa,-0.86 ,,,,,,1.808333327,27.33 ,3096.00 ,0.808628976,2.0808,45.1874726,24.42523653,22.56800079,192,4°34' N,114°25' E,"Tyree, 1998, Tree Physiology",Badas,Brunei
3178 ,Ang,Rubiaceae,Sinoadina racemosa,-0.99 ,,,,0.63 ,,1.575000008,21.79 ,1244.00 ,0.682104923,0.9054,514.7271923,76.36396698,9.815999985,19,22°07'N,106°45'E,"???, 2019, ??????",Guangxi province,China
2855 ,Ang,Sapotaceae,Sinosideroxylon pedunculatum,-3.63 ,2.88 ,1.06 ,,0.73 ,,1.575000008,21.79 ,1244.00 ,0.682104923,0.9054,514.7271923,76.36396698,9.815999985,19,22°07'N,106°45'E,"Zhang, 2021, Functional Ecology",Guangxi province,China
2839 ,Ang,Elaeocarpaceae,Sloanea tomentosa,-1.83 ,0.68 ,,,0.54 ,,1.225000004,20.88 ,1683.00 ,0.85605524,1.0122,338.2657063,78.45212263,10.92399979,17,21°36?N,101°35?E,"Zhang, 2019, Tree Physiology",Yunnan province,China
2556 ,Ang,Smilacaceae,Smilax stans,,0.24 ,0.73 ,,0.64 ,,2.091666649,3.70 ,847.00 ,15.35548757,0.9333,618.9011041,93.37889157,-9.944000244,5,29°25'N,101°55'E,"Xu, 2020, New Phytologist",Sichuan province,China
2613 ,Ang,Smilacaceae,Smilax stans,,,1.32 ,,,,2.324999978,0.75 ,846.00 ,38.61108759,1.0448,647.250795,90.57201924,-13,7,29°34'N,102°00'E,"Xu, 2020, New Phytologist",Sichuan province,China
1518 ,Ang,Solanaceae,Solanum riparium,-2.10 ,11.29 ,1.01 ,,0.25 ,,2.950000008,24.77 ,1143.00 ,0.998740338,0.6171,167.8732009,62.51391847,16.2159996,16,16°07' S,61°43' W,"Markesteijn et al, 2011a, 2011b","Near Conception, Santa Cruz",Bolivia
634 ,Ang,Solanaceae,Solanum verbascifolium,-0.70 ,3.12 ,0.67 ,,,,1.533333331,17.19 ,1259.00 ,0.599097986,1.063,606.2322877,78.61021309,4.047999859,17,25°42' N,105°35' E,"Fan, 2011, Tree Physiology",Guizhou Province,China
2800 ,Ang,Oleaceae,Sophora davidii,,,0.23 ,17.81 ,,,2.141666661,9.62 ,592.00 ,0.661215941,0.635,902.384731,79.18673104,-9.227999687,4,35°09'N,108°45'E,"Yin, 2019, Forests",Shaanxi Province,China
3143 ,Ang,Fabaceae,Sophora davidii,-3.80 ,0.59 ,0.44 ,41.85 ,0.69 ,,2.266666661,9.30 ,519.00 ,0.702280034,0.5251,959.9457379,88.82626146,-10.55999947,2,35°58'N,110°05'E,"???, 2010, ????; ???, 2010, ????????",Shanxi province,China
424 ,Ang,Fabaceae,Sophora japonica,-2.60 ,,,,,15.00 ,4.491666694,10.33 ,1130.00 ,0.570794672,1.172,920.3776682,7.899463382,-8.677272797,83,42°21' N,71°5' W,"Choat, 2004,  Journal of Experimental","Harvard University, Boston",USA
540 ,Ang,Fabaceae,Sophora japonica,-1.65 ,,,61.00 ,,9.59 ,2.199999988,10.34 ,439.00 ,0.837276485,0.4003,1058.052428,105.8021687,-12.22000027,3,37°26?N,112°32?E,"Dai, 2020, Plant Physiology and Biochemistry",Shanxi provience,China
2464 ,Ang,Rosaceae,Sorbaria arborea,,0.83 ,1.52 ,,0.45 ,,2.308333327,5.61 ,751.00 ,2.957267348,0.6981,607.8590627,99.25253833,-9.423999786,2,29°23'N,101°01'E,"Xu, 2020, New Phytologist",Sichuan province,China
2535 ,Ang,Rosaceae,Sorbaria arborea,,1.23 ,1.90 ,,0.60 ,,2.433333337,5.86 ,847.00 ,15.35548757,1.0344,601.2807223,94.0150966,-7.832000256,5,29°27'N,101°53'E,"Xu, 2020, New Phytologist",Sichuan province,China
375 ,Ang,Rosaceae,Sorbus aucuparia,-4.85 ,0.15 ,,,,,4.308333337,6.49 ,1071.00 ,0.465447179,1.253,558.9409171,13.88060171,-3.960000038,71,45°36' N,2°49' E,"Charra-Vaskou, 2012, Annals of Forest Science","Guery, Auvergne",France
379 ,Ang,Rosaceae,Sorbus aucuparia,-3.96 ,0.17 ,,,,,2.74999998,10.29 ,655.00 ,0.592509912,0.6826,582.5256024,32.04087501,-2.528000116,32,45°46' N,3°05' E,"Charra-Vaskou, 2012, Annals of Forest Science","Royat, Auvergne",France
385 ,Ang,Rosaceae,Sorbus aucuparia,-3.70 ,0.10 ,,,,,1.691666643,7.83 ,1029.00 ,0.366518153,1.077,660.2526953,39.80209236,-5.599999905,48,47°16' N,11°22' E,"Charra-Vaskou, 2012, Annals of Forest Science","Innsbruck, Tyrol",Austria
387 ,Ang,Rosaceae,Sorbus aucuparia,-3.53 ,,,,,,2.325000008,7.93 ,1114.00 ,0.37659679,1.4115,678.9842886,39.00599919,-6.059999943,52,47°20' N,11°33' E,"Charra-Vaskou, 2012, Annals of Forest Science","Hinterhornalm, Tyrol",Austria
1708 ,Ang,Rosaceae,Sorbus aucuparia,-3.19 ,,,,,,3.125,9.76 ,583.00 ,0.605816588,0.7281,745.6629679,28.56675466,-5.191999912,30,48°14' N,16°20' E,"Nolf, 2015b, New Phytologist",Vienna,Austria
1315 ,Ang,Rosaceae,Sorbus folgneri,,1.66 ,,,0.60 ,,2.383333345,16.19 ,1749.00 ,0.606894284,1.7554,831.410251,57.04453011,1.052000046,44,29°15' N,118°07' E,"Liu, 2016, Ecology",Zhejiang province,China
2677 ,Ang,Rosaceae,Sorbus meliosmifolia,,1.10 ,0.59 ,,0.60 ,,1.908333331,7.08 ,884.00 ,6.066549556,0.9004,638.6576091,89.54447083,-7.079999924,8,29°35'N,102°03'E,"Xu, 2020, New Phytologist",Sichuan province,China
2536 ,Ang,Rosaceae,Sorbus pallescens,,2.10 ,1.15 ,,0.57 ,,2.433333337,5.86 ,847.00 ,15.35548757,1.0344,601.2807223,94.0150966,-7.832000256,5,29°27'N,101°53'E,"Xu, 2020, New Phytologist",Sichuan province,China
2557 ,Ang,Rosaceae,Sorbus pallescens,,1.85 ,0.89 ,,0.61 ,,2.091666649,3.70 ,847.00 ,15.35548757,0.9333,618.9011041,93.37889157,-9.944000244,5,29°25'N,101°55'E,"Xu, 2020, New Phytologist",Sichuan province,China
2575 ,Ang,Rosaceae,Sorbus pallescens,,1.74 ,1.11 ,,0.53 ,,2.299999972,0.78 ,828.00 ,15.35548757,0.9958,691.690106,92.74818783,-13.50800037,4,29°22'N,101°55'E,"Xu, 2020, New Phytologist",Sichuan province,China
1362 ,Ang,Rosaceae,Sorbus pohuashanensis,,1.06 ,0.34 ,19.76 ,0.50 ,5.60 ,1.833333333,3.27 ,661.00 ,0.432660541,0.8044,1257.058799,95.56655616,-21.12800026,5,42°24'N,128°29'E,"Liu, 2019, Science Advances; Yang, 2019, Tree Physiology",Jilin Province,China
2751 ,Ang,Rosaceae,Sorbus pohuashanensis,,1.06 ,0.33 ,19.76 ,0.48 ,5.60 ,1.841666669,3.27 ,661.00 ,0.432660541,0.799,1257.058799,95.56655616,-21.12800026,5,42°24´N,128°28´E,"Yang, 2020, Forests; Song, 2018, Forest Ecology and Management",Jilin Province,China
2614 ,Ang,Rosaceae,Sorbus prattii,,1.28 ,1.25 ,,0.61 ,,2.324999978,0.75 ,846.00 ,38.61108759,1.0448,647.250795,90.57201924,-13,7,29°34'N,102°00'E,"Xu, 2020, New Phytologist",Sichuan province,China
2628 ,Ang,Rosaceae,Sorbus rehderiana,,0.82 ,0.78 ,,0.60 ,,3.25000002,0.42 ,782.00 ,7.326257104,1.3644,679.4209524,92.66621245,-13.25599957,3,29°54'N,102°00'E,"Xu, 2020, New Phytologist",Sichuan province,China
2637 ,Ang,Rosaceae,Sorbus rehderiana,,0.62 ,0.34 ,,0.56 ,,3.325000008,0.42 ,782.00 ,7.326257104,1.4815,679.4209524,92.66621245,-13.25599957,3,29°55'N,102°01'E,"Xu, 2020, New Phytologist",Sichuan province,China
2537 ,Ang,Rosaceae,Sorbus rufopilosa,,1.22 ,0.75 ,,0.59 ,,2.433333337,5.86 ,847.00 ,15.35548757,1.0344,601.2807223,94.0150966,-7.832000256,5,29°27'N,101°53'E,"Xu, 2020, New Phytologist",Sichuan province,China
2576 ,Ang,Rosaceae,Sorbus rufopilosa,,1.53 ,0.56 ,,0.57 ,,2.299999972,0.78 ,828.00 ,15.35548757,0.9958,691.690106,92.74818783,-13.50800037,4,29°22'N,101°55'E,"Xu, 2020, New Phytologist",Sichuan province,China
2593 ,Ang,Rosaceae,Sorbus rufopilosa,,,0.53 ,,,,2.458333294,0.75 ,846.00 ,38.61108759,1.0824,647.250795,90.57201924,-13,7,29°34'N,101°59'E,"Xu, 2020, New Phytologist",Sichuan province,China
2659 ,Ang,Rosaceae,Sorbus rufopilosa,,1.65 ,0.53 ,,0.56 ,,2.074999998,3.00 ,858.00 ,6.066549556,0.9714,635.2643433,90.25313014,-10.72399998,8,29°35'N,102°02'E,"Xu, 2020, New Phytologist",Sichuan province,China
2085 ,Ang,Rosaceae,Sorbus scopulina,-4.76 ,,,,,,3.466666679,9.22 ,558.00 ,1.047863447,0.6533,899.1572254,27.39784947,-9.944000244,25,40°46'N,111°48'W,"Sperry, 2012, Plant, Cell and Environment",Salt Lake City,USA
2425 ,Ang,Rosaceae,Sorbus scopulina,-2.77 ,,,24.10 ,,,3.12499998,7.42 ,494.00 ,1.007528871,0.5303,842.2885333,18.36524204,-9.472000122,27,40°15' N,111°37' W,"Wheeler, 2005, Plant, Cell and Environment","Salt Lake City, Utah (UT)",USA
2481 ,Ang,Rosaceae,Sorbus thibetica,,,0.86 ,,,,2.391666641,2.43 ,759.00 ,0.389803522,0.8267,661.8772376,97.80626751,-11.29199982,2,29°33'N,101°23'E,"Xu, 2020, New Phytologist",Sichuan province,China
1534 ,Ang,Rosaceae,Sorbus torminalis,-3.18 ,0.28 ,0.29 ,17.55 ,,8.00 ,3.466666679,12.32 ,601.00 ,0.758594782,0.6892,623.9790215,30.20544711,-1.419999957,19,41°13' N,0°55' E,"Martinez-Vilalta, 2002, Oecologia",Prades,Spain
1984 ,Ang,Rosaceae,Sorbus torminalis,-4.11 ,,,,0.83 ,,3.125,9.76 ,583.00 ,0.605816588,0.7281,745.6629679,28.56675466,-5.191999912,30,48°14'N,16°20'E,"Savi, 2019, Tree Physiology",Vienna,Austria
1977 ,Ang,Fabaceae,Spartium junceum,-3.75 ,,,,0.59 ,,2.224999984,13.22 ,1284.00 ,0.550608952,1.2953,680.3336276,20.82444629,0.263999999,70,45°38'N,13°48''E,"Savi, 2019, Tree Physiology",Trieste,Italy
2801 ,Ang,Rosaceae,Spiraea cantoniensis,,,0.22 ,,,,2.141666661,9.62 ,592.00 ,0.661215941,0.635,902.384731,79.18673104,-9.227999687,4,35°09'N,108°45'E,"Yin, 2019, Forests",Shaanxi Province,China
1345 ,Ang,Rosaceae,Spiraea mongolica,,0.89 ,0.30 ,,0.72 ,3.00 ,2.691666663,-0.05 ,665.00 ,0.355473692,0.8908,726.8398641,87.44356515,-16.45999908,2,34°19'N,102°44'E,"Liu, 2019, Science Advances",,China
2257 ,Ang,Rosaceae,Spiraea mongolica,,0.89 ,0.33 ,,0.72 ,,2.24999996,2.97 ,569.00 ,0.37155782,0.6592,787.7826325,89.13040335,-15.11999989,1,34°59'N,102°54'E,"This study; Zhu, 2018, Tree Physiology",Gansu province,China
2494 ,Ang,Rosaceae,Spiraea schneideriana,,,0.37 ,,,,2.691666643,2.55 ,774.00 ,6.982331523,0.9977,653.3985796,96.99491164,-11.75199986,2,29°28'N,101°32'E,"Xu, 2020, New Phytologist",Sichuan province,China
2629 ,Ang,Rosaceae,Spiraea schneideriana,,0.40 ,0.31 ,,0.77 ,,3.25000002,0.42 ,782.00 ,7.326257104,1.3644,679.4209524,92.66621245,-13.25599957,3,29°54'N,102°00'E,"Xu, 2020, New Phytologist",Sichuan province,China
2638 ,Ang,Rosaceae,Spiraea schneideriana,,0.62 ,0.42 ,,0.72 ,,3.325000008,0.42 ,782.00 ,7.326257104,1.4815,679.4209524,92.66621245,-13.25599957,3,29°55'N,102°01'E,"Xu, 2020, New Phytologist",Sichuan province,China
2802 ,Ang,Rosaceae,Spiraea trilobata,,,0.10 ,13.93 ,,,2.141666661,9.62 ,592.00 ,0.661215941,0.635,902.384731,79.18673104,-9.227999687,4,35°09'N,108°45'E,"Yin, 2019, Forests",Shaanxi Province,China
1519 ,Ang,Anacardiaceae,Spondias mombin,,8.14 ,0.75 ,,0.22 ,,2.950000008,24.77 ,1143.00 ,0.998740338,0.6171,167.8732009,62.51391847,16.2159996,16,16°07' S,61°43' W,"Markesteijn et al, 2011a, 2011b","Near Conception, Santa Cruz",Bolivia
N58,Ang,Anacardiaceae,Spondias mombin,,,0.83 ,,0.43 ,,3.533333381,26.60 ,1633.00 ,1.163631518,1.0017,80.14568299,93.82169736,21.43599892,2,10°43?31.39?N,85°35?46.99?W,"Vargas, 2021, New Phytologist",Horizontes,Costa Rica
2153 ,Ang,Stachyuraceae,Stachyurus chinensis,,0.22 ,0.49 ,,0.56 ,,1.708333333,15.31 ,1184.00 ,0.558582058,1.1298,632.1588893,75.233605,1.911999941,18,26°15'N,105°80'E,This study,Guizhou Province,China
656 ,Ang,Stachyuraceae,Stachyurus obovatus,-4.31 ,0.55 ,0.64 ,,,,1.708333333,15.31 ,1184.00 ,0.558582058,1.1298,632.1588893,75.233605,1.911999941,18,26°15' N,105°44' E,"Fan, 2011, Tree Physiology; Fan, 2018, Forest Ecosystems",Guizhou Province,China
2701 ,Ang,Lardizabalaceae,Stauntonia chinensis,,,2.34 ,,,,1.649999996,12.79 ,928.00 ,6.066549556,0.8259,567.4750116,90.2711391,-1.203999996,9,29°39'N,102°06'E,"Xu, 2020, New Phytologist",Sichuan province,China
2216 ,Ang,Sterculiaceae,Sterculia lanceolata,-1.25 ,3.32 ,0.98 ,,0.43 ,16.00 ,1.87499999,20.60 ,1835.00 ,0.759396395,1.3895,565.6792834,66.92045161,8.623999596,37,23°10' N,112°32' E,"This study; Zhu, 2013, Plant, Cell & Environment; Zhu, 2018, Tree Physiology",Guangdong Province,China
1613 ,Ang,Malpighiaceae,Stigmaphyllon hypargyreum,-1.47 ,3.73 ,0.50 ,,0.43 ,,1.916666647,26.94 ,2169.00 ,0.756386424,1.2534,65.14634424,68.85282668,22.84545517,16,9°00'N,79°33'W,"Medina-Vega, 2021, Journal of Ecology",near Panama City,Panama
1614 ,Ang,Bignoniaceae,Stizophyllum riparium,-0.71 ,4.30 ,0.63 ,,0.49 ,,1.916666647,26.94 ,2169.00 ,0.756386424,1.2534,65.14634424,68.85282668,22.84545517,16,9°00'N,79°33'W,"Medina-Vega, 2021, Journal of Ecology",near Panama City,Panama
397 ,Ang,Moraceae,Streblus asper,-2.93 ,1.86 ,,,,,1.450000008,19.61 ,1575.00 ,0.7831742,1.2463,355.3021639,76.07293498,9.543999672,18,21°54' N,101°46' E,"Chen, 2017, Functional Ecology",Ynanan Provience,China
3056 ,Ang,Euphorbiaceae,Strophioblachia fimbricalyx,-3.30 ,,,,,,1.241666675,21.73 ,1241.00 ,0.650657102,0.5667,418.0369268,86.52378798,10.16399956,13,23°27'N,102°10'E,"Zhu, 2018, Tree Physiology; Yan, 2020, Biology Letters",Yunnan province,China
2840 ,Ang,Loganiaceae,Strychnos angustiflora,-2.29 ,10.71 ,,,0.51 ,,1.225000004,20.88 ,1683.00 ,0.85605524,1.0122,338.2657063,78.45212263,10.92399979,17,21°36?N,101°35?E,"Zhang, 2019, Tree Physiology",Yunnan province,China
278 ,Ang,Ericaceae ,Styphelia sp.,,0.73 ,0.43 ,,,,3.900000016,19.33 ,2351.00 ,0.718162138,1.9001,192.9429245,29.3970836,12.20800018,110,22°02' S,166°28' E,"Brodribb & Feild, 2000, Plant, Cell and Environment",New Caledonia,France (Overseas territories)
953 ,Ang,Styracaceae,Styrax camporum,,,0.30 ,,0.56 ,,1.816666663,20.44 ,1516.00 ,0.963975451,1.0732,123.7480541,79.60995496,11.52799988,8,15°56'S,47°53'W,"Gotsch, 2010, Oecologia",cerrado of central Brazil,Brazil
314 ,Ang,Styracaceae,Styrax ferrugineus,-3.35 ,2.59 ,0.53 ,,0.51 ,7.10 ,1.816666663,20.44 ,1516.00 ,0.963975451,1.09,123.7480541,79.60995496,11.52799988,8,15°56' S,47°53' W,"Bucci, 2008, Brazilian Journal of Plant Physiology; Bucci, 2004, Tree Physiology; Hao, 2008, Oecologia; Gotsch, 2010, Oecologia",33 km south of Brasilia,Brasil
1316 ,Ang,Styracaceae,Styrax odoratissimus,,1.46 ,,,0.51 ,,2.383333345,16.19 ,1749.00 ,0.606894284,1.7554,831.410251,57.04453011,1.052000046,44,29°15' N,118°07' E,"Liu, 2016, Ecology",Zhejiang province,China
1002 ,Ang,Styracaceae,Styrax pohlii,-2.00 ,3.45 ,0.50 ,,0.54 ,,1.816666663,20.44 ,1516.00 ,0.963975451,1.09,123.7480541,79.60995496,11.52799988,8,15°56' S,47°53' W,"Hao, 2008, Oecologia",35 km south of Brasilia,Brasil
2465 ,Ang,Styracaceae,Styrax roseus,,1.29 ,1.29 ,,0.39 ,,2.308333327,5.61 ,751.00 ,2.957267348,0.6981,607.8590627,99.25253833,-9.423999786,2,29°23'N,101°01'E,"Xu, 2020, New Phytologist",Sichuan province,China
750 ,Ang,Fabaceae,Swartzia acuminata,-1.44 ,0.41 ,0.26 ,,0.70 ,,1.216666679,26.65 ,2208.00 ,0.877515311,1.378,54.49266593,47.26506448,21.69600105,80,2°09'S,59°00'W,"Fontes, 2020, New Phytologist",Amazon Tall Tower Observatory (ATTO),Brazil
1736 ,Ang,Fabaceae,Swartzia ingifolia,-5.57 ,,,,,,1.141666691,26.88 ,2216.00 ,0.839025411,1.3428,52.339996,49.8643603,22.24399948,59,03°08'S,59°53'W,"Oliveire, 2019, New Phytologist",Manaus,Brazil
751 ,Ang,Fabaceae,Swartzia laevicarpa,-0.59 ,2.11 ,0.79 ,,0.46 ,,1.216666679,26.65 ,2208.00 ,0.877515311,1.378,54.49266593,47.26506448,21.69600105,80,2°09'S,59°00'W,"Fontes, 2020, New Phytologist",Amazon Tall Tower Observatory (ATTO),Brazil
1943 ,Ang,Fabaceae,Swartzia racemosa,-3.08 ,5.15 ,1.08 ,,0.67 ,,1.724999984,26.11 ,2200.00 ,0.714118781,1.282,47.26106932,58.15009262,20.47200012,48,1°43'S,51°27'W,"Rowland, 2020, New Phytologist",eastern Amazonia,Brazil
1737 ,Ang,Fabaceae,Swartzia recurva,-3.66 ,,,,,,1.141666691,26.88 ,2216.00 ,0.839025411,1.3428,52.339996,49.8643603,22.24399948,59,03°08'S,59°53'W,"Oliveire, 2019, New Phytologist",Manaus,Brazil
743 ,Ang,Fabaceae,Swartzia reticulata,-1.62 ,1.31 ,1.28 ,,0.60 ,,1.166666687,26.44 ,2352.00 ,0.788916395,1.4252,44.22227014,42.47501585,21.47200012,81,2°37'S,60°13'W,"Fontes, 2020, New Phytologist",Reserva Biol ogica do Cuieiras (ZF-2),Brazil
1380 ,Ang,Fabaceae,Swartzia simplex,-2.80 ,0.13 ,0.19 ,,,,1.608333349,26.51 ,2440.00 ,0.651162324,1.8771,63.25839735,64.44993932,22.71999931,16,9°10' N,79°51' W,"Lopez, 2005, Tree Physiology",Barro Colorado Island (BCI),Panama
1738 ,Ang,Fabaceae,Swartzia tomentifera,-3.64 ,,,,,,1.141666691,26.88 ,2216.00 ,0.839025411,1.3428,52.339996,49.8643603,22.24399948,59,03°08'S,59°53'W,"Oliveire, 2019, New Phytologist",Manaus,Brazil
1739 ,Ang,Fabaceae,Swartzia ulei,-2.20 ,,,,,,1.141666691,26.88 ,2216.00 ,0.839025411,1.3428,52.339996,49.8643603,22.24399948,59,03°08'S,59°53'W,"Oliveire, 2019, New Phytologist",Manaus,Brazil
1520 ,Ang,Fabaceae,Sweetia fruticosa,,8.17 ,1.26 ,,0.61 ,,2.950000008,24.77 ,1143.00 ,0.998740338,0.6171,167.8732009,62.51391847,16.2159996,16,16°07' S,61°43' W,"Markesteijn et al, 2011a, 2011b","Near Conception, Santa Cruz",Bolivia
286 ,Ang,Meliaceae,Swietenia macrophylla,-2.20 ,1.20 ,1.19 ,,,,3.325000008,26.46 ,1746.00 ,0.996001165,1.0501,77.51506781,91.484941,21.35199928,1,10°52' N,85°34' W,"Brodribb, 2002, Plant Cell and Environment; Brodribb, 2003, Plant Cell and Environment", the Northern Pacific coast,Costa Rica
N59,Ang,Meliaceae,Swietenia macrophylla,,,,,0.67 ,,3.533333381,26.60 ,1633.00 ,1.163631518,1.0017,80.14568299,93.82169736,21.43599892,2,10°43?31.39?N,85°35?46.99?W,"Vargas, 2021, New Phytologist",Horizontes,Costa Rica
N17,Ang,Meliaceae,Swietenia mahagoni,,2.03 ,1.76 ,,0.63 ,,3.99999994,26.07 ,939.00 ,NA,0.7402,130.6923339,58.51883815,19.67916679,26,17°58?2.17?N,66°53?17.54?W,"Vargas, 2021, New Phytologist",Guanica,Puerto Rico
3082 ,Ang,Clusiaceae,Symphonia globulifera,-2.09 ,,,,,,2.158333331,25.74 ,2796.00 ,0.649499163,1.8807,45.73945121,49.59006205,21.01600075,68,5°16'N,52°55'W,"Ziegler, 2019, Annals of Forest Science","Guiana Shield, French Guiana",France (overseas territories)
696 ,Ang,Symplocaceae,Symplocos cochinchinensis,,,,166.40 ,0.52 ,16.96 ,1.266666651,21.56 ,1641.00 ,0.894353661,0.9726,335.0943307,76.6728934,11.23200035,16,21°41' N,101°25' E,"Fan, 2012, Journal of Ecology",Yunnan Province,China
2874 ,Ang,Symplocaceae,Symplocos cochinchinensis var. laurina,,0.48 ,0.18 ,,0.39 ,,3.800000052,17.04 ,1262.00 ,0.591932528,1.3539,825.8536277,42.18081321,2.092000008,45,29°52'N,121°39'E,"Zhao, 2016, Chinese Journal of Plant Ecology",Zhejiang Province,China
620 ,Ang,Symplocaceae,Symplocos falcata,-2.51 ,,,,0.49 ,11.70 ,2.316666623,12.79 ,1908.00 ,0.576561968,1.778,299.2870573,65.81115372,1.95599997,37,22°42' S,45°25' W,"Eller, 2018, Plant, Cell and environment",SP,Brazil
3163 ,Ang,Symplocaceae,Symplocos glauca,,0.70 ,0.74 ,23.29 ,0.47 ,5.30 ,,16.65 ,1219.00 ,0.464880167,#VALUE!,779.7846714,37.61802156,3.539999962,46,29°58'N,122°23'E,"???, 2017, ??????",Zejiang province,China
1003 ,Ang,Symplocaceae,Symplocos lanceolata,-1.50 ,1.62 ,0.36 ,,0.38 ,,1.816666663,20.44 ,1516.00 ,0.963975451,1.09,123.7480541,79.60995496,11.52799988,8,15°56' S,47°53' W,"Hao, 2008, Oecologia",35 km south of Brasilia,Brasil
2217 ,Ang,Symplocaceae,Symplocos lancifolia,-3.25 ,1.60 ,0.48 ,,0.51 ,5.00 ,1.87499999,20.60 ,1835.00 ,0.759396395,1.3895,565.6792834,66.92045161,8.623999596,37,23°10' N,112°32' E,"This study; Zhu, 2013, Plant, Cell & Environment; Zhu, 2018, Tree Physiology",Guangdong Province,China
3164 ,Ang,Symplocaceae,Symplocos lucida,,0.22 ,0.55 ,16.64 ,0.64 ,5.20 ,,16.65 ,1219.00 ,0.464880167,#VALUE!,779.7846714,37.61802156,3.539999962,46,29°58'N,122°23'E,"???, 2017, ??????",Zejiang province,China
1004 ,Ang,Symplocaceae,Symplocos mosenii,-1.60 ,4.78 ,0.53 ,,0.48 ,,1.816666663,20.44 ,1516.00 ,0.963975451,1.09,123.7480541,79.60995496,11.52799988,8,15°56' S,47°53' W,"Hao, 2008, Oecologia",35 km south of Brasilia,Brasil
2875 ,Ang,Symplocaceae,Symplocos oblanceolata,,0.65 ,0.28 ,,0.48 ,,3.800000052,17.04 ,1262.00 ,0.591932528,1.3539,825.8536277,42.18081321,2.092000008,45,29°52'N,121°39'E,"Zhao, 2016, Chinese Journal of Plant Ecology",Zhejiang Province,China
1317 ,Ang,Symplocaceae,Symplocos setchuensis,,0.88 ,,,0.49 ,,2.383333345,16.19 ,1749.00 ,0.606894284,1.7554,831.410251,57.04453011,1.052000046,44,29°15' N,118°07' E,"Liu, 2016, Ecology",Zhejiang province,China
1318 ,Ang,Symplocaceae,Symplocos stellaris,,0.63 ,,,0.43 ,,2.383333345,16.19 ,1749.00 ,0.606894284,1.7554,831.410251,57.04453011,1.052000046,44,29°15' N,118°07' E,"Liu, 2016, Ecology",Zhejiang province,China
2876 ,Ang,Symplocaceae,Symplocos stellaris,,4.58 ,0.11 ,,0.53 ,,3.800000052,17.04 ,1262.00 ,0.591932528,1.3539,825.8536277,42.18081321,2.092000008,45,29°52'N,121°39'E,"Zhao, 2016, Chinese Journal of Plant Ecology",Zhejiang Province,China
2877 ,Ang,Symplocaceae,Symplocos sumuntia,,0.37 ,0.43 ,,0.60 ,,3.800000052,17.04 ,1262.00 ,0.591932528,1.3539,825.8536277,42.18081321,2.092000008,45,29°52'N,121°39'E,"Zhao, 2016, Chinese Journal of Plant Ecology",Zhejiang Province,China
2803 ,Ang,Rosaceae,Syringa oblata,,,0.36 ,12.49 ,,,2.141666661,9.62 ,592.00 ,0.661215941,0.635,902.384731,79.18673104,-9.227999687,4,35°09'N,108°45'E,"Yin, 2019, Forests",Shaanxi Province,China
1356 ,Ang,Oleaceae,Syringa reticulata,,1.30 ,0.53 ,,0.50 ,5.70 ,1.833333333,3.27 ,661.00 ,0.432660541,0.8044,1257.058799,95.56655616,-21.12800026,5,42°24'N,128°29'E,"Liu, 2019, Science Advances",Jilin Province,China
1944 ,Ang,Sapotaceae,Syzygiopsis oppositifolia,-1.41 ,2.75 ,0.80 ,,0.55 ,,1.724999984,26.11 ,2200.00 ,0.714118781,1.282,47.26106932,58.15009262,20.47200012,48,1°43'S,51°27'W,"Rowland, 2020, New Phytologist",eastern Amazonia,Brazil
2237 ,Ang,Myrtaceae,Syzygium acuminatissimum,-1.56 ,3.65 ,0.91 ,,0.54 ,,1.87499999,20.60 ,1835.00 ,0.759396395,1.3895,565.6792834,66.92045161,8.623999596,37,23°10' N,112°32' E,"This study; Zhu, 2013, Plant, Cell & Environment; Zhu, 2019, Tree Physiology",Guangdong Province,China
1319 ,Ang,Myrtaceae,Syzygium buxifolirm,,0.48 ,,,0.63 ,,2.383333345,16.19 ,1749.00 ,0.606894284,1.7554,831.410251,57.04453011,1.052000046,44,29°15' N,118°07' E,"Liu, 2016, Ecology",Zhejiang province,China
2878 ,Ang,Myrtaceae,Syzygium buxifolium,,0.13 ,0.56 ,,0.56 ,,3.800000052,17.04 ,1262.00 ,0.591932528,1.3539,825.8536277,42.18081321,2.092000008,45,29°52'N,121°39'E,"Zhao, 2016, Chinese Journal of Plant Ecology",Zhejiang Province,China
2992 ,Ang,Myrtaceae,Syzygium championii,-1.93 ,,,,,,1.866666645,20.60 ,1835.00 ,0.759396395,1.4258,565.6792834,66.92045161,8.623999596,37,23°10'N,112°31'E,"Zhu, 2018, Tree Physiology",Guangdong Province,China
1025 ,Ang,Myrtaceae,Syzygium cumini,,3.17 ,0.77 ,25.60 ,0.80 ,27.00 ,1.291666667,25.44 ,1130.00 ,1.047529165,0.7709,185.8427323,76.9457581,16.31999969,3,14°29'N,101°55'E,"Ishida, 2010, Tree Physiology",,Thailand
2913 ,Ang,Myrtaceae,Syzygium cumini,-1.20 ,6.15 ,1.12 ,,0.61 ,,1.450000008,19.61 ,1575.00 ,0.7831742,1.2463,355.3021639,76.07293498,9.543999672,18,21°54'N,101°46'E,"Zhu, 2017, Tree Physiology",Yunnan Province,China
3041 ,Ang,Myrtaceae,Syzygium cumini,-1.30 ,,,,,,1.225000014,22.42 ,1640.00 ,0.894353661,0.8598,350.4611648,75.65033519,11.8760004,18,21°55'N,101°16'E,"Zhu, 2018, Tree Physiology; Yan, 2020, Biology Letters",Yuanan province,China
3042 ,Ang,Myrtaceae,Syzygium fluviatile,-1.67 ,,,,,,1.225000014,22.42 ,1640.00 ,0.894353661,0.8598,350.4611648,75.65033519,11.8760004,18,21°55'N,101°16'E,"Zhu, 2018, Tree Physiology; Yan, 2020, Biology Letters",Yuanan province,China
2900 ,Ang,Myrtaceae,Syzygium hainanense,-1.10 ,5.15 ,0.85 ,,0.60 ,,2.391666651,22.44 ,2177.00 ,0.679918148,1.613,520.8183658,75.162042,11.56799984,28,22°34' N,112°50' E,"Zhu, 2017, Forest Ecology and Management",Guangdong Province,China
2993 ,Ang,Myrtaceae,Syzygium hainanense,-1.10 ,,,,,,1.866666645,20.60 ,1835.00 ,0.759396395,1.4258,565.6792834,66.92045161,8.623999596,37,23°10'N,112°31'E,"Zhu, 2018, Tree Physiology",Guangdong Province,China
2218 ,Ang,Myrtaceae,Syzygium jambos,-0.50 ,4.20 ,0.69 ,,0.64 ,10.00 ,1.87499999,20.60 ,1835.00 ,0.759396395,1.3895,565.6792834,66.92045161,8.623999596,37,23°10' N,112°32' E,"This study; Zhu, 2013, Plant, Cell & Environment; Zhu, 2018, Tree Physiology",Guangdong Province,China
2292 ,Ang,Myrtaceae,Syzygium johnsonii,,,0.45 ,,,13.00 ,4.408333341,21.18 ,2634.00 ,0.767544866,1.4659,264.3066765,71.70189156,12.47599983,49,17°07'S,145°37'E,"Togashi, 2015, Ecology and Evolution",Queensland,Australia
2914 ,Ang,Myrtaceae,Syzygium latilimbum,-2.00 ,4.57 ,1.16 ,,0.64 ,,1.450000008,19.61 ,1575.00 ,0.7831742,1.2463,355.3021639,76.07293498,9.543999672,18,21°54'N,101°46'E,"Zhu, 2017, Tree Physiology",Yunnan Province,China
3043 ,Ang,Myrtaceae,Syzygium latilimbum,-2.20 ,,,,,,1.225000014,22.42 ,1640.00 ,0.894353661,0.8598,350.4611648,75.65033519,11.8760004,18,21°55'N,101°16'E,"Zhu, 2018, Tree Physiology; Yan, 2020, Biology Letters",Yuanan province,China
2219 ,Ang,Myrtaceae,Syzygium levinei,-2.16 ,2.37 ,0.78 ,,0.65 ,8.00 ,1.87499999,20.60 ,1835.00 ,0.759396395,1.3895,565.6792834,66.92045161,8.623999596,37,23°10' N,112°32' E,"This study; Zhu, 2013, Plant, Cell & Environment; Zhu, 2018, Tree Physiology",Guangdong Province,China
2238 ,Ang,Myrtaceae,Syzygium rehderianum,-2.20 ,1.25 ,0.50 ,,0.73 ,,1.87499999,20.60 ,1835.00 ,0.759396395,1.3895,565.6792834,66.92045161,8.623999596,37,23°10' N,112°32' E,"This study; Zhu, 2013, Plant, Cell & Environment; Zhu, 2019, Tree Physiology",Guangdong Province,China
2928 ,Ang,Myrtaceae,Syzygium szemaoense,-1.63 ,8.06 ,1.20 ,97.00 ,0.53 ,,1.450000008,19.61 ,1575.00 ,0.7831742,1.2463,355.3021639,76.07293498,9.543999672,18,21°54'N,101°46'E,"Zhu, 2017, Tree Physiology; Zhu & Cao, 2009, Plant Ecology",Yunnan Province,China
3045 ,Ang,Myrtaceae,Syzygium szemaoense,-1.20 ,,,,,,1.225000014,22.42 ,1640.00 ,0.894353661,0.8598,350.4611648,75.65033519,11.8760004,18,21°55'N,101°16'E,"Zhu, 2018, Tree Physiology; Yan, 2020, Biology Letters",Yuanan province,China
N18,Ang,Bignoniaceae,Tabebuia heterophylla,,1.04 ,1.64 ,,0.62 ,,3.99999994,26.07 ,939.00 ,NA,0.7402,130.6923339,58.51883815,19.67916679,26,17°58?2.17?N,66°53?17.54?W,"Vargas, 2021, New Phytologist",Guanica,Puerto Rico
N60,Ang,Bignoniaceae,Tabebuia impeteginosa,,,,,0.71 ,,3.533333381,26.60 ,1633.00 ,1.163631518,1.0017,80.14568299,93.82169736,21.43599892,2,10°43?31.39?N,85°35?46.99?W,"Vargas, 2021, New Phytologist",Horizontes,Costa Rica
N61,Ang,Bignoniaceae,Tabebuia ochraceae,,,,,0.80 ,,3.533333381,26.60 ,1633.00 ,1.163631518,1.0017,80.14568299,93.82169736,21.43599892,2,10°43?31.39?N,85°35?46.99?W,"Vargas, 2021, New Phytologist",Horizontes,Costa Rica
1642 ,Ang,Bignoniaceae,Tabebuia rosea,,2.16 ,,68.46 ,0.42 ,,2.533333361,25.07 ,999.00 ,NA,0.4434,207.0734595,111.2129666,17.13199997,2,19°29'N,105°02'W,"Mendez-Alonzo, 2013, Trees-Strucyture and Function",the Pacific coast of Jalisco,Mexico
N62,Ang,Bignoniaceae,Tabebuia rosea,,,,,0.53 ,,3.533333381,26.60 ,1633.00 ,1.163631518,1.0017,80.14568299,93.82169736,21.43599892,2,10°43?31.39?N,85°35?46.99?W,"Vargas, 2021, New Phytologist",Horizontes,Costa Rica
1521 ,Ang,Bignoniaceae,Tabelbuia impetiginosa,,2.65 ,0.43 ,,0.43 ,,2.950000008,24.77 ,1143.00 ,0.998740338,0.6171,167.8732009,62.51391847,16.2159996,16,16°07' S,61°43' W,"Markesteijn et al, 2011a, 2011b","Near Conception, Santa Cruz",Bolivia
160 ,Ang,Fabaceae,Tachigali chrysophylla,-3.79 ,,,,,,1.341666689,26.36 ,1934.00 ,0.636951369,1.3225,59.60847558,71.64908622,21.23999977,32,2°31'S,54°35'W,"Barros, 2019, New Phytologist","Manaus, Amazonas",Brazil
3083 ,Ang,Fabaceae,Tachigali melinonii,-4.13 ,,,,,,2.158333331,25.74 ,2796.00 ,0.649499163,1.8807,45.73945121,49.59006205,21.01600075,68,5°16'N,52°55'W,"Ziegler, 2019, Annals of Forest Science","Guiana Shield, French Guiana",France (overseas territories)
554 ,Ang,Fabaceae,Tachigali versicolor,-1.21 ,3.28 ,,,0.64 ,,1.974999984,26.20 ,2501.00 ,0.620433427,2.4056,55.1326178,61.10977054,22.31999969,24,9°17' N,79°58' W,"De Guzman, 2020, Tree Physiology",near the Caribbean coast of Panama,Panama
1595 ,Ang,Fabaceae,Tachigali versicolor,-2.76 ,0.92 ,0.20 ,,0.72 ,,1.974999984,26.20 ,2501.00 ,0.620433427,2.4056,55.1326178,61.10977054,22.31999969,24,9°17' N,79°58' W,"Medina-Vega, 2021, Journal of Ecology",near the Caribbean coast of Panama,Panama
1619 ,Ang,Fabaceae,Tachigali versicolor,-1.60 ,,,,,23.00 ,1.974999984,26.20 ,2501.00 ,0.620433427,2.4056,55.1326178,61.10977054,22.31999969,24,9°17' N,79°58' W,"Meinzer, 2008, Oecologia; Johnson, 2009, Tree Physiology",near the Caribbean coast of Panama,Panama
1350 ,Ang,Tamaricaceae,Tamarix ramosissima,,1.91 ,0.34 ,,0.51 ,1.50 ,3.033333321,6.98 ,403.00 ,0.919943515,0.3812,1312.006948,111.2644035,-17.76000023,2,43°02'N,119°39'E,"Liu, 2019, Science Advances",Inner Mongolia,China
1821 ,Ang,Tamaricaceae,Tamarix ramosissima,-1.61 ,3.66 ,,31.60 ,,,3.041666667,18.41 ,391.00 ,1.813401252,0.2265,703.9524282,77.36163668,-0.032000002,5,32°01' N,110°37' W,"Pockman & Sperry, 2000, American Journal of Botany","Pima County, Arizona",USA
555 ,Ang,Anacardiaceae,Tapirira guianensis,-1.69 ,0.51 ,,,0.50 ,,1.974999984,26.20 ,2501.00 ,0.620433427,2.4056,55.1326178,61.10977054,22.31999969,24,9°17' N,79°58' W,"De Guzman, 2020, Tree Physiology",near the Caribbean coast of Panama,Panama
1622 ,Ang,Anacardiaceae,Tapirira guianensis,-1.80 ,,,,0.43 ,34.00 ,1.974999984,26.20 ,2501.00 ,0.620433427,2.4056,55.1326178,61.10977054,22.31999969,24,9°17' N,79°58' W,"Meinzer, 2008, Oecologia; Santiago, 2004, Oecologia",near the Caribbean coast of Panama,Panama
3057 ,Ang,Rubiaceae,Tarenna depauperata,-3.60 ,,,,,,1.241666675,21.73 ,1241.00 ,0.650657102,0.5667,418.0369268,86.52378798,10.16399956,13,23°27'N,102°10'E,"Zhu, 2018, Tree Physiology; Yan, 2020, Biology Letters",Yunnan province,China
2994 ,Ang,Rubiaceae,Tarenna mollissima,-2.46 ,,,,,,1.866666645,20.60 ,1835.00 ,0.759396395,1.4258,565.6792834,66.92045161,8.623999596,37,23°10'N,112°31'E,"Zhu, 2018, Tree Physiology",Guangdong Province,China
985 ,Ang,Winteraceae,Tasmannia insipida,-4.68 ,,,,0.55 ,,4.600000024,19.84 ,2065.00 ,0.802368564,1.0075,238.4265175,80.37573047,11.53199959,34,16°31' S,145°15' E,"Hacke, 2007, International Journal of Plant Sciences",northern New South Wales,Australia
254 ,Ang,Winteraceae ,Tasmannia lanceolata,,0.08 ,0.15 ,,0.70 ,,5.674999992,6.25 ,1531.00 ,0.387481756,2.0783,305.9782469,21.03196025,-2.220000029,85,42°40'S,146°37'E,"Blackman, 2014, Annals of Botany; Blackman, 2012, Oecologia; Blackman, 2010, New Phytologist; Brodribb & Feild, 2000, Plant, Cell and Environment",Tasmania,Australia
988 ,Ang,Winteraceae,Tasmannia stipitata,-3.70 ,,,,,,3.441666663,13.76 ,958.00 ,0.725899546,0.9923,453.9503593,37.68199251,1.45599997,43,29°12' S,152°07' E,"Hacke, 2007, International Journal of Plant Sciences",Northern New South Wales,Australia
1776 ,Gym,Cupressaceae,Taxodium distichum,-2.14 ,6.54 ,,22.68 ,0.31 ,,2.158333331,15.05 ,1130.00 ,0.84883933,0.8895,788.8072516,11.87845544,-2.888000011,76,35°52' N,79°59' W,"Pittermann, 2006a, 2006b","Durham, North Carolina",USA
3155 ,Gym,Cupressaceae,Taxodium distichum,-1.19 ,0.29 ,,12.33 ,0.40 ,22.50 ,3.450000028,10.82 ,1598.00 ,0.47322563,2.0205,800.2749327,49.53918558,-3.835999966,43,30°24' N,119°26' E,"???, 2020, ????",Zhejiang province,China
3156 ,Gym,Cupressaceae,Taxodium distichum var?imbricatum,-1.13 ,1.48 ,,11.70 ,0.40 ,22.50 ,3.450000028,10.82 ,1598.00 ,0.47322563,2.0205,800.2749327,49.53918558,-3.835999966,43,30°24' N,119°26' E,"???, 2020, ????",Zhejiang province,China
512 ,Gym,Cupressaceae,Taxus baccata,-6.97 ,,,,0.63 ,5.00 ,2.699999988,11.29 ,598.00 ,0.592509912,0.6645,603.3775522,38.21785488,-2.052000046,27,45°47' N,3°08' E,"Cochard, 2006, Comptes Rendus Physique",Clermont-Ferrand,France
499 ,Gym,Cupressaceae,Taxus brevifolia,-6.44 ,,,,0.67 ,10.00 ,2.383333315,5.64 ,353.00 ,0.725088895,0.3735,794.5052301,27.59431006,-12.09599972,21,46°18' N,114°13' W,"Cochard, 2006, Comptes Rendus Physique",Montana,USA
251 ,Ang,Proteaceae,Telopea truncata,,,,,0.69 ,,5.674999992,6.25 ,1531.00 ,0.387481756,2.0783,305.9782469,21.03196025,-2.220000029,85,42°40'S,146°37'E,"Blackman, 2014, Annals of Botany; Blackman, 2012, Oecologia; Blackman, 2010, New Phytologist",Tasmania,Australia
1596 ,Ang,Combretaceae,Terminalia amazonia,-3.41 ,2.96 ,0.27 ,,0.63 ,,1.974999984,26.20 ,2501.00 ,0.620433427,2.4056,55.1326178,61.10977054,22.31999969,24,9°17' N,79°58' W,"Medina-Vega, 2021, Journal of Ecology",near the Caribbean coast of Panama,Panama
2374 ,Ang,Combretaceae,Terminalia amazonia,-2.59 ,1.21 ,0.29 ,,,,1.650000006,26.79 ,2330.00 ,0.716664737,1.3739,67.82329313,69.04398102,22.50799942,19,9°10'N,79°07'W,"van der Sande, 2013, Oecologia",Isthmus of Panama,Panama
697 ,Ang,Combretaceae,Terminalia bellirica,,,,217.50 ,0.66 ,14.70 ,1.266666651,21.56 ,1641.00 ,0.894353661,0.9726,335.0943307,76.6728934,11.23200035,16,21°41' N,101°25' E,"Fan, 2012, Journal of Ecology",Yunnan Province,China
3058 ,Ang,Combretaceae,Terminalia franchetii,-2.40 ,,,,,,1.241666675,21.73 ,1241.00 ,0.650657102,0.5667,418.0369268,86.52378798,10.16399956,13,23°27'N,102°10'E,"Zhu, 2018, Tree Physiology; Yan, 2020, Biology Letters",Yunnan province,China
807 ,Ang,Combretaceae,Terminalia platyptera,,2.49 ,0.48 ,39.03 ,0.59 ,7.00 ,2.391666681,26.83 ,687.00 ,2.472404017,0.3277,380.6304795,119.4832856,13.63599968,1,18°43' S,141°50' E,"Gleason, 2012, Functional Ecology",Carpentaria,Australia
3062 ,Ang,Anacardiaceae,Terminthia paniculata,-2.62 ,5.90 ,0.55 ,,0.54 ,,1.241666675,21.73 ,1241.00 ,0.650657102,0.5667,418.0369268,86.52378798,10.16399956,13,23°27'N,102°10'E,"Zhu, 2018, Tree Physiology; Zhang, 2017, Frontiers in Plant Science; Yan, 2020, Biology Letters",Yunnan province,China
1320 ,Ang,Theaceae,Ternstroemia gymnanthera,,0.60 ,,,0.54 ,,2.383333345,16.19 ,1749.00 ,0.606894284,1.7554,831.410251,57.04453011,1.052000046,44,29°15' N,118°07' E,"Liu, 2016, Ecology",Zhejiang province,China
2678 ,Ang,Trochodendraceae,Tetracentron sinense,,1.45 ,0.81 ,,0.43 ,,1.908333331,7.08 ,884.00 ,6.066549556,0.9004,638.6576091,89.54447083,-7.079999924,8,29°35'N,102°03'E,"Xu, 2020, New Phytologist",Sichuan province,China
2702 ,Ang,Trochodendraceae,Tetracentron sinense,,1.50 ,2.18 ,,0.50 ,,1.649999996,12.79 ,928.00 ,6.066549556,0.8259,567.4750116,90.2711391,-1.203999996,9,29°39'N,102°06'E,"Xu, 2020, New Phytologist",Sichuan province,China
2365 ,Ang,Dilleniaceae,Tetracera portobellensis,-1.35 ,26.44 ,0.79 ,,,,1.650000006,26.79 ,2330.00 ,0.716664737,1.3739,67.82329313,69.04398102,22.50799942,19,9°10'N,79°07'W,"van der Sande, 2013, Oecologia",Isthmus of Panama,Panama
1746 ,Gym,Cupressaceae,Tetraclinis articulata,-8.55 ,0.16 ,0.27 ,8.60 ,0.64 ,4.00 ,3.825000008,18.13 ,294.00 ,0.952356165,0.2424,540.0343262,46.32523882,5.56400013,5,38°10' N,0°38' W,"Oliveras, 2003, Plant Ecology",Alicante,Spain
972 ,Ang,Asteraceae,Tetradymia glabrata,-5.50 ,,,20.00 ,0.85 ,,3.266666671,10.85 ,173.00 ,1.324076769,0.1546,1001.58103,17.80877686,-11.69999981,11,40°12' N,112°56' W,"Hacke, 2000a, Basic and Applied Ecology","near Dugway, Utah",USA
1740 ,Ang,Burseraceae,Tetragastris panamensis,-1.83 ,,,,,,1.141666691,26.88 ,2216.00 ,0.839025411,1.3428,52.339996,49.8643603,22.24399948,59,03°08'S,59°53'W,"Oliveire, 2019, New Phytologist",Manaus,Brazil
1264 ,Ang,Apocynaceae,Thevetia peruviana,-0.71 ,,,,,,2.99999998,17.07 ,417.00 ,1.296086607,0.3235,471.5872751,94.41524756,3.832000017,1,34°08' N,118°17' W,"Litvak, 2012, Tree Physiology",Southern California,USA
N19,Ang,Sapindaceae,Thouinia portoricensis,,1.16 ,0.61 ,,1.17 ,,3.99999994,26.07 ,939.00 ,NA,0.7402,130.6923339,58.51883815,19.67916679,26,17°58?2.17?N,66°53?17.54?W,"Vargas, 2021, New Phytologist",Guanica,Puerto Rico
2316 ,Gym,Cupressaceae,Thuja occidentalis,-3.57 ,,,,,,3.908333321,5.81 ,1053.00 ,0.353096022,1.1155,1068.679117,16.85097041,-15.02799988,66,44°49' N,79°24' W,"Tyree & Dixon, 1986, Physiologia Plantarum","Snake Island, Ontario",Canada
124 ,Gym,Cupressaceae,Thuja plicata,-5.49 ,0.20 ,,,,,2.616666655,7.17 ,733.00 ,0.646922595,0.7616,736.4493701,36.03984239,-9.675999641,26,46°50? N,116°43' W,"Baker, 2019, AoB Plants","Princeton, Idaho",USA
1577 ,Gym,Cupressaceae,Thuja plicata,-5.10 ,0.65 ,,13.20 ,0.50 ,,3.133333345,9.20 ,1966.00 ,0.525498726,2.8142,621.1864284,66.00855732,-5.840000153,26,45°49'N,121°57'W,"McCulloh, 2014, Plant, cell and Envirnoment",southern Washington,USA
1366 ,Ang,Malvaceae,Tilia amurensis,-2.80 ,6.11 ,0.88 ,31.80 ,0.27 ,8.43 ,1.833333333,3.27 ,661.00 ,0.432660541,0.8044,1257.058799,95.56655616,-21.12800026,5,42°24'N,128°29'E,"Liu, 2019, Science Advances; Yang, 2019, Tree Physiology; Yin, 2018, New Phytologist",Jilin Province,China
2748 ,Ang,Malvaceae,Tilia amurensis,,,,,0.29 ,,1.974999994,3.38 ,746.00 ,0.477410407,0.9118,1315.107456,97.50753008,-22.3920002,7,42°27´N,127°24´E,"Yang, 2020, Forests",Jilin Province,China
3133 ,Ang,Malvaceae,Tilia amurensis,-0.90 ,5.98 ,0.61 ,,,,3.516666671,2.79 ,594.00 ,0.46329067,0.8569,1416.032805,107.0789385,-24.60400009,3,45°24´N,127°40´E,"??, 2017, ??????; Jin, 2016, Functional Plant Biology; Jin, 2018, Tree Physiology",Heilongjiang province ,China
2558 ,Ang,Tiliaceae,Tilia chinensis var. intonsa,,0.56 ,0.95 ,,0.32 ,,2.091666649,3.70 ,847.00 ,15.35548757,0.9333,618.9011041,93.37889157,-9.944000244,5,29°25'N,101°55'E,"Xu, 2020, New Phytologist",Sichuan province,China
2577 ,Ang,Tiliaceae,Tilia chinensis var. intonsa,,0.31 ,0.95 ,,0.32 ,,2.299999972,0.78 ,828.00 ,15.35548757,0.9958,691.690106,92.74818783,-13.50800037,4,29°22'N,101°55'E,"Xu, 2020, New Phytologist",Sichuan province,China
1978 ,Ang,Malvaceae,Tilia cordata,-1.65 ,,,,0.42 ,,2.224999984,13.22 ,1284.00 ,0.550608952,1.2953,680.3336276,20.82444629,0.263999999,70,45°38'N,13°48''E,"Savi, 2019, Tree Physiology",Trieste,Italy
1372 ,Ang,Malvaceae,Tilia mandshurica,-2.55 ,3.02 ,1.11 ,26.70 ,0.25 ,8.47 ,1.833333333,3.27 ,661.00 ,0.432660541,0.8044,1257.058799,95.56655616,-21.12800026,5,42°24'N,128°29'E,"Liu, 2019, Science Advances; Yin, 2018, New Phytologist",Jilin Province,China
825 ,Ang,Rubiaceae,Timonius timon,,6.36 ,0.52 ,56.70 ,0.47 ,10.00 ,4.891666691,23.63 ,2084.00 ,0.865874479,1.3729,289.0695581,88.38712088,14.96000004,29,18°24' S,146°6' E,"Gleason, 2012, Functional Ecology",Queensland,Australia
718 ,Ang,Menispermaceae,Tinospora sp.,,10.15 ,4.09 ,,,,2.708333333,26.29 ,2977.00 ,NA,2.331,43.33440365,34.52594325,21.56999969,117,5°08' S,145°41' E,"Feild & Balun, 2008, New Phytologist",20 km north of Madang,Papua New Guinea
2859 ,Ang,Linaceae,Tirpitzia ovoidea,-1.53 ,2.17 ,0.66 ,,0.63 ,,1.575000008,21.79 ,1244.00 ,0.682104923,0.9054,514.7271923,76.36396698,9.815999985,19,22°07'N,106°45'E,"Zhang, 2021, Functional Ecology; ???, 2019, ??????",Guangxi province,China
2154 ,Ang,Linaceae,Tirpitzia sinensis,,0.82 ,0.66 ,,0.61 ,,1.708333333,15.31 ,1184.00 ,0.558582058,1.1298,632.1588893,75.233605,1.911999941,18,26°15'N,105°80'E,This study,Guizhou Province,China
1597 ,Ang,Rubiaceae,Tocoyena pittieri,-1.74 ,1.11 ,0.23 ,,0.66 ,,1.974999984,26.20 ,2501.00 ,0.620433427,2.4056,55.1326178,61.10977054,22.31999969,24,9°17' N,79°58' W,"Medina-Vega, 2021, Journal of Ecology",near the Caribbean coast of Panama,Panama
556 ,Ang,Celastraceae,Tontelea passiflora,-2.24 ,0.67 ,,,0.74 ,,1.974999984,26.20 ,2501.00 ,0.620433427,2.4056,55.1326178,61.10977054,22.31999969,24,9°17' N,79°58' W,"De Guzman, 2020, Tree Physiology",near the Caribbean coast of Panama,Panama
1598 ,Ang,Celastraceae,Tontelea passiflora,-2.43 ,2.40 ,0.30 ,,0.67 ,,1.974999984,26.20 ,2501.00 ,0.620433427,2.4056,55.1326178,61.10977054,22.31999969,24,9°17' N,79°58' W,"Medina-Vega, 2021, Journal of Ecology",near the Caribbean coast of Panama,Panama
698 ,Ang,Meliaceae,Toona ciliata,,,,174.70 ,0.49 ,28.00 ,1.266666651,21.56 ,1641.00 ,0.894353661,0.9726,335.0943307,76.6728934,11.23200035,16,21°41' N,101°25' E,"Fan, 2012, Journal of Ecology",Yunnan Province,China
416 ,Ang,Meliaceae,Toona sinensis,-2.40 ,3.47 ,0.68 ,45.90 ,0.47 ,,2.791666687,12.90 ,750.00 ,0.833278615,0.7018,1029.416139,109.3542796,-7.93599987,8,35°46'N,117°47'E,"Chen, 2019, 2020, 2021, Tree Physiology","Xintai, Shandong province",China
2155 ,Ang,Meliaceae,Toona sinensis,,5.49 ,1.78 ,,0.55 ,,1.708333333,15.31 ,1184.00 ,0.558582058,1.1298,632.1588893,75.233605,1.911999941,18,26°15'N,105°80'E,This study,Guizhou Province,China
791 ,Ang,Anacardiaceae,Toxicodendron diversilobum,,4.10 ,0.24 ,30.00 ,0.49 ,2.00 ,3.824999968,14.36 ,523.00 ,0.738863925,0.575,361.664256,89.8340392,2.851999998,2,37°25' N,122°15' W,"Gartner, 1991,  Oecologia",Jasper Ridge,USA
792 ,Ang,Anacardiaceae,Toxicodendron diversilobum,,9.10 ,0.77 ,37.00 ,0.50 ,4.00 ,3.824999968,14.36 ,523.00 ,0.738863925,0.575,361.664256,89.8340392,2.851999998,2,37°25' N,122°15' W,"Gartner, 1991,  Oecologia",Jasper Ridge,USA
1321 ,Ang,Anacardiaceae,Toxicodendron succedaneum,,0.82 ,,,0.46 ,,2.383333345,16.19 ,1749.00 ,0.606894284,1.7554,831.410251,57.04453011,1.052000046,44,29°15' N,118°07' E,"Liu, 2016, Ecology",Zhejiang province,China
2220 ,Ang,Anacardiaceae,Toxicodendron succedaneum,-1.51 ,4.77 ,0.84 ,,0.46 ,,1.87499999,20.60 ,1835.00 ,0.759396395,1.3895,565.6792834,66.92045161,8.623999596,37,23°10' N,112°32' E,"This study; Zhu, 2013, Plant, Cell & Environment; Zhu, 2018, Tree Physiology",Guangdong Province,China
2169 ,Ang,Anacardiaceae,Toxicodendron succedaneum ,,5.02 ,1.26 ,,0.43 ,,2.383333345,14.83 ,1141.00 ,0.681450467,1.1928,885.8909326,59.00553992,-2.440000057,20,31°48'N,114°04'E,This study,Henan province,China
2722 ,Ang,Anacardiaceae,Toxicodendron sylvestre,,,0.94 ,,,,1.524999996,12.54 ,926.00 ,6.066549556,0.8051,563.7753109,89.68643892,-1.220000029,9,29°39'N,102°08'E,"Xu, 2020, New Phytologist",Sichuan province,China
2466 ,Ang,Anacardiaceae,Toxicodendron vernicifluum,,0.15 ,1.14 ,,0.57 ,,2.308333327,5.61 ,751.00 ,2.957267348,0.6981,607.8590627,99.25253833,-9.423999786,2,29°23'N,101°01'E,"Xu, 2020, New Phytologist",Sichuan province,China
2740 ,Ang,Arecaceae,Trachycarpus fortunei,,0.40 ,2.86 ,,0.43 ,,1.299999992,13.24 ,983.00 ,2.92760473,0.7174,576.9135477,90.39955827,-0.60799998,10,29°26'N,102°10'E,"Xu, 2020, New Phytologist",Sichuan province,China
557 ,Ang,Burseraceae,Trattinnickia aspera,-0.86 ,2.36 ,,,0.40 ,,1.974999984,26.20 ,2501.00 ,0.620433427,2.4056,55.1326178,61.10977054,22.31999969,24,9°17' N,79°58' W,"De Guzman, 2020, Tree Physiology",near the Caribbean coast of Panama,Panama
1623 ,Ang,Burseraceae,Trattinnickia aspera,-1.10 ,,,,0.57 ,24.00 ,1.974999984,26.20 ,2501.00 ,0.620433427,2.4056,55.1326178,61.10977054,22.31999969,24,9°17' N,79°58' W,"Meinzer, 2008, Oecologia; Santiago, 2004, Oecologia",near the Caribbean coast of Panama,Panama
2901 ,Ang,Ulmaceae ,Trema cannabina,-2.64 ,4.13 ,0.76 ,,0.34 ,,2.391666651,22.44 ,2177.00 ,0.679918148,1.613,520.8183658,75.162042,11.56799984,28,22°34' N,112°50' E,"Zhu, 2017, Forest Ecology and Management",Guangdong Province,China
719 ,Ang,Cannabaceae,Trema orientalis,,5.87 ,2.22 ,,,,2.708333333,26.29 ,2977.00 ,NA,2.331,43.33440365,34.52594325,21.56999969,117,5°08' S,145°41' E,"Feild & Balun, 2008, New Phytologist",20 km north of Madang,Papua New Guinea
2221 ,Ang,Cannabaceae,Trema tomentosa,-2.64 ,4.13 ,0.73 ,,0.34 ,9.00 ,1.87499999,20.60 ,1835.00 ,0.759396395,1.3895,565.6792834,66.92045161,8.623999596,37,23°10' N,112°32' E,"This study; Zhu, 2013, Plant, Cell & Environment; Zhu, 2018, Tree Physiology",Guangdong Province,China
2222 ,Ang,Euphorbiaceae,Triadica cochinchinensis,-1.01 ,4.41 ,0.57 ,,0.43 ,,1.87499999,20.60 ,1835.00 ,0.759396395,1.3895,565.6792834,66.92045161,8.623999596,37,23°10' N,112°32' E,"This study; Zhu, 2013, Plant, Cell & Environment; Zhu, 2018, Tree Physiology",Guangdong Province,China
1522 ,Ang,Meliaceae,Trichilia elegans,-3.50 ,1.89 ,0.60 ,,0.57 ,,2.950000008,24.77 ,1143.00 ,0.998740338,0.6171,167.8732009,62.51391847,16.2159996,16,16°07' S,61°43' W,"Markesteijn et al, 2011a, 2011b","Near Conception, Santa Cruz",Bolivia
N69,Ang,Meliaceae,Trichillia carinata,,0.69 ,0.87 ,,0.70 ,,0.933333327,27.11 ,2361.00 ,0.967750517,0.9,42.79068225,42.88318898,21.69199944,87,5°3?36?N,74°49?48?W,"Vargas, 2021, New Phytologist",Jabiru,Colombia
N102,Ang,Meliaceae,Trichillia martiana,,,,,0.53 ,,3.533333381,26.60 ,1633.00 ,1.163631518,1.0017,80.14568299,93.82169736,21.43599892,2,10°43?31.39?N,85°35?46.99?W,"Vargas, 2021, New Phytologist",Santa Rosa,Costa Rica
N71,Ang,Meliaceae,Trichillia oligofoliolata,,0.78 ,0.40 ,,0.77 ,,0.933333327,27.11 ,2361.00 ,0.967750517,0.9,42.79068225,42.88318898,21.69199944,87,5°3?36?N,74°49?48?W,"Vargas, 2021, New Phytologist",Jabiru,Colombia
N72,Ang,Meliaceae,Trichillia palida,,0.59 ,0.48 ,,0.64 ,,0.933333327,27.11 ,2361.00 ,0.967750517,0.9,42.79068225,42.88318898,21.69199944,87,5°3?36?N,74°49?48?W,"Vargas, 2021, New Phytologist",Jabiru,Colombia
720 ,Ang,Malvaceae,Trichospermum pleiostigma,,7.67 ,2.22 ,,,,2.708333333,26.29 ,2977.00 ,NA,2.331,43.33440365,34.52594325,21.56999969,117,5°08' S,145°41' E,"Feild & Balun, 2008, New Phytologist",20 km north of Madang,Papua New Guinea
1125 ,Ang,Phytolaccaceae,Trichostigma octandrum,-2.90 ,1.58 ,0.51 ,,0.49 ,,1.916666647,26.94 ,2169.00 ,0.756386424,1.2534,65.14634424,68.85282668,22.84545517,16,9°00'N,79°33'W,"Johnson, 2013, American Journal of Botany",near Panama City,Panama
1615 ,Ang,Phytolaccaceae,Trichostigma octandrum,-1.39 ,2.54 ,0.20 ,,0.38 ,,1.916666647,26.94 ,2169.00 ,0.756386424,1.2534,65.14634424,68.85282668,22.84545517,16,9°00'N,79°33'W,"Medina-Vega, 2021, Journal of Ecology",near Panama City,Panama
699 ,Ang,Euphorbiaceae,Trigonostemon thyrsoideus,,,,69.00 ,0.62 ,13.60 ,1.266666651,21.56 ,1641.00 ,0.894353661,0.9726,335.0943307,76.6728934,11.23200035,16,21°41' N,101°25' E,"Fan, 2012, Journal of Ecology",Yunnan Province,China
3059 ,Ang,Euphorbiaceae,Trigonostemon tuberculatum,-2.70 ,,,,,,1.241666675,21.73 ,1241.00 ,0.650657102,0.5667,418.0369268,86.52378798,10.16399956,13,23°27'N,102°10'E,"Zhu, 2018, Tree Physiology; Yan, 2020, Biology Letters",Yunnan province,China
2078 ,Ang,Trimeniaceae,Trimenia moorei,-0.38 ,,,,,,3.225000004,13.74 ,958.00 ,0.725899546,0.953,453.5471981,37.43379357,1.439999938,43,29°14' S,152°07' E,"Sperry, 2007, International Journal of Plant Sciences",New South Wales,Australia
2079 ,Ang,Trimeniaceae,Trimenia neocaledonica,-1.25 ,,,,,,3.575000028,21.23 ,2181.00 ,0.757955855,1.3547,196.3120231,42.95976722,14.13199997,80,21°10' S,165°17' E,"Sperry, 2007, International Journal of Plant Sciences",New Caledonia,France (Overseas territories)
N70,Ang,Polygonaceae,Triplaris melaenodendron,,8.28 ,1.72 ,,0.54 ,,0.933333327,27.11 ,2361.00 ,0.967750517,0.9,42.79068225,42.88318898,21.69199944,87,5°3?36?N,74°49?48?W,"Vargas, 2021, New Phytologist",Jabiru,Colombia
984 ,Ang,Trochodendraceae,Trochodendron aralioides,-2.35 ,,,,,,2.291666667,15.46 ,1550.00 ,0.736711768,1.59,854.1060151,47.0553308,-0.136000007,47,35°N,135°42' E,"Hacke, 2007, International Journal of Plant Sciences",vicinity of Kyoto,Japan
2902 ,Ang,Magnoliaceae ,Tsoongiodendron odorum,-3.04 ,1.50 ,1.32 ,,0.40 ,,2.391666651,22.44 ,2177.00 ,0.679918148,1.613,520.8183658,75.162042,11.56799984,28,22°34' N,112°50' E,"Zhu, 2017, Forest Ecology and Management",Guangdong Province,China
623 ,Gym,Pinaceae,Tsuga canadensis,,0.38 ,0.38 ,19.25 ,,8.00 ,2.700000028,7.41 ,1078.00 ,0.522142703,1.0586,1001.756858,9.327823257,-13.84799957,70,42°53' N,72°19' W,"Ewers & Zimmermann, 1984b, Canadian Journal of Botany","Petersham, Massachusetts (MA)",USA
2317 ,Gym,Pinaceae,Tsuga canadensis,-3.07 ,,,,,,3.908333321,5.81 ,1053.00 ,0.353096022,1.1155,1068.679117,16.85097041,-15.02799988,66,44°49' N,79°24' W,"Tyree & Dixon, 1986, Physiologia Plantarum","Snake Island, Ontario",Canada
2578 ,Gym,Pinaceae,Tsuga chinensis,,,0.59 ,,,,2.299999972,0.78 ,828.00 ,15.35548757,0.9958,691.690106,92.74818783,-13.50800037,4,29°22'N,101°55'E,"Xu, 2020, New Phytologist",Sichuan province,China
2660 ,Gym,Pinaceae,Tsuga chinensis,,,0.63 ,,,,2.074999998,3.00 ,858.00 ,6.066549556,0.9714,635.2643433,90.25313014,-10.72399998,8,29°35'N,102°02'E,"Xu, 2020, New Phytologist",Sichuan province,China
352 ,Gym,Pinaceae,Tsuga heterophylla,,,0.46 ,,,,2.199999998,6.39 ,422.00 ,0.643275931,0.4711,796.629029,23.633778,-12.05200005,26,46°05'N,114°50'W,"Callaway, 2000, Ecosystems","90 km south of Missoula, Montana",USA
1578 ,Gym,Pinaceae,Tsuga heterophylla,-4.60 ,0.45 ,,14.30 ,0.56 ,,3.133333345,9.20 ,1966.00 ,0.525498726,2.8142,621.1864284,66.00855732,-5.840000153,26,45°49'N,121°57'W,"McCulloh, 2014, Plant, cell and Envirnoment",southern Washington,USA
762 ,Ang,Staphyleaceae,Turpinia pomifera,-2.05 ,2.65 ,0.51 ,,0.54 ,,1.450000008,19.61 ,1575.00 ,0.7831742,1.2463,355.3021639,76.07293498,9.543999672,18,21°54' N,101°46' E,"Fu, 2012, Annals of Botany",Yunnan Province,China
2925 ,Ang,Staphyleaceae,Turpinia pomifera,-2.20 ,2.73 ,0.57 ,,0.58 ,8.00 ,1.450000008,19.61 ,1575.00 ,0.7831742,1.2463,355.3021639,76.07293498,9.543999672,18,21°54'N,101°46'E,"Zhu, 2017, Tree Physiology; Tan, 2020, Agricultural and Forest Meteorology",Yunnan province,China
3047 ,Ang,Staphyleaceae,Turpinia pomifera,-1.90 ,,,,,,1.225000014,22.42 ,1640.00 ,0.894353661,0.8598,350.4611648,75.65033519,11.8760004,18,21°55'N,101°16'E,"Zhu, 2018, Tree Physiology; Yan, 2020, Biology Letters",Yuanan province,China
449 ,Ang,Fabaceae,Ulex europaeus,-6.58 ,,,,,,3.708333313,11.60 ,796.00 ,0.539929419,0.8978,529.6588266,23.66372411,-0.175999999,44,47°05'N,0°45'W,"Choat, 2012, Nature",Toutlemonde,France
581 ,Ang,Ulmaceae ,Ulmus alata,-0.40 ,2.73 ,0.70 ,35.00 ,,6.60 ,2.408333331,14.77 ,1168.00 ,0.832321853,0.9195,792.8330532,10.80886819,-2.828000069,80,35°58' N,79°08' W,"Domec, 2010, Tree Physiology",North Carolina,USA
2804 ,Ang,Ulmaceae,Ulmus bergmanniana,,,0.60 ,15.86 ,,,2.141666661,9.62 ,592.00 ,0.661215941,0.635,902.384731,79.18673104,-9.227999687,4,35°09'N,108°45'E,"Yin, 2019, Forests",Shaanxi Province,China
1357 ,Ang,UImaceae,Ulmus davidiana,,3.14 ,1.22 ,,0.58 ,7.77 ,1.833333333,3.27 ,661.00 ,0.432660541,0.8044,1257.058799,95.56655616,-21.12800026,5,42°24'N,128°29'E,"Liu, 2019, Science Advances",Jilin Province,China
2805 ,Ang,Verbenaceae,Ulmus glaucescens,,,0.74 ,20.62 ,,,2.141666661,9.62 ,592.00 ,0.661215941,0.635,902.384731,79.18673104,-9.227999687,4,35°09'N,108°45'E,"Yin, 2019, Forests",Shaanxi Province,China
541 ,Ang,Ulmaceae,Ulmus pumila,-2.04 ,,,50.96 ,,12.73 ,2.199999988,10.34 ,439.00 ,0.837276485,0.4003,1058.052428,105.8021687,-12.22000027,3,37°26?N,112°32?E,"Dai, 2020, Plant Physiology and Biochemistry",Shanxi provience,China
1089 ,Ang,Lauraceae,Umbellularia californica,-1.35 ,3.32 ,,52.04 ,0.44 ,,3.633333345,16.29 ,426.00 ,1.125048534,0.4043,426.7080897,99.9189354,5.268000126,1,34°06' N,118°39' W,"Jacobsen, 2007c, Ecological Monographs",Southern California,USA
2841 ,Ang,Rubiaceae,Uncaria laevigata,-2.48 ,12.25 ,,,0.39 ,,1.225000004,20.88 ,1683.00 ,0.85605524,1.0122,338.2657063,78.45212263,10.92399979,17,21°36?N,101°35?E,"Zhang, 2019, Tree Physiology",Yunnan province,China
2842 ,Ang,Rubiaceae,Uncaria macrophylla,-2.40 ,6.46 ,,,0.40 ,,1.225000004,20.88 ,1683.00 ,0.85605524,1.0122,338.2657063,78.45212263,10.92399979,17,21°36?N,101°35?E,"Zhang, 2019, Tree Physiology",Yunnan province,China
2915 ,Ang,Rubiaceae,Uncaria macrophylla,-1.00 ,12.38 ,1.97 ,,0.41 ,,1.450000008,19.61 ,1575.00 ,0.7831742,1.2463,355.3021639,76.07293498,9.543999672,18,21°54'N,101°46'E,"Zhu, 2017, Tree Physiology",Yunnan province,China
3048 ,Ang,Rubiaceae,Uncaria macrophylla,-1.20 ,,,,,,1.225000014,22.42 ,1640.00 ,0.894353661,0.8598,350.4611648,75.65033519,11.8760004,18,21°55'N,101°16'E,"Zhu, 2018, Tree Physiology; Yan, 2020, Biology Letters",Yuanan province,China
1322 ,Ang,Ericaceae,Vaccinium bracteatum,,0.96 ,,,0.46 ,,2.383333345,16.19 ,1749.00 ,0.606894284,1.7554,831.410251,57.04453011,1.052000046,44,29°15' N,118°07' E,"Liu, 2016, Ecology",Zhejiang province,China
1323 ,Ang,Ericaceae,Vaccinium carlesii,,0.43 ,,,0.57 ,,2.383333345,16.19 ,1749.00 ,0.606894284,1.7554,831.410251,57.04453011,1.052000046,44,29°15' N,118°07' E,"Liu, 2016, Ecology",Zhejiang province,China
1324 ,Ang,Ericaceae,Vaccinium mandarimorum,,0.43 ,,,0.50 ,,2.383333345,16.19 ,1749.00 ,0.606894284,1.7554,831.410251,57.04453011,1.052000046,44,29°15' N,118°07' E,"Liu, 2016, Ecology",Zhejiang province,China
763 ,Ang,Ericaceae,Vaccinium myrtillus,-2.31 ,,,12.41 ,,0.40 ,3.433333317,-1.72 ,1266.00 ,1.913868695,2.2795,632.6261754,19.20766343,-13.29599953,79,47°09'N,11°07'E,"Ganthaler & Mayr, 2015a, Physiologia Plantarum",Tyrol,Austria
766 ,Ang,Ericaceae,Vaccinium myrtillus,-2.08 ,,,,,0.40 ,3.133333365,3.57 ,1294.00 ,0.37659679,1.8244,625.4100331,34.72805772,-8.644000053,62,47°27'N,11°37'E,"Ganthaler & Mayr, 2015a, Physiologia Plantarum",Tyrol,Austria
767 ,Ang,Ericaceae,Vaccinium myrtillus,-1.87 ,,,,,0.40 ,1.891666661,6.06 ,1164.00 ,0.403929739,1.1914,648.299955,37.96387148,-6.636000156,55,47°22’N,11°47’E,"Ganthaler & Mayr, 2015a, Physiologia Plantarum",Tyrol,Austria
764 ,Ang,Ericaceae,Vaccinium vitis-idaea,-1.89 ,,,12.38 ,,0.30 ,3.433333317,-1.72 ,1266.00 ,1.913868695,2.2795,632.6261754,19.20766343,-13.29599953,79,47°09'N,11°07'E,"Ganthaler & Mayr, 2015a, Physiologia Plantarum",Tyrol,Austria
765 ,Ang,Ericaceae,Vaccinium vitis-idaea,-1.83 ,,,,,0.30 ,1.858333349,6.68 ,1088.00 ,1.913868695,1.1906,650.5708469,40.87193905,-6.619999886,50,47°14'N,11°14'E,"Ganthaler & Mayr, 2015a, Physiologia Plantarum",Tyrol,Austria
768 ,Ang,Ericaceae,Vaccinium vitis-idaea,-2.20 ,,,,,0.30 ,1.891666661,6.06 ,1164.00 ,0.403929739,1.1914,648.299955,37.96387148,-6.636000156,55,47°22’N,11°47’E,"Ganthaler & Mayr, 2015a, Physiologia Plantarum",Tyrol,Austria
388 ,Ang,Rhamnaceae,Ventilago calyculata,-1.29 ,8.96 ,,54.16 ,,,1.450000008,19.61 ,1575.00 ,0.7831742,1.2463,355.3021639,76.07293498,9.543999672,18,21°54' N,101°46' E,"Chen, 2014, American Journal of Botany",Yunnan provience,China
398 ,Ang,Rhamnaceae,Ventilago calyculata,-1.57 ,4.80 ,,,,,1.450000008,19.61 ,1575.00 ,0.7831742,1.2463,355.3021639,76.07293498,9.543999672,18,21°54' N,101°46' E,"Chen, 2017, Functional Ecology",Ynanan Provience,China
2916 ,Ang,Rhamnaceae,Ventilago calyculata,-1.30 ,5.14 ,1.23 ,,0.55 ,,1.450000008,19.61 ,1575.00 ,0.7831742,1.2463,355.3021639,76.07293498,9.543999672,18,21°54'N,101°46'E,"Zhu, 2017, Tree Physiology",Yunnan province,China
3050 ,Ang,Rhamnaceae,Ventilago calyculata,-1.27 ,,,,,,1.225000014,22.42 ,1640.00 ,0.894353661,0.8598,350.4611648,75.65033519,11.8760004,18,21°55'N,101°16'E,"Zhu, 2018, Tree Physiology; Yan, 2020, Biology Letters",Yuanan province,China
808 ,Ang,Rhamnaceae,Ventilago viminalis,,3.73 ,0.52 ,28.45 ,0.58 ,7.00 ,2.391666681,26.83 ,687.00 ,2.472404017,0.3277,380.6304795,119.4832856,13.63599968,1,18°43' S,141°50' E,"Gleason, 2012, Functional Ecology",Carpentaria,Australia
635 ,Ang,Euphorbiaceae ,Vernicia fordii,-0.73 ,4.82 ,0.90 ,,,,1.533333331,17.19 ,1259.00 ,0.599097986,1.063,606.2322877,78.61021309,4.047999859,17,25°42' N,105°35' E,"Fan, 2011, Tree Physiology",Guizhou Province,China
646 ,Ang,Euphorbiaceae ,Vernicia fordii,-1.23 ,3.30 ,0.80 ,,,,1.683333327,17.11 ,1321.00 ,0.531200841,1.1745,699.3437258,66.72986946,3.036000013,28,25°26' N,108°05' E,"Fan, 2011, Tree Physiology",Guizhou Province,China
2279 ,Ang,Euphorbiaceae ,Vernicia fordii,,2.58 ,0.57 ,,0.41 ,,2.383333345,14.83 ,1141.00 ,0.681450467,1.1928,885.8909326,59.00553992,-2.440000057,20,31°48'N,114°04'E,"This study; Zhu, 2018, Tree Physiology",Henan province,China
14 ,Ang,Asteraceae,Vernonia arborea,,2.11 ,0.49 ,,,26.90 ,1.208333343,21.09 ,1997.00 ,0.725864083,1.393,41.63576929,29.39761851,15.43999958,96,1°29'S,120°04'E,"Alexandra, 2011, Flora",Central Sulawesi,Indonesia
2818 ,Ang,Asteraceae,Vernonia arborea,,2.11 ,0.49 ,,,26.90 ,1.166666677,21.09 ,1997.00 ,0.725864083,1.3865,41.63576929,29.39761851,15.43999958,96,1°29'S,120°04'E,"Zach, 2010, Flora",Sulawesi,Indonesia
2703 ,Ang,Adoxaceae,Viburnum atrocyaneum,,0.38 ,0.52 ,,0.73 ,,1.649999996,12.79 ,928.00 ,6.066549556,0.8259,567.4750116,90.2711391,-1.203999996,9,29°39'N,102°06'E,"Xu, 2020, New Phytologist",Sichuan province,China
2467 ,Ang,Adoxaceae,Viburnum betulifolium,,1.91 ,0.47 ,,0.58 ,,2.308333327,5.61 ,751.00 ,2.957267348,0.6981,607.8590627,99.25253833,-9.423999786,2,29°23'N,101°01'E,"Xu, 2020, New Phytologist",Sichuan province,China
2538 ,Ang,Adoxaceae,Viburnum betulifolium,,1.07 ,0.67 ,,0.67 ,,2.433333337,5.86 ,847.00 ,15.35548757,1.0344,601.2807223,94.0150966,-7.832000256,5,29°27'N,101°53'E,"Xu, 2020, New Phytologist",Sichuan province,China
2559 ,Ang,Adoxaceae,Viburnum betulifolium,,0.80 ,0.78 ,,0.64 ,,2.091666649,3.70 ,847.00 ,15.35548757,0.9333,618.9011041,93.37889157,-9.944000244,5,29°25'N,101°55'E,"Xu, 2020, New Phytologist",Sichuan province,China
2579 ,Ang,Adoxaceae,Viburnum betulifolium,,0.69 ,0.42 ,,0.61 ,,2.299999972,0.78 ,828.00 ,15.35548757,0.9958,691.690106,92.74818783,-13.50800037,4,29°22'N,101°55'E,"Xu, 2020, New Phytologist",Sichuan province,China
2615 ,Ang,Adoxaceae,Viburnum betulifolium,,1.12 ,1.16 ,,0.66 ,,2.324999978,0.75 ,846.00 ,38.61108759,1.0448,647.250795,90.57201924,-13,7,29°34'N,102°00'E,"Xu, 2020, New Phytologist",Sichuan province,China
2806 ,Ang,Adoxaceae,Viburnum betulifolium,,,0.44 ,17.48 ,,,2.141666661,9.62 ,592.00 ,0.661215941,0.635,902.384731,79.18673104,-9.227999687,4,35°09'N,108°45'E,"Yin, 2019, Forests",Shaanxi Province,China
2661 ,Ang,Adoxaceae,Viburnum cylindricum,,0.74 ,0.65 ,,0.66 ,,2.074999998,3.00 ,858.00 ,6.066549556,0.9714,635.2643433,90.25313014,-10.72399998,8,29°35'N,102°02'E,"Xu, 2020, New Phytologist",Sichuan province,China
2280 ,Ang,Adoxaceae,Viburnum dilatatum,,1.57 ,0.89 ,,0.66 ,,2.383333345,14.83 ,1141.00 ,0.681450467,1.1928,885.8909326,59.00553992,-2.440000057,20,31°48'N,114°04'E,"This study; Zhu, 2018, Tree Physiology",Henan province,China
2412 ,Ang,Adoxaceae,Viburnum edule,,0.18 ,0.30 ,,,,2.083333304,4.38 ,623.00 ,0.440778781,0.7914,893.3477051,24.3006326,-15.5880003,33,53°45' N,122°42' W,"Wang, 2005,  Can. J. For. Res.","Prince George, British Columbia",Canada
2741 ,Ang,Adoxaceae,Viburnum foetidum var. ceanothoides,,1.57 ,0.54 ,,0.57 ,,1.299999992,13.24 ,983.00 ,2.92760473,0.7174,576.9135477,90.39955827,-0.60799998,10,29°26'N,102°10'E,"Xu, 2020, New Phytologist",Sichuan province,China
2468 ,Ang,Adoxaceae,Viburnum foetidum var. rectangulatum,,1.44 ,0.79 ,,0.52 ,,2.308333327,5.61 ,751.00 ,2.957267348,0.6981,607.8590627,99.25253833,-9.423999786,2,29°23'N,101°01'E,"Xu, 2020, New Phytologist",Sichuan province,China
2679 ,Ang,Adoxaceae,Viburnum kansuense,,0.45 ,1.24 ,,0.68 ,,1.908333331,7.08 ,884.00 ,6.066549556,0.9004,638.6576091,89.54447083,-7.079999924,8,29°35'N,102°03'E,"Xu, 2020, New Phytologist",Sichuan province,China
192 ,Ang,Adoxaceae,Viburnum lantana,-2.79 ,1.45 ,,,,2.00 ,1.716666649,7.86 ,1132.00 ,0.369855718,1.121,676.6265969,38.43783585,-6.323999882,59,47°18' N,11°04' E,"Beikircher, 2009, Tree Physiology","Telfs, Tyrol",Austria
1704 ,Ang,Adoxaceae,Viburnum lantana,-6.41 ,,,,,,1.599999984,8.57 ,979.00 ,0.366518153,1.0239,674.2515165,40.48312633,-5.248000145,46,47°16' N,11°24' E,"Nolf, 2015b, New Phytologist",Innsbruck,Austria
2539 ,Ang,Adoxaceae,Viburnum nervosum,,1.06 ,0.50 ,,0.61 ,,2.433333337,5.86 ,847.00 ,15.35548757,1.0344,601.2807223,94.0150966,-7.832000256,5,29°27'N,101°53'E,"Xu, 2020, New Phytologist",Sichuan province,China
2616 ,Ang,Adoxaceae,Viburnum nervosum,,0.77 ,0.84 ,,0.64 ,,2.324999978,0.75 ,846.00 ,38.61108759,1.0448,647.250795,90.57201924,-13,7,29°34'N,102°00'E,"Xu, 2020, New Phytologist",Sichuan province,China
2662 ,Ang,Adoxaceae,Viburnum nervosum,,0.60 ,0.67 ,,0.73 ,,2.074999998,3.00 ,858.00 ,6.066549556,0.9714,635.2643433,90.25313014,-10.72399998,8,29°35'N,102°02'E,"Xu, 2020, New Phytologist",Sichuan province,China
2680 ,Ang,Adoxaceae,Viburnum oliganthum,,1.22 ,0.74 ,,0.53 ,,1.908333331,7.08 ,884.00 ,6.066549556,0.9004,638.6576091,89.54447083,-7.079999924,8,29°35'N,102°03'E,"Xu, 2020, New Phytologist",Sichuan province,China
2704 ,Ang,Adoxaceae,Viburnum oliganthum,,1.05 ,0.58 ,,0.77 ,,1.649999996,12.79 ,928.00 ,6.066549556,0.8259,567.4750116,90.2711391,-1.203999996,9,29°39'N,102°06'E,"Xu, 2020, New Phytologist",Sichuan province,China
2705 ,Ang,Adoxaceae,Viburnum rhytidophyllum,,1.38 ,1.06 ,,0.65 ,,1.649999996,12.79 ,928.00 ,6.066549556,0.8259,567.4750116,90.2711391,-1.203999996,9,29°39'N,102°06'E,"Xu, 2020, New Phytologist",Sichuan province,China
2807 ,Ang,Adoxaceae,Viburnum schensianum,,,0.23 ,15.85 ,,,2.141666661,9.62 ,592.00 ,0.661215941,0.635,902.384731,79.18673104,-9.227999687,4,35°09'N,108°45'E,"Yin, 2019, Forests",Shaanxi Province,China
2856 ,Ang,Adoxaceae,Viburnum triplinerve,-3.35 ,2.45 ,0.90 ,,0.73 ,,1.575000008,21.79 ,1244.00 ,0.682104923,0.9054,514.7271923,76.36396698,9.815999985,19,22°07'N,106°45'E,"Zhang, 2021, Functional Ecology",Guangxi province,China
558 ,Ang,Myristicaceae,Virola elongata,-2.32 ,0.36 ,,,0.54 ,,1.974999984,26.20 ,2501.00 ,0.620433427,2.4056,55.1326178,61.10977054,22.31999969,24,9°17' N,79°58' W,"De Guzman, 2020, Tree Physiology",near the Caribbean coast of Panama,Panama
1945 ,Ang,Myristicaceae,Virola michelii,-1.93 ,3.13 ,0.57 ,,0.49 ,,1.724999984,26.11 ,2200.00 ,0.714118781,1.282,47.26106932,58.15009262,20.47200012,48,1°43'S,51°27'W,"Rowland, 2020, New Phytologist",eastern Amazonia,Brazil
3084 ,Ang,Myristicaceae,Virola michelii,-5.27 ,,,,,,2.158333331,25.74 ,2796.00 ,0.649499163,1.8807,45.73945121,49.59006205,21.01600075,68,5°16'N,52°55'W,"Ziegler, 2019, Annals of Forest Science","Guiana Shield, French Guiana",France (overseas territories)
1599 ,Ang,Myristicaceae,Virola multiflora,-2.23 ,1.59 ,0.17 ,,0.62 ,,1.974999984,26.20 ,2501.00 ,0.620433427,2.4056,55.1326178,61.10977054,22.31999969,24,9°17' N,79°58' W,"Medina-Vega, 2021, Journal of Ecology",near the Caribbean coast of Panama,Panama
1958 ,Ang,Myristicaceae,Virola sebifera,,,,,0.50 ,,1.974999984,26.20 ,2501.00 ,0.620433427,2.4056,55.1326178,61.10977054,22.31999969,24,9°17' N,79°58' W,"Santiago, 2004, Oecologia",near the Caribbean coast of Panama,Panama
259 ,Ang,Myristicaceae,Virola surinamensis,,,,,,9.90 ,2.141666651,25.74 ,2796.00 ,0.649499163,1.8806,45.73945121,49.59006205,21.01600075,68,5°16'N,52°56'W,"Bonal, 2001, Plant Cell and Environment",French Guiana,France (overseas territories)
1741 ,Ang,Myristicaceae,Virola venosa,-0.84 ,,,,,,1.141666691,26.88 ,2216.00 ,0.839025411,1.3428,52.339996,49.8643603,22.24399948,59,03°08'S,59°53'W,"Oliveire, 2019, New Phytologist",Manaus,Brazil
2375 ,Ang,Hypericaceae,Vismia billbergiana,-2.18 ,4.29 ,0.22 ,,,,1.650000006,26.79 ,2330.00 ,0.716664737,1.3739,67.82329313,69.04398102,22.50799942,19,9°10'N,79°07'W,"van der Sande, 2013, Oecologia",Isthmus of Panama,Panama
1643 ,Ang,Lamiaceae,Vitex mollis,,1.50 ,,78.19 ,0.56 ,,2.533333361,25.07 ,999.00 ,NA,0.4434,207.0734595,111.2129666,17.13199997,2,19°29'N,105°02'W,"Mendez-Alonzo, 2013, Trees-Strucyture and Function",the Pacific coast of Jalisco,Mexico
2281 ,Ang,Lamiaceae,Vitex negundo,,3.33 ,0.89 ,,0.54 ,,2.383333345,14.83 ,1141.00 ,0.681450467,1.1928,885.8909326,59.00553992,-2.440000057,20,31°48'N,114°04'E,"This study; Zhu, 2018, Tree Physiology",Henan province,China
3060 ,Ang,Lamiaceae,Vitex negundo,-2.30 ,,,,,,1.241666675,21.73 ,1241.00 ,0.650657102,0.5667,418.0369268,86.52378798,10.16399956,13,23°27'N,102°10'E,"Zhu, 2018, Tree Physiology; Yan, 2020, Biology Letters",Yunnan province,China
2808 ,Ang,Ebenaceae,Vitex negundo ,,,0.51 ,,,,2.141666661,9.62 ,592.00 ,0.661215941,0.635,902.384731,79.18673104,-9.227999687,4,35°09'N,108°45'E,"Yin, 2019, Forests",Shaanxi Province,China
1376 ,Ang,Lamiaceae,Vitex negundo var. heterophylla,-4.09 ,8.15 ,,,,,2.949999968,12.32 ,728.00 ,0.838116128,0.6821,1035.001413,112.1710721,-8.795999527,6,36°26'N,117°27'E,"Liu, 2020, Frontiers in Plant Science","Jinan, Shandong province",China
3144 ,Ang,Lamiaceae,Vitex negundo var. heterophylla,-2.16 ,1.31 ,0.34 ,69.43 ,0.64 ,,2.266666661,9.30 ,519.00 ,0.702280034,0.5251,959.9457379,88.82626146,-10.55999947,2,35°58'N,110°05'E,"???, 2010, ????; ???, 2010, ????????",Shanxi province,China
1022 ,Ang,Lamiaceae,Vitex peduncularis,,1.96 ,0.71 ,21.70 ,0.73 ,23.00 ,0.925000007,27.16 ,1998.00 ,1.128812466,1.4224,155.2808535,85.93263919,18.6079998,3,14°34'N,98°50'E,"Ishida, 2010, Tree Physiology",,Thailand
2223 ,Ang,Lamiaceae,Vitex quinata,-3.26 ,1.71 ,0.50 ,,0.49 ,12.00 ,1.87499999,20.60 ,1835.00 ,0.759396395,1.3895,565.6792834,66.92045161,8.623999596,37,23°10' N,112°32' E,"This study; Zhu, 2013, Plant, Cell & Environment; Zhu, 2018, Tree Physiology",Guangdong Province,China
1616 ,Ang,Vitaceae,Vitis tiliifolia,-1.40 ,16.20 ,0.50 ,,0.56 ,,1.916666647,26.94 ,2169.00 ,0.756386424,1.2534,65.14634424,68.85282668,22.84545517,16,9°00'N,79°33'W,"Medina-Vega, 2021, Journal of Ecology",near Panama City,Panama
493 ,Ang,Vitaceae,Vitis vinifera,-0.75 ,,,,,,2.699999988,11.29 ,598.00 ,0.592509912,0.6645,603.3775522,38.21785488,-2.052000046,27,45°47' N,3°09' E,"Cochard, 2005, Cochard, Physiologia Plantarum",Clermont-Ferrand,France
559 ,Ang,Vochysiaceae,Vochysia ferruginea,-0.67 ,3.18 ,,,0.56 ,,1.974999984,26.20 ,2501.00 ,0.620433427,2.4056,55.1326178,61.10977054,22.31999969,24,9°17' N,79°58' W,"De Guzman, 2020, Tree Physiology",near the Caribbean coast of Panama,Panama
1600 ,Ang,Vochysiaceae,Vochysia ferruginea,-1.83 ,4.14 ,0.21 ,,0.54 ,,1.974999984,26.20 ,2501.00 ,0.620433427,2.4056,55.1326178,61.10977054,22.31999969,24,9°17' N,79°58' W,"Medina-Vega, 2021, Journal of Ecology",near the Caribbean coast of Panama,Panama
1620 ,Ang,Vochysiaceae,Vochysia ferruginea,-1.00 ,,,,0.35 ,26.00 ,1.974999984,26.20 ,2501.00 ,0.620433427,2.4056,55.1326178,61.10977054,22.31999969,24,9°17' N,79°58' W,"Meinzer, 2008, Oecologia; Johnson, 2009, Tree Physiology; Santiago, 2004, Oecologia",near the Caribbean coast of Panama,Panama
320 ,Ang,Vochysiaceae,Vochysia thyrsoidea,,,,,0.42 ,6.60 ,1.816666663,20.44 ,1516.00 ,0.963975451,1.09,123.7480541,79.60995496,11.52799988,8,15°56' S,47°53' W,"Bucci, 2008, Brazilian Journal of Plant Physiology; Scholz, 2007, Plant Cell and Environment",south of Brasilia,Brazil
954 ,Ang,Vochysiaceae,Vochysia thyrsoidea,,,0.14 ,,0.47 ,,1.816666663,20.44 ,1516.00 ,0.963975451,1.0732,123.7480541,79.60995496,11.52799988,8,15°56'S,47°53'W,"Gotsch, 2010, Oecologia",cerrado of central Brazil,Brazil
955 ,Ang,Vochysiaceae,Vochysia tucanorum,,,0.48 ,,0.49 ,,1.816666663,20.44 ,1516.00 ,0.963975451,1.0732,123.7480541,79.60995496,11.52799988,8,15°56'S,47°53'W,"Gotsch, 2010, Oecologia",cerrado of central Brazil,Brazil
1946 ,Ang,Fabaceae,Vouacapoua americana,-3.00 ,2.39 ,0.95 ,,0.65 ,,1.724999984,26.11 ,2200.00 ,0.714118781,1.282,47.26106932,58.15009262,20.47200012,48,1°43'S,51°27'W,"Rowland, 2020, New Phytologist",eastern Amazonia,Brazil
621 ,Ang,Cunoniaceae,Weinmannia organensis,-2.10 ,,,,0.41 ,16.80 ,2.316666623,12.79 ,1908.00 ,0.576561968,1.778,299.2870573,65.81115372,1.95599997,37,22°42' S,45°25' W,"Eller, 2018, Plant, Cell and environment",SP,Brazil
1979 ,Ang,Fabaceae,Wisteria sinensis,-1.19 ,,,,0.62 ,,2.224999984,13.22 ,1284.00 ,0.550608952,1.2953,680.3336276,20.82444629,0.263999999,70,45°38'N,13°48''E,"Savi, 2019, Tree Physiology",Trieste,Italy
3063 ,Ang,Lythraceae,Woodfordia fruticosa,-3.00 ,4.43 ,0.41 ,,0.56 ,,1.241666675,21.73 ,1241.00 ,0.650657102,0.5667,418.0369268,86.52378798,10.16399956,13,23°27'N,102°10'E,"Zhu, 2018, Tree Physiology; Zhang, 2019, Forests",Yunnan province,China
417 ,Ang,Sapindaceae,Xanthoceras sorbifolium,-0.94 ,1.76 ,0.50 ,36.30 ,0.76 ,,2.791666687,12.90 ,750.00 ,0.833278615,0.7018,1029.416139,109.3542796,-7.93599987,8,35°46'N,117°47'E,"Chen, 2019, 2020, 2021, Tree Physiology","Xintai, Shandong province",China
700 ,Ang,Polygalaceae,Xanthophyllum flavescens,,,,213.90 ,0.43 ,26.42 ,1.266666651,21.56 ,1641.00 ,0.894353661,0.9726,335.0943307,76.6728934,11.23200035,16,21°41' N,101°25' E,"Fan, 2012, Journal of Ecology",Yunnan Province,China
2239 ,Ang,Polygalaceae,Xanthophyllum hainanense,-1.50 ,0.16 ,1.43 ,,0.77 ,,1.87499999,20.60 ,1835.00 ,0.759396395,1.3895,565.6792834,66.92045161,8.623999596,37,23°10' N,112°32' E,"This study; Zhu, 2013, Plant, Cell & Environment; Zhu, 2019, Tree Physiology",Guangdong Province,China
1245 ,Ang,Olacaceae,Ximenia americana,,,,,0.58 ,,1.950000008,26.56 ,879.00 ,1.02707824,0.5112,59.08015702,114.9634108,20.78000069,2,3°47'S,39°16'W,"Lima, 2018, New Phytologist",northeastern Brazil,Brazil
1023 ,Ang,Fabaceae,Xylia xylocarpa,,9.30 ,3.33 ,26.10 ,0.88 ,25.00 ,0.925000007,27.16 ,1998.00 ,1.128812466,1.4224,155.2808535,85.93263919,18.6079998,3,14°34'N,98°50'E,"Ishida, 2010, Tree Physiology",,Thailand
1802 ,Ang,Ericaceae,Xylococcus bicolor,-1.29 ,1.63 ,0.14 ,,0.74 ,,2.800000012,17.37 ,335.00 ,1.184487994,0.2555,500.2328626,87.24346036,3.43599987,2,33°29' N,117°09' W,"Pivovaroff, 2014, New Phytologist",Southern California,USA
901 ,Ang,Proteaceae,Xylomelum scottianum,,1.23 ,0.62 ,47.13 ,0.65 ,7.00 ,3.433333337,20.90 ,1400.00 ,1.018901775,0.7223,326.6472719,92.01642804,9.711999893,18,18°18' S,145°30' E,"Gleason, 2012, Functional Ecology; Blackman, 2014, Annals of Botany; Blackman, 2018, Annals of Botany","Einasleigh, northern queensland",Australia
2376 ,Ang,Annonaceae,Xylopia panamensis,-2.63 ,2.37 ,0.29 ,,,,1.650000006,26.79 ,2330.00 ,0.716664737,1.3739,67.82329313,69.04398102,22.50799942,19,9°10'N,79°07'W,"van der Sande, 2013, Oecologia",Isthmus of Panama,Panama
2809 ,Ang,Caprifoliaceae,Zabelia biflora,,,0.18 ,11.25 ,,,2.141666661,9.62 ,592.00 ,0.661215941,0.635,902.384731,79.18673104,-9.227999687,4,35°09'N,108°45'E,"Yin, 2019, Forests",Shaanxi Province,China
2995 ,Ang,Rutaceae,Zanthoxylum avicennae,-1.55 ,,,,,,1.866666645,20.60 ,1835.00 ,0.759396395,1.4258,565.6792834,66.92045161,8.623999596,37,23°10'N,112°31'E,"Zhu, 2018, Tree Physiology",Guangdong Province,China
418 ,Ang,Rutaceae,Zanthoxylum bungeanum,-3.57 ,0.51 ,0.16 ,48.00 ,0.59 ,,2.791666687,12.90 ,750.00 ,0.833278615,0.7018,1029.416139,109.3542796,-7.93599987,8,35°46'N,117°47'E,"Chen, 2019, 2020, 2021, Tree Physiology","Xintai, Shandong province",China
2156 ,Ang,Rutaceae,Zanthoxylum dimorphophyllum,,0.04 ,0.69 ,,0.69 ,,1.708333333,15.31 ,1184.00 ,0.558582058,1.1298,632.1588893,75.233605,1.911999941,18,26°15'N,105°80'E,This study,Guizhou Province,China
1523 ,Ang,Rutaceae,Zanthoxylum mongynum,,3.60 ,0.60 ,,0.55 ,,2.950000008,24.77 ,1143.00 ,0.998740338,0.6171,167.8732009,62.51391847,16.2159996,16,16°07' S,61°43' W,"Markesteijn et al, 2011a, 2011b","Near Conception, Santa Cruz",Bolivia
2996 ,Ang,Rutaceae,Zanthoxylum myriacanthum,-1.97 ,,,,,,1.866666645,20.60 ,1835.00 ,0.759396395,1.4258,565.6792834,66.92045161,8.623999596,37,23°10'N,112°31'E,"Zhu, 2018, Tree Physiology",Guangdong Province,China
2377 ,Ang,Rutaceae,Zanthoxylum panamense,-2.05 ,12.36 ,0.93 ,,,,1.650000006,26.79 ,2330.00 ,0.716664737,1.3739,67.82329313,69.04398102,22.50799942,19,9°10'N,79°07'W,"van der Sande, 2013, Oecologia",Isthmus of Panama,Panama
2170 ,Ang,Rutaceae,Zanthoxylum simulans,,1.99 ,1.13 ,,0.56 ,,2.383333345,14.83 ,1141.00 ,0.681450467,1.1928,885.8909326,59.00553992,-2.440000057,20,31°48'N,114°04'E,This study,Henan province,China
2482 ,Ang,Rutaceae,Zanthoxylum undulatifolium,,,0.42 ,,,,2.391666641,2.43 ,759.00 ,0.389803522,0.8267,661.8772376,97.80626751,-11.29199982,2,29°33'N,101°23'E,"Xu, 2020, New Phytologist",Sichuan province,China
389 ,Ang,Rhamnaceae,Ziziphus attopensis,-0.90 ,1.12 ,,51.23 ,,,1.450000008,19.61 ,1575.00 ,0.7831742,1.2463,355.3021639,76.07293498,9.543999672,18,21°54' N,101°46' E,"Chen, 2014, American Journal of Botany",Yunnan provience,China
3051 ,Ang,Rhamnaceae,Ziziphus attopensis,-0.92 ,,,,,,1.225000014,22.42 ,1640.00 ,0.894353661,0.8598,350.4611648,75.65033519,11.8760004,18,21°55'N,101°16'E,"Zhu, 2018, Tree Physiology; Yan, 2020, Biology Letters",Yuanan province,China
1246 ,Ang,Rhamnaceae,Ziziphus joazeiro,-3.35 ,,,,0.55 ,,1.950000008,26.56 ,879.00 ,1.02707824,0.5112,59.08015702,114.9634108,20.78000069,2,3°47'S,39°16'W,"Lima, 2018, New Phytologist",northeastern Brazil,Brazil
2810 ,Ang,Celastraceae,Ziziphus jujuba,,,0.33 ,29.74 ,,,2.141666661,9.62 ,592.00 ,0.661215941,0.635,902.384731,79.18673104,-9.227999687,4,35°09'N,108°45'E,"Yin, 2019, Forests",Shaanxi Province,China
148 ,Ang,Fabaceae,Zygia racemosa,-3.02 ,,,,,,1.166666687,26.44 ,2352.00 ,0.788916395,1.4227,44.22227014,42.47501585,21.47200012,81,2°37'S,60°13'W,"Barros, 2019, New Phytologist","Manaus, Amazonas",Brazil
1742 ,Ang,Fabaceae,Zygia racemosa,-4.10 ,,,,,,1.141666691,26.88 ,2216.00 ,0.839025411,1.3428,52.339996,49.8643603,22.24399948,59,03°08'S,59°53'W,"Oliveire, 2019, New Phytologist",Manaus,Brazil
1743 ,Ang,Fabaceae,Zygia ramiflora,-1.76 ,,,,,,1.141666691,26.88 ,2216.00 ,0.839025411,1.3428,52.339996,49.8643603,22.24399948,59,03°08'S,59°53'W,"Oliveire, 2019, New Phytologist",Manaus,Brazil
2312 ,Ang,Winteraceae,Zygogynum acsmithii,-2.70 ,0.57 ,,,0.58 ,,3.608333309,21.62 ,2237.00 ,0.684786795,1.9278,216.961688,34.82206279,14.89599991,107,22° 10' S,166° 57' E,"Trueba, 2017, Plant, Cell and Environment; Trueba, 2019, Journal of Experimental Botany",New Caledonia,France (Overseas territories)
279 ,Ang,Winteraceae ,Zygogynum baillonii,-3.00 ,0.43 ,0.31 ,20.79 ,,,3.900000016,19.33 ,2351.00 ,0.718162138,1.9001,192.9429245,29.3970836,12.20800018,110,22°02' S,166°28' E,"Brodribb & Feild, 2000, Plant, Cell and Environment; Hacke, 2007, International Journal of Plant Sciences",New Caledonia,France (Overseas territories)
735 ,Ang,Winteraceae,Zygogynum baillonii,,0.54 ,0.31 ,,,,3.524999976,20.34 ,2080.00 ,0.718162138,1.4162,199.6488682,29.13938773,13.28800011,90,22°03'S,166°26'E,"Field, 2000, International Journal of Plant Sciences","Province Sud, New Caledonia",France (Overseas territories)
991 ,Ang,Winteraceae,Zygogynum bicolor,-2.30 ,,,18.12 ,,,3.758333405,20.91 ,2034.00 ,0.741788052,1.3288,202.08654,35.17506099,13.80000019,84,21°37' S,165°52' E,"Hacke, 2007, International Journal of Plant Sciences","near Sarramea, New Caledonia",France (Overseas territories)
993 ,Ang,Winteraceae,Zygogynum crassifolium,-4.54 ,,,,0.66 ,,3.141666671,21.74 ,2137.00 ,0.684786795,1.7725,229.7005062,37.3057347,14.44000053,69,22°11' S,166°50' E,"Hacke, 2007, International Journal of Plant Sciences","south of Noumea, New Caledonia",France (Overseas territories)
2311 ,Ang,Winteraceae,Zygogynum crassifolium,-4.00 ,0.62 ,,,0.67 ,,3.166666667,21.63 ,2295.00 ,0.684786795,1.6432,225.4588888,36.74855702,14.47200012,92,22° 14' S,166° 48' E,"Trueba, 2017, Plant, Cell and Environment; Trueba, 2019, Journal of Experimental Botany",New Caledonia,France (Overseas territories)
992 ,Ang,Winteraceae,Zygogynum pancherii,-5.20 ,,,,0.63 ,,3.766666651,21.52 ,1940.00 ,0.670273025,1.2149,218.4992603,35.01139363,14.69999981,81,22°10' S,166°30' E,"Hacke, 2007, International Journal of Plant Sciences","near Noumea, New Caledonia",France (Overseas territories)
989 ,Ang,Winteraceae,Zygogynum pommiferum,-3.45 ,,,25.90 ,0.57 ,,3.791666706,21.12 ,1810.00 ,0.741788052,1.1821,204.6031403,33.04540497,13.88000011,74,21°35' S,165°46' E,"Hacke, 2007, International Journal of Plant Sciences","near Sarramea, New Caledonia",France (Overseas territories)
2313 ,Ang,Winteraceae,Zygogynum stipitatum,-2.40 ,0.33 ,,,0.46 ,,3.608333309,21.62 ,2237.00 ,0.684786795,1.9278,216.961688,34.82206279,14.89599991,107,22° 10' S,166° 57' E,"Trueba, 2017, Plant, Cell and Environment; Trueba, 2019, Journal of Experimental Botany",New Caledonia,France (Overseas territories)
2308 ,Ang,Winteraceae,Zygogynum thieghemii,-2.20 ,0.66 ,,,0.61 ,,4.933333357,19.11 ,2769.00 ,0.662711101,2.3716,182.0378957,24.83423299,12.4279995,140,21° 53' S,166° 25' E,"Trueba, 2017, Plant, Cell and Environment; Trueba, 2019, Journal of Experimental Botany",New Caledonia,France (Overseas territories)
,,,,,,,,,,,,,,,,,,,,,,,
,,,,,,,,,,,,,,,,,,,,,,,
,,,,,,,,,,,,,,,,,,,,,,,
,,,,,,,,,,,,,,,,,,,,,,,
,,,,,,,,,,,,,,,,,,,,,,,
,,,,,,,,,,,,,,,,,,,,,,,
,,,,,,,,,,,,,,,,,,,,,,,
,,,,,,,,,,,,,,,,,,,,,,,
,,,,,,,,,,,,,,,,,,,,,,,
,,,,,,,,,,,,,,,,,,,,,,,
,,,,,,,,,,,,,,,,,,,,,,,
,,,,,,,,,,,,,,,,,,,,,,,
,,,,,,,,,,,,,,,,,,,,,,,
,,,,,,,,,,,,,,,,,,,,,,,
,,,,,,,,,,,,,,,,,,,,,,,
,,,,,,,,,,,,,,,,,,,,,,,
,,,,,,,,,,,,,,,,,,,,,,,
,,,,,,,,,,,,,,,,,,,,,,,
,,,,,,,,,,,,,,,,,,,,,,,
,,,,,,,,,,,,,,,,,,,,,,,
,,,,,,,,,,,,,,,,,,,,,,,
,,,,,,,,,,,,,,,,,,,,,,,
,,,,,,,,,,,,,,,,,,,,,,,
,,,,,,,,,,,,,,,,,,,,,,,
,,,,,,,,,,,,,,,,,,,,,,,
,,,,,,,,,,,,,,,,,,,,,,,
,,,,,,,,,,,,,,,,,,,,,,,
,,,,,,,,,,,,,,,,,,,,,,,
,,,,,,,,,,,,,,,,,,,,,,,
,,,,,,,,,,,,,,,,,,,,,,,
,,,,,,,,,,,,,,,,,,,,,,,
,,,,,,,,,,,,,,,,,,,,,,,
,,,,,,,,,,,,,,,,,,,,,,,
,,,,,,,,,,,,,,,,,,,,,,,
,,,,,,,,,,,,,,,,,,,,,,,
,,,,,,,,,,,,,,,,,,,,,,,
,,,,,,,,,,,,,,,,,,,,,,,
,,,,,,,,,,,,,,,,,,,,,,,
,,,,,,,,,,,,,,,,,,,,,,,
,,,,,,,,,,,,,,,,,,,,,,,
,,,,,,,,,,,,,,,,,,,,,,,
,,,,,,,,,,,,,,,,,,,,,,,
,,,,,,,,,,,,,,,,,,,,,,,
,,,,,,,,,,,,,,,,,,,,,,,
,,,,,,,,,,,,,,,,,,,,,,,
,,,,,,,,,,,,,,,,,,,,,,,
,,,,,,,,,,,,,,,,,,,,,,,
,,,,,,,,,,,,,,,,,,,,,,,
,,,,,,,,,,,,,,,,,,,,,,,
,,,,,,,,,,,,,,,,,,,,,,,
,,,,,,,,,,,,,,,,,,,,,,,
,,,,,,,,,,,,,,,,,,,,,,,
,,,,,,,,,,,,,,,,,,,,,,,
,,,,,,,,,,,,,,,,,,,,,,,
,,,,,,,,,,,,,,,,,,,,,,,
,,,,,,,,,,,,,,,,,,,,,,,
,,,,,,,,,,,,,,,,,,,,,,,
,,,,,,,,,,,,,,,,,,,,,,,
,,,,,,,,,,,,,,,,,,,,,,,
,,,,,,,,,,,,,,,,,,,,,,,
,,,,,,,,,,,,,,,,,,,,,,,
,,,,,,,,,,,,,,,,,,,,,,,
,,,,,,,,,,,,,,,,,,,,,,,
,,,,,,,,,,,,,,,,,,,,,,,
,,,,,,,,,,,,,,,,,,,,,,,
,,,,,,,,,,,,,,,,,,,,,,,
,,,,,,,,,,,,,,,,,,,,,,,
,,,,,,,,,,,,,,,,,,,,,,,
,,,,,,,,,,,,,,,,,,,,,,,
,,,,,,,,,,,,,,,,,,,,,,,
,,,,,,,,,,,,,,,,,,,,,,,
,,,,,,,,,,,,,,,,,,,,,,,
,,,,,,,,,,,,,,,,,,,,,,,
,,,,,,,,,,,,,,,,,,,,,,,
,,,,,,,,,,,,,,,,,,,,,,,
,,,,,,,,,,,,,,,,,,,,,,,
,,,,,,,,,,,,,,,,,,,,,,,
,,,,,,,,,,,,,,,,,,,,,,,
,,,,,,,,,,,,,,,,,,,,,,,
,,,,,,,,,,,,,,,,,,,,,,,
,,,,,,,,,,,,,,,,,,,,,,,
,,,,,,,,,,,,,,,,,,,,,,,
,,,,,,,,,,,,,,,,,,,,,,,
,,,,,,,,,,,,,,,,,,,,,,,
,,,,,,,,,,,,,,,,,,,,,,,
,,,,,,,,,,,,,,,,,,,,,,,
,,,,,,,,,,,,,,,,,,,,,,,
,,,,,,,,,,,,,,,,,,,,,,,
,,,,,,,,,,,,,,,,,,,,,,,
,,,,,,,,,,,,,,,,,,,,,,,
,,,,,,,,,,,,,,,,,,,,,,,
,,,,,,,,,,,,,,,,,,,,,,,
,,,,,,,,,,,,,,,,,,,,,,,
,,,,,,,,,,,,,,,,,,,,,,,
,,,,,,,,,,,,,,,,,,,,,,,
,,,,,,,,,,,,,,,,,,,,,,,
,,,,,,,,,,,,,,,,,,,,,,,
,,,,,,,,,,,,,,,,,,,,,,,
,,,,,,,,,,,,,,,,,,,,,,,
,,,,,,,,,,,,,,,,,,,,,,,
,,,,,,,,,,,,,,,,,,,,,,,
,,,,,,,,,,,,,,,,,,,,,,,
,,,,,,,,,,,,,,,,,,,,,,,
,,,,,,,,,,,,,,,,,,,,,,,
,,,,,,,,,,,,,,,,,,,,,,,
,,,,,,,,,,,,,,,,,,,,,,,
,,,,,,,,,,,,,,,,,,,,,,,
,,,,,,,,,,,,,,,,,,,,,,,
,,,,,,,,,,,,,,,,,,,,,,,
,,,,,,,,,,,,,,,,,,,,,,,
,,,,,,,,,,,,,,,,,,,,,,,
,,,,,,,,,,,,,,,,,,,,,,,
,,,,,,,,,,,,,,,,,,,,,,,
,,,,,,,,,,,,,,,,,,,,,,,
,,,,,,,,,,,,,,,,,,,,,,,
,,,,,,,,,,,,,,,,,,,,,,,
,,,,,,,,,,,,,,,,,,,,,,,
,,,,,,,,,,,,,,,,,,,,,,,
,,,,,,,,,,,,,,,,,,,,,,,
,,,,,,,,,,,,,,,,,,,,,,,
,,,,,,,,,,,,,,,,,,,,,,,
,,,,,,,,,,,,,,,,,,,,,,,
,,,,,,,,,,,,,,,,,,,,,,,
,,,,,,,,,,,,,,,,,,,,,,,
,,,,,,,,,,,,,,,,,,,,,,,
,,,,,,,,,,,,,,,,,,,,,,,
,,,,,,,,,,,,,,,,,,,,,,,
,,,,,,,,,,,,,,,,,,,,,,,
,,,,,,,,,,,,,,,,,,,,,,,
,,,,,,,,,,,,,,,,,,,,,,,
,,,,,,,,,,,,,,,,,,,,,,,
,,,,,,,,,,,,,,,,,,,,,,,
,,,,,,,,,,,,,,,,,,,,,,,
,,,,,,,,,,,,,,,,,,,,,,,
,,,,,,,,,,,,,,,,,,,,,,,
,,,,,,,,,,,,,,,,,,,,,,,
,,,,,,,,,,,,,,,,,,,,,,,
,,,,,,,,,,,,,,,,,,,,,,,
,,,,,,,,,,,,,,,,,,,,,,,
,,,,,,,,,,,,,,,,,,,,,,,
,,,,,,,,,,,,,,,,,,,,,,,
,,,,,,,,,,,,,,,,,,,,,,,
,,,,,,,,,,,,,,,,,,,,,,,
,,,,,,,,,,,,,,,,,,,,,,,
,,,,,,,,,,,,,,,,,,,,,,,
,,,,,,,,,,,,,,,,,,,,,,,
,,,,,,,,,,,,,,,,,,,,,,,
,,,,,,,,,,,,,,,,,,,,,,,
,,,,,,,,,,,,,,,,,,,,,,,
,,,,,,,,,,,,,,,,,,,,,,,
,,,,,,,,,,,,,,,,,,,,,,,
,,,,,,,,,,,,,,,,,,,,,,,
,,,,,,,,,,,,,,,,,,,,,,,
,,,,,,,,,,,,,,,,,,,,,,,
,,,,,,,,,,,,,,,,,,,,,,,
,,,,,,,,,,,,,,,,,,,,,,,
,,,,,,,,,,,,,,,,,,,,,,,
,,,,,,,,,,,,,,,,,,,,,,,
,,,,,,,,,,,,,,,,,,,,,,,
,,,,,,,,,,,,,,,,,,,,,,,
,,,,,,,,,,,,,,,,,,,,,,,
,,,,,,,,,,,,,,,,,,,,,,,
,,,,,,,,,,,,,,,,,,,,,,,
,,,,,,,,,,,,,,,,,,,,,,,
,,,,,,,,,,,,,,,,,,,,,,,
,,,,,,,,,,,,,,,,,,,,,,,
,,,,,,,,,,,,,,,,,,,,,,,
,,,,,,,,,,,,,,,,,,,,,,,
,,,,,,,,,,,,,,,,,,,,,,,
,,,,,,,,,,,,,,,,,,,,,,,
,,,,,,,,,,,,,,,,,,,,,,,
,,,,,,,,,,,,,,,,,,,,,,,
,,,,,,,,,,,,,,,,,,,,,,,
,,,,,,,,,,,,,,,,,,,,,,,
,,,,,,,,,,,,,,,,,,,,,,,
,,,,,,,,,,,,,,,,,,,,,,,
,,,,,,,,,,,,,,,,,,,,,,,
,,,,,,,,,,,,,,,,,,,,,,,
,,,,,,,,,,,,,,,,,,,,,,,
,,,,,,,,,,,,,,,,,,,,,,,
,,,,,,,,,,,,,,,,,,,,,,,
,,,,,,,,,,,,,,,,,,,,,,,
,,,,,,,,,,,,,,,,,,,,,,,
,,,,,,,,,,,,,,,,,,,,,,,
,,,,,,,,,,,,,,,,,,,,,,,
